Writing diagnostic log to: /home/rosmatch/colcon_ws/src/match_mobile_robotics_jazzy/logs/check_multi_mur620_moveit_20260521_134250.log
Workspace: /home/rosmatch/colcon_ws
ROS_DOMAIN_ID: 62
Robots: mur620a mur620b

== Processes ==
783261 /usr/bin/python3 /opt/ros/jazzy/bin/ros2 launch mur_launch_sim multi_mur620.launch.py launch_moveit:=true launch_rviz:=true moveit_robot:=all
783494 /opt/ros/jazzy/lib/robot_state_publisher/robot_state_publisher --ros-args -r __node:=mur620a_rsp -r __ns:=/mur620a --params-file /tmp/launch_params_05tthp8n --params-file /tmp/launch_params_rxonnqc_ --params-file /tmp/launch_params_in96qmdq
783495 /opt/ros/jazzy/lib/robot_state_publisher/robot_state_publisher --ros-args -r __node:=mur620a_global_rsp --params-file /tmp/launch_params__p64kfvp --params-file /tmp/launch_params_635hkmk_ --params-file /tmp/launch_params_r95jxsbu -r /tf:=unused_tf -r /tf_static:=unused_tf_static
784165 /opt/ros/jazzy/lib/moveit_ros_move_group/move_group --ros-args -r __ns:=/mur620a --params-file /tmp/launch_params_a1scikj7 --params-file /tmp/launch_params_xyn3ltgb --params-file /tmp/launch_params_07leglri --params-file /tmp/launch_params_wzl93iem
785842 /opt/ros/jazzy/lib/robot_state_publisher/robot_state_publisher --ros-args -r __node:=mur620b_rsp -r __ns:=/mur620b --params-file /tmp/launch_params_dhvqesms --params-file /tmp/launch_params__vyig_an --params-file /tmp/launch_params_b3s2afvj
785843 /opt/ros/jazzy/lib/robot_state_publisher/robot_state_publisher --ros-args -r __node:=mur620b_global_rsp --params-file /tmp/launch_params_3n0cx8av --params-file /tmp/launch_params_snefk573 --params-file /tmp/launch_params_ssj32j84 -r /tf:=unused_tf -r /tf_static:=unused_tf_static
786302 /opt/ros/jazzy/lib/rviz2/rviz2 -d /tmp/multi_mur620_mur620a.rviz --ros-args --log-level warn --ros-args -r __node:=rviz2_mur620a_moveit --params-file /tmp/launch_params_ybb8_zg2 --params-file /tmp/launch_params_3if4mnhe --params-file /tmp/launch_params_pqz8lgz_
786333 /opt/ros/jazzy/lib/moveit_ros_move_group/move_group --ros-args -r __ns:=/mur620b --params-file /tmp/launch_params_g9o7a7eo --params-file /tmp/launch_params_w8ntw6mt --params-file /tmp/launch_params_vw__e231 --params-file /tmp/launch_params_x2h4_uhh
787688 /opt/ros/jazzy/lib/rviz2/rviz2 -d /tmp/multi_mur620_mur620b.rviz --ros-args --log-level warn --ros-args -r __node:=rviz2_mur620b_moveit --params-file /tmp/launch_params_9braeyd8 --params-file /tmp/launch_params_xwf9n9mg --params-file /tmp/launch_params_1qmby5ho

 783400  783334  249  3.8       01:50 gz sim server
 786333  783261 72.0  1.0       01:36 /opt/ros/jazzy/lib/moveit_ros_move_group/move_group --ros-args -r __ns:=/mur620b --params-file /tmp/launch_params_g9o7a7eo --params-file /tmp/launch_params_w8ntw6mt --params-file /tmp/launch_params_vw__e231 --params-file /tmp/launch_params_x2h4_uhh
 783401  783334 67.4  3.1       01:50 gz sim gui
 787688  783261 61.4  3.0       01:24 /opt/ros/jazzy/lib/rviz2/rviz2 -d /tmp/multi_mur620_mur620b.rviz --ros-args --log-level warn --ros-args -r __node:=rviz2_mur620b_moveit --params-file /tmp/launch_params_9braeyd8 --params-file /tmp/launch_params_xwf9n9mg --params-file /tmp/launch_params_1qmby5ho
 786302  783261 55.8  2.9       01:36 /opt/ros/jazzy/lib/rviz2/rviz2 -d /tmp/multi_mur620_mur620a.rviz --ros-args --log-level warn --ros-args -r __node:=rviz2_mur620a_moveit --params-file /tmp/launch_params_ybb8_zg2 --params-file /tmp/launch_params_3if4mnhe --params-file /tmp/launch_params_pqz8lgz_
 784165  783261 32.1  1.0       01:48 /opt/ros/jazzy/lib/moveit_ros_move_group/move_group --ros-args -r __ns:=/mur620a --params-file /tmp/launch_params_a1scikj7 --params-file /tmp/launch_params_xyn3ltgb --params-file /tmp/launch_params_07leglri --params-file /tmp/launch_params_wzl93iem
 783494  783261  8.1  0.1       01:50 /opt/ros/jazzy/lib/robot_state_publisher/robot_state_publisher --ros-args -r __node:=mur620a_rsp -r __ns:=/mur620a --params-file /tmp/launch_params_05tthp8n --params-file /tmp/launch_params_rxonnqc_ --params-file /tmp/launch_params_in96qmdq
 785842  783261  7.8  0.1       01:38 /opt/ros/jazzy/lib/robot_state_publisher/robot_state_publisher --ros-args -r __node:=mur620b_rsp -r __ns:=/mur620b --params-file /tmp/launch_params_dhvqesms --params-file /tmp/launch_params__vyig_an --params-file /tmp/launch_params_b3s2afvj
 783495  783261  7.1  0.1       01:50 /opt/ros/jazzy/lib/robot_state_publisher/robot_state_publisher --ros-args -r __node:=mur620a_global_rsp --params-file /tmp/launch_params__p64kfvp --params-file /tmp/launch_params_635hkmk_ --params-file /tmp/launch_params_r95jxsbu -r /tf:=unused_tf -r /tf_static:=unused_tf_static
 785843  783261  7.0  0.1       01:38 /opt/ros/jazzy/lib/robot_state_publisher/robot_state_publisher --ros-args -r __node:=mur620b_global_rsp --params-file /tmp/launch_params_3n0cx8av --params-file /tmp/launch_params_snefk573 --params-file /tmp/launch_params_ssj32j84 -r /tf:=unused_tf -r /tf_static:=unused_tf_static
 783334  783332  0.0  0.1       01:51 gz sim scale.world -v 4 -r
 783332  783261  0.0  0.0       01:51 /bin/sh -c ruby /opt/ros/jazzy/opt/gz_tools_vendor/bin/gz sim scale.world -v 4 -r --force-version 8

== Core Graph ==

$ ros2 node list --no-daemon
/mur620a_jparse_velocity_controller_r
/mur620a_moveit_controller_proxy_r
/mur620b/amcl
/mur620b/move_group
/mur620b/move_group_private_110945556900512
/mur620b/moveit
/mur620b/moveit_3794895413
/mur620b/moveit_simple_controller_manager
/mur620b/transform_listener_impl_64e786e1e130
/mur620b_ground_truth
/mur620b_jparse_move_l
/mur620b_jparse_simple_goal_l
/mur620b_jparse_velocity_controller_l
/mur620b_jparse_velocity_controller_r
/mur620b_moveit_descriptions
/mur620b_moveit_lift_controller_proxy_l

$ ros2 topic list --no-daemon
/clock
/mur620a/forward_velocity_controller_r/commands
/mur620a/lift_controller_r/commands
/mur620a/robot_description
/mur620b/b_scan
/mur620b/f_scan
/mur620b/robot_description
/parameter_events
/rosout
/tf
/tf_static

$ ros2 action list
/mur620a/execute_trajectory
/mur620a/joint_trajectory_controller_l/follow_joint_trajectory
/mur620a/joint_trajectory_controller_lift_l/follow_joint_trajectory
/mur620a/joint_trajectory_controller_lift_r/follow_joint_trajectory
/mur620a/joint_trajectory_controller_r/follow_joint_trajectory
/mur620a/jparse_move_l
/mur620a/jparse_move_r
/mur620a/move_action
/mur620a/moveit_joint_trajectory_controller_l/follow_joint_trajectory
/mur620a/moveit_joint_trajectory_controller_lift_l/follow_joint_trajectory
/mur620a/moveit_joint_trajectory_controller_lift_r/follow_joint_trajectory
/mur620a/moveit_joint_trajectory_controller_r/follow_joint_trajectory
/mur620b/execute_trajectory
/mur620b/joint_trajectory_controller_l/follow_joint_trajectory
/mur620b/joint_trajectory_controller_lift_l/follow_joint_trajectory
/mur620b/joint_trajectory_controller_lift_r/follow_joint_trajectory
/mur620b/joint_trajectory_controller_r/follow_joint_trajectory
/mur620b/jparse_move_l
/mur620b/jparse_move_r
/mur620b/move_action
/mur620b/moveit_joint_trajectory_controller_l/follow_joint_trajectory
/mur620b/moveit_joint_trajectory_controller_lift_l/follow_joint_trajectory
/mur620b/moveit_joint_trajectory_controller_lift_r/follow_joint_trajectory
/mur620b/moveit_joint_trajectory_controller_r/follow_joint_trajectory

== MoveIt Topics ==

$ ros2 topic info /mur620a/monitored_planning_scene --verbose
Type: moveit_msgs/msg/PlanningScene

Publisher count: 1

Node name: move_group_private_105271478833120
Node namespace: /mur620a
Topic type: moveit_msgs/msg/PlanningScene
Topic type hash: RIHS01_0f58540ad5eab4b9ea827d53b763c793d8cabd202b3b301fcee25afa4ce1bd80
Endpoint type: PUBLISHER
GID: 01.0f.f6.e2.25.f7.7e.cc.00.00.00.00.00.00.57.03
QoS profile:
  Reliability: RELIABLE
  History (Depth): UNKNOWN
  Durability: VOLATILE
  Lifespan: Infinite
  Deadline: Infinite
  Liveliness: AUTOMATIC
  Liveliness lease duration: Infinite

Subscription count: 1

Node name: rviz2_mur620a_moveit_private_128216138206256
Node namespace: /
Topic type: moveit_msgs/msg/PlanningScene
Topic type hash: RIHS01_0f58540ad5eab4b9ea827d53b763c793d8cabd202b3b301fcee25afa4ce1bd80
Endpoint type: SUBSCRIPTION
GID: 01.0f.f6.e2.7e.ff.18.e1.00.00.00.00.00.00.ae.04
QoS profile:
  Reliability: RELIABLE
  History (Depth): UNKNOWN
  Durability: VOLATILE
  Lifespan: Infinite
  Deadline: Infinite
  Liveliness: AUTOMATIC
  Liveliness lease duration: Infinite


$ ros2 topic info /mur620a/display_planned_path --verbose
Type: moveit_msgs/msg/DisplayTrajectory

Publisher count: 2

Node name: move_group
Node namespace: /mur620a
Topic type: moveit_msgs/msg/DisplayTrajectory
Topic type hash: RIHS01_dd351cbd6d9986eb019306910ec09236a136a02dbc0b3465707cb62f2d56e22b
Endpoint type: PUBLISHER
GID: 01.0f.f6.e2.25.f7.7e.cc.00.00.00.00.00.00.61.03
QoS profile:
  Reliability: RELIABLE
  History (Depth): UNKNOWN
  Durability: TRANSIENT_LOCAL
  Lifespan: Infinite
  Deadline: Infinite
  Liveliness: AUTOMATIC
  Liveliness lease duration: Infinite

Node name: move_group
Node namespace: /mur620a
Topic type: moveit_msgs/msg/DisplayTrajectory
Topic type hash: RIHS01_dd351cbd6d9986eb019306910ec09236a136a02dbc0b3465707cb62f2d56e22b
Endpoint type: PUBLISHER
GID: 01.0f.f6.e2.25.f7.7e.cc.00.00.00.00.00.00.9d.03
QoS profile:
  Reliability: RELIABLE
  History (Depth): UNKNOWN
  Durability: VOLATILE
  Lifespan: Infinite
  Deadline: Infinite
  Liveliness: AUTOMATIC
  Liveliness lease duration: Infinite

Subscription count: 1

Node name: rviz2_mur620a_moveit
Node namespace: /
Topic type: moveit_msgs/msg/DisplayTrajectory
Topic type hash: RIHS01_dd351cbd6d9986eb019306910ec09236a136a02dbc0b3465707cb62f2d56e22b
Endpoint type: SUBSCRIPTION
GID: 01.0f.f6.e2.7e.ff.18.e1.00.00.00.00.00.00.af.04
QoS profile:
  Reliability: RELIABLE
  History (Depth): UNKNOWN
  Durability: VOLATILE
  Lifespan: Infinite
  Deadline: Infinite
  Liveliness: AUTOMATIC
  Liveliness lease duration: Infinite


$ ros2 topic info /mur620b/monitored_planning_scene --verbose
Type: moveit_msgs/msg/PlanningScene

Publisher count: 1

Node name: move_group_private_110945556900512
Node namespace: /mur620b
Topic type: moveit_msgs/msg/PlanningScene
Topic type hash: RIHS01_0f58540ad5eab4b9ea827d53b763c793d8cabd202b3b301fcee25afa4ce1bd80
Endpoint type: PUBLISHER
GID: 01.0f.f6.e2.9d.ff.aa.96.00.00.00.00.00.00.57.03
QoS profile:
  Reliability: RELIABLE
  History (Depth): UNKNOWN
  Durability: VOLATILE
  Lifespan: Infinite
  Deadline: Infinite
  Liveliness: AUTOMATIC
  Liveliness lease duration: Infinite

Subscription count: 1

Node name: rviz2_mur620b_moveit_private_125908801404624
Node namespace: /
Topic type: moveit_msgs/msg/PlanningScene
Topic type hash: RIHS01_0f58540ad5eab4b9ea827d53b763c793d8cabd202b3b301fcee25afa4ce1bd80
Endpoint type: SUBSCRIPTION
GID: 01.0f.f6.e2.e8.04.9a.16.00.00.00.00.00.00.ae.04
QoS profile:
  Reliability: RELIABLE
  History (Depth): UNKNOWN
  Durability: VOLATILE
  Lifespan: Infinite
  Deadline: Infinite
  Liveliness: AUTOMATIC
  Liveliness lease duration: Infinite


$ ros2 topic info /mur620b/display_planned_path --verbose
Type: moveit_msgs/msg/DisplayTrajectory

Publisher count: 2

Node name: move_group
Node namespace: /mur620b
Topic type: moveit_msgs/msg/DisplayTrajectory
Topic type hash: RIHS01_dd351cbd6d9986eb019306910ec09236a136a02dbc0b3465707cb62f2d56e22b
Endpoint type: PUBLISHER
GID: 01.0f.f6.e2.9d.ff.aa.96.00.00.00.00.00.00.61.03
QoS profile:
  Reliability: RELIABLE
  History (Depth): UNKNOWN
  Durability: TRANSIENT_LOCAL
  Lifespan: Infinite
  Deadline: Infinite
  Liveliness: AUTOMATIC
  Liveliness lease duration: Infinite

Node name: move_group
Node namespace: /mur620b
Topic type: moveit_msgs/msg/DisplayTrajectory
Topic type hash: RIHS01_dd351cbd6d9986eb019306910ec09236a136a02dbc0b3465707cb62f2d56e22b
Endpoint type: PUBLISHER
GID: 01.0f.f6.e2.9d.ff.aa.96.00.00.00.00.00.00.9d.03
QoS profile:
  Reliability: RELIABLE
  History (Depth): UNKNOWN
  Durability: VOLATILE
  Lifespan: Infinite
  Deadline: Infinite
  Liveliness: AUTOMATIC
  Liveliness lease duration: Infinite

Subscription count: 1

Node name: rviz2_mur620b_moveit
Node namespace: /
Topic type: moveit_msgs/msg/DisplayTrajectory
Topic type hash: RIHS01_dd351cbd6d9986eb019306910ec09236a136a02dbc0b3465707cb62f2d56e22b
Endpoint type: SUBSCRIPTION
GID: 01.0f.f6.e2.e8.04.9a.16.00.00.00.00.00.00.af.04
QoS profile:
  Reliability: RELIABLE
  History (Depth): UNKNOWN
  Durability: VOLATILE
  Lifespan: Infinite
  Deadline: Infinite
  Liveliness: AUTOMATIC
  Liveliness lease duration: Infinite


$ ros2 topic info /monitored_planning_scene --verbose
Type: moveit_msgs/msg/PlanningScene

Publisher count: 2

Node name: rviz2_mur620a_moveit_private_128216138206256
Node namespace: /
Topic type: moveit_msgs/msg/PlanningScene
Topic type hash: RIHS01_0f58540ad5eab4b9ea827d53b763c793d8cabd202b3b301fcee25afa4ce1bd80
Endpoint type: PUBLISHER
GID: 01.0f.f6.e2.7e.ff.18.e1.00.00.00.00.00.00.ad.03
QoS profile:
  Reliability: RELIABLE
  History (Depth): UNKNOWN
  Durability: VOLATILE
  Lifespan: Infinite
  Deadline: Infinite
  Liveliness: AUTOMATIC
  Liveliness lease duration: Infinite

Node name: rviz2_mur620b_moveit_private_125908801404624
Node namespace: /
Topic type: moveit_msgs/msg/PlanningScene
Topic type hash: RIHS01_0f58540ad5eab4b9ea827d53b763c793d8cabd202b3b301fcee25afa4ce1bd80
Endpoint type: PUBLISHER
GID: 01.0f.f6.e2.e8.04.9a.16.00.00.00.00.00.00.ad.03
QoS profile:
  Reliability: RELIABLE
  History (Depth): UNKNOWN
  Durability: VOLATILE
  Lifespan: Infinite
  Deadline: Infinite
  Liveliness: AUTOMATIC
  Liveliness lease duration: Infinite

Subscription count: 0


$ ros2 topic info /display_planned_path --verbose
Unknown topic '/display_planned_path'

== MoveIt mur620a ==
-- Nodes
WARNING: Be aware that there are nodes in the graph that share an exact name, which can have unintended side effects.
/mur620a_moveit_controller_proxy_l
/mur620a_moveit_controller_proxy_r
/mur620a_moveit_lift_controller_proxy_r
/rviz2_mur620a_moveit
/rviz2_mur620a_moveit
/rviz2_mur620a_moveit_private_128216138206256
-- MoveIt action

$ ros2 action info /mur620a/move_action
Action: /mur620a/move_action
Action clients: 2
    /rviz2_mur620a_moveit
    /rviz2_mur620a_moveit
Action servers: 1
    /mur620a/move_group
-- Robot descriptions
robot_description chars: 73037
robot_description_semantic chars: 44989
-- MoveIt core params

$ ros2 param get /mur620a/move_group planning_pipelines
String values are: ['ompl']

$ ros2 param get /mur620a/move_group default_planning_pipeline
String value is: ompl

$ ros2 param get /mur620a/move_group robot_description_kinematics.UR_arm_l.kinematics_solver
String value is: kdl_kinematics_plugin/KDLKinematicsPlugin

$ ros2 param get /mur620a/move_group robot_description_kinematics.UR_arm_r.kinematics_solver
String value is: kdl_kinematics_plugin/KDLKinematicsPlugin

$ ros2 param get /mur620a/move_group robot_description_planning.joint_limits.UR10_l/shoulder_pan_joint.max_velocity
Double value is: 2.09439510239
-- Controllers
[INFO] [1779363798.103044770] [_ros2cli_796174]: waiting for service /mur620a/controller_manager/list_controllers to become available...
lift_controller_l                  position_controllers/JointGroupPositionController      inactive
lift_effort_controller_l           effort_controllers/JointGroupEffortController          active  
forward_velocity_controller_l      velocity_controllers/JointGroupVelocityController      active  
joint_trajectory_controller_r      joint_trajectory_controller/JointTrajectoryController  inactive
joint_trajectory_controller_l      joint_trajectory_controller/JointTrajectoryController  inactive
forward_velocity_controller_r      velocity_controllers/JointGroupVelocityController      active  
joint_trajectory_controller_lift_l joint_trajectory_controller/JointTrajectoryController  inactive
mobile_base_controller             diff_drive_controller/DiffDriveController              active  
lift_effort_controller_r           effort_controllers/JointGroupEffortController          active  
lift_controller_r                  position_controllers/JointGroupPositionController      inactive
joint_trajectory_controller_lift_r joint_trajectory_controller/JointTrajectoryController  inactive
joint_state_broadcaster            joint_state_broadcaster/JointStateBroadcaster          active  
-- Joint states

$ ros2 topic info /mur620a/joint_states --verbose
Type: sensor_msgs/msg/JointState

Publisher count: 1

Node name: joint_state_broadcaster
Node namespace: /mur620a
Topic type: sensor_msgs/msg/JointState
Topic type hash: RIHS01_a13ee3a330e346c9d87b5aa18d24e11690752bd33a0350f11c5882bc9179260e
Endpoint type: PUBLISHER
GID: 01.0f.f6.e2.28.f4.d1.26.00.00.00.00.00.00.60.03
QoS profile:
  Reliability: RELIABLE
  History (Depth): UNKNOWN
  Durability: TRANSIENT_LOCAL
  Lifespan: Infinite
  Deadline: Infinite
  Liveliness: AUTOMATIC
  Liveliness lease duration: Infinite

Subscription count: 8

Node name: move_group_private_105271478833120
Node namespace: /mur620a
Topic type: sensor_msgs/msg/JointState
Topic type hash: RIHS01_a13ee3a330e346c9d87b5aa18d24e11690752bd33a0350f11c5882bc9179260e
Endpoint type: SUBSCRIPTION
GID: 01.0f.f6.e2.25.f7.7e.cc.00.00.00.00.00.00.55.04
QoS profile:
  Reliability: BEST_EFFORT
  History (Depth): UNKNOWN
  Durability: VOLATILE
  Lifespan: Infinite
  Deadline: Infinite
  Liveliness: AUTOMATIC
  Liveliness lease duration: Infinite

Node name: mur620a_rsp
Node namespace: /mur620a
Topic type: sensor_msgs/msg/JointState
Topic type hash: RIHS01_a13ee3a330e346c9d87b5aa18d24e11690752bd33a0350f11c5882bc9179260e
Endpoint type: SUBSCRIPTION
GID: 01.0f.f6.e2.86.f4.c5.1d.00.00.00.00.00.00.18.04
QoS profile:
  Reliability: BEST_EFFORT
  History (Depth): UNKNOWN
  Durability: VOLATILE
  Lifespan: Infinite
  Deadline: Infinite
  Liveliness: AUTOMATIC
  Liveliness lease duration: Infinite

Node name: mur620a_lift_effort_position_controller_l
Node namespace: /
Topic type: sensor_msgs/msg/JointState
Topic type hash: RIHS01_a13ee3a330e346c9d87b5aa18d24e11690752bd33a0350f11c5882bc9179260e
Endpoint type: SUBSCRIPTION
GID: 01.0f.f6.e2.89.f4.02.5c.00.00.00.00.00.00.16.04
QoS profile:
  Reliability: RELIABLE
  History (Depth): UNKNOWN
  Durability: VOLATILE
  Lifespan: Infinite
  Deadline: Infinite
  Liveliness: AUTOMATIC
  Liveliness lease duration: Infinite

Node name: mur620a_lift_effort_position_controller_r
Node namespace: /
Topic type: sensor_msgs/msg/JointState
Topic type hash: RIHS01_a13ee3a330e346c9d87b5aa18d24e11690752bd33a0350f11c5882bc9179260e
Endpoint type: SUBSCRIPTION
GID: 01.0f.f6.e2.8a.f4.d2.a1.00.00.00.00.00.00.16.04
QoS profile:
  Reliability: RELIABLE
  History (Depth): UNKNOWN
  Durability: VOLATILE
  Lifespan: Infinite
  Deadline: Infinite
  Liveliness: AUTOMATIC
  Liveliness lease duration: Infinite

Node name: mur620a_jparse_velocity_controller_l
Node namespace: /
Topic type: sensor_msgs/msg/JointState
Topic type hash: RIHS01_a13ee3a330e346c9d87b5aa18d24e11690752bd33a0350f11c5882bc9179260e
Endpoint type: SUBSCRIPTION
GID: 01.0f.f6.e2.a9.f8.e4.c8.00.00.00.00.00.00.19.04
QoS profile:
  Reliability: BEST_EFFORT
  History (Depth): UNKNOWN
  Durability: VOLATILE
  Lifespan: Infinite
  Deadline: Infinite
  Liveliness: AUTOMATIC
  Liveliness lease duration: Infinite

Node name: mur620a_jparse_velocity_controller_r
Node namespace: /
Topic type: sensor_msgs/msg/JointState
Topic type hash: RIHS01_a13ee3a330e346c9d87b5aa18d24e11690752bd33a0350f11c5882bc9179260e
Endpoint type: SUBSCRIPTION
GID: 01.0f.f6.e2.aa.f8.b5.c1.00.00.00.00.00.00.19.04
QoS profile:
  Reliability: BEST_EFFORT
  History (Depth): UNKNOWN
  Durability: VOLATILE
  Lifespan: Infinite
  Deadline: Infinite
  Liveliness: AUTOMATIC
  Liveliness lease duration: Infinite

Node name: mur620a_jparse_move_l
Node namespace: /
Topic type: sensor_msgs/msg/JointState
Topic type hash: RIHS01_a13ee3a330e346c9d87b5aa18d24e11690752bd33a0350f11c5882bc9179260e
Endpoint type: SUBSCRIPTION
GID: 01.0f.f6.e2.ab.f8.39.08.00.00.00.00.00.00.15.04
QoS profile:
  Reliability: BEST_EFFORT
  History (Depth): UNKNOWN
  Durability: VOLATILE
  Lifespan: Infinite
  Deadline: Infinite
  Liveliness: AUTOMATIC
  Liveliness lease duration: Infinite

Node name: mur620a_jparse_move_r
Node namespace: /
Topic type: sensor_msgs/msg/JointState
Topic type hash: RIHS01_a13ee3a330e346c9d87b5aa18d24e11690752bd33a0350f11c5882bc9179260e
Endpoint type: SUBSCRIPTION
GID: 01.0f.f6.e2.ac.f8.e0.e6.00.00.00.00.00.00.15.04
QoS profile:
  Reliability: BEST_EFFORT
  History (Depth): UNKNOWN
  Durability: VOLATILE
  Lifespan: Infinite
  Deadline: Infinite
  Liveliness: AUTOMATIC
  Liveliness lease duration: Infinite

A message was lost!!!
	total count change:1
	total count: 1---
header:
  stamp:
    sec: 95
    nanosec: 670000000
  frame_id: base_link
name:
- UR10_l/elbow_joint
- UR10_l/shoulder_lift_joint
- UR10_l/shoulder_pan_joint
- UR10_l/wrist_1_joint
- UR10_l/wrist_2_joint
- UR10_l/wrist_3_joint
- UR10_r/elbow_joint
- UR10_r/shoulder_lift_joint
- UR10_r/shoulder_pan_joint
- UR10_r/wrist_1_joint
- UR10_r/wrist_2_joint
- UR10_r/wrist_3_joint
- bl_caster_rotation_joint
- bl_caster_wheel_joint
- br_caster_rotation_joint
- br_caster_wheel_joint
- fl_caster_rotation_joint
- fl_caster_wheel_joint
- fr_caster_rotation_joint
- fr_caster_wheel_joint
- left_lift_joint
- left_wheel_joint
- right_lift_joint
- right_wheel_joint
position:
- -1.6147053813538739
- -1.5707963279158856
- 4.5508579014471124e-17
- -1.5707963394084803
- 1.5707963267900027
- 4.480967905891219e-18
- -1.6147213961203064
- -1.5707963279158748
- 3.1415926535900023
- -1.5707963397269316
- -1.5707963267900027
- 4.519079030186933e-17
- 0.10155079931868345
- -4.2840503583900094e-09
- 0.09936185985296042
- -1.0319904395405993e-08
- 0.15210547476618239
- -3.8697083324635795e-08
- 0.14900667595951358
- -3.444533333988676e-08
- 2.4265315475949516e-12
- -6.124033841669972e-16
- 2.852169294502753e-12
- 4.876823837567425e-17
velocity:
- -4.6297219530311295e-11
- -1.1784381630242091e-11
- -3.903127820947816e-18
- -1.3189426981141672e-10
- 1.3877787807814457e-17
- -2.168404344971009e-19
- -4.0817977470242184e-11
- -1.1739642244434911e-11
- -8.673617379884035e-19
- -1.353165010598012e-10
- 1.474514954580286e-17
- -1.734723475976807e-18
- 0.0010471610537270831
- 7.098925180332172e-11
- 0.0009915290269895747
- -1.397713680906243e-10
- 0.0016783879009406712
- -1.2180727069349695e-09
- 0.0015936410770404363
- -1.1513575661446784e-09
- 3.197442310920451e-14
- 6.938893903907228e-18
- 3.128226844228976e-14
- -2.168404344971009e-18
effort:
- 42.46083341599049
- 42.46083340330186
- 4.375128797605757e-08
- 3.2400667733731954
- 2.4424025323732364e-10
- -1.4372613342528324e-14
- 42.53939128377125
- 42.53939127094939
- 4.3671570401908767e-08
- 3.318652241216505
- -2.368308849252047e-10
- 1.4377700419121624e-14
- .nan
- .nan
- .nan
- .nan
- .nan
- .nan
- .nan
- .nan
- 334.21920000303044
- .nan
- 334.21920002418227
- .nan
---
-- Current TF for MoveIt base
[INFO] [1779363805.821779175] [tf2_echo]: Waiting for transform map ->  mur620a/base_footprint: Invalid frame ID "map" passed to canTransform argument target_frame - frame does not exist
[INFO] [1779363807.788114934] [tf2_echo]: Waiting for transform map ->  mur620a/base_footprint: Could not find a connection between 'map' and 'mur620a/base_footprint' because they are not part of the same tree.Tf has two or more unconnected trees.
At time 98.850000000
- Translation: [44.000, 44.000, 0.000]
- Rotation: in Quaternion (xyzw) [0.000, 0.000, -0.000, 1.000]
- Rotation: in RPY (radian) [0.000, 0.000, -0.000]
- Rotation: in RPY (degree) [0.000, 0.000, -0.000]
- Matrix:
  1.000  0.000  0.000 44.000
 -0.000  1.000 -0.000 44.000
 -0.000  0.000  1.000  0.000
  0.000  0.000  0.000  1.000
At time 99.700000000
- Translation: [44.000, 44.000, 0.000]
- Rotation: in Quaternion (xyzw) [0.000, 0.000, -0.000, 1.000]
- Rotation: in RPY (radian) [0.000, 0.000, -0.000]
- Rotation: in RPY (degree) [0.000, 0.000, -0.000]
- Matrix:
  1.000  0.000  0.000 44.000
 -0.000  1.000 -0.000 44.000
 -0.000  0.000  1.000  0.000
  0.000  0.000  0.000  1.000
At time 100.530000000
- Translation: [44.000, 44.000, 0.000]
- Rotation: in Quaternion (xyzw) [0.000, 0.000, -0.000, 1.000]
- Rotation: in RPY (radian) [0.000, 0.000, -0.000]
- Rotation: in RPY (degree) [0.000, 0.000, -0.000]
- Matrix:
  1.000  0.000  0.000 44.000
 -0.000  1.000 -0.000 44.000
 -0.000  0.000  1.000  0.000
  0.000  0.000  0.000  1.000
[INFO] [1779363812.526391484] [rclcpp]: signal_handler(SIGINT/SIGTERM)
[INFO] [1779363812.753807703] [tf2_echo]: Waiting for transform mur620a/base_footprint ->  mur620a/UR10_l/tool0: Invalid frame ID "mur620a/base_footprint" passed to canTransform argument target_frame - frame does not exist
At time 102.90000000
- Translation: [-0.137, 0.492, 1.544]
- Rotation: in Quaternion (xyzw) [0.707, 0.707, 0.016, 0.016]
- Rotation: in RPY (radian) [3.098, 0.000, 1.571]
- Rotation: in RPY (degree) [177.484, 0.000, 90.000]
- Matrix:
 -0.000  0.999  0.044 -0.137
  1.000  0.000 -0.000  0.492
 -0.000  0.044 -0.999  1.544
  0.000  0.000  0.000  1.000
At time 102.800000000
- Translation: [-0.137, 0.492, 1.544]
- Rotation: in Quaternion (xyzw) [0.707, 0.707, 0.016, 0.016]
- Rotation: in RPY (radian) [3.098, 0.000, 1.571]
- Rotation: in RPY (degree) [177.484, 0.000, 90.000]
- Matrix:
 -0.000  0.999  0.044 -0.137
  1.000  0.000 -0.000  0.492
 -0.000  0.044 -0.999  1.544
  0.000  0.000  0.000  1.000
At time 103.600000000
- Translation: [-0.137, 0.492, 1.544]
- Rotation: in Quaternion (xyzw) [0.707, 0.707, 0.016, 0.016]
- Rotation: in RPY (radian) [3.098, 0.000, 1.571]
- Rotation: in RPY (degree) [177.484, 0.000, 90.000]
- Matrix:
 -0.000  0.999  0.044 -0.137
  1.000  0.000 -0.000  0.492
 -0.000  0.044 -0.999  1.544
  0.000  0.000  0.000  1.000
At time 104.400000000
- Translation: [-0.137, 0.492, 1.544]
- Rotation: in Quaternion (xyzw) [0.707, 0.707, 0.016, 0.016]
- Rotation: in RPY (radian) [3.098, 0.000, 1.571]
- Rotation: in RPY (degree) [177.484, 0.000, 90.000]
- Matrix:
 -0.000  0.999  0.044 -0.137
  1.000  0.000 -0.000  0.492
 -0.000  0.044 -0.999  1.544
  0.000  0.000  0.000  1.000
At time 105.200000000
- Translation: [-0.137, 0.492, 1.544]
- Rotation: in Quaternion (xyzw) [0.707, 0.707, 0.016, 0.016]
- Rotation: in RPY (radian) [3.098, 0.000, 1.571]
- Rotation: in RPY (degree) [177.484, 0.000, 90.000]
- Matrix:
 -0.000  0.999  0.044 -0.137
  1.000  0.000 -0.000  0.492
 -0.000  0.044 -0.999  1.544
  0.000  0.000  0.000  1.000
At time 106.0
- Translation: [-0.137, 0.492, 1.544]
- Rotation: in Quaternion (xyzw) [0.707, 0.707, 0.016, 0.016]
- Rotation: in RPY (radian) [3.098, 0.000, 1.571]
- Rotation: in RPY (degree) [177.484, 0.000, 90.000]
- Matrix:
 -0.000  0.999  0.044 -0.137
  1.000  0.000 -0.000  0.492
 -0.000  0.044 -0.999  1.544
  0.000  0.000  0.000  1.000
[INFO] [1779363819.529651408] [rclcpp]: signal_handler(SIGINT/SIGTERM)

== MoveIt mur620b ==
-- Nodes
/mur620b_moveit_controller_proxy_r
/mur620b_moveit_lift_controller_proxy_r
-- MoveIt action

$ ros2 action info /mur620b/move_action
Action: /mur620b/move_action
Action clients: 0
Action servers: 1
    /mur620b/move_group
-- Robot descriptions
robot_description chars: 72888
robot_description_semantic chars: 44989
-- MoveIt core params

$ ros2 param get /mur620b/move_group planning_pipelines
String values are: ['ompl']

$ ros2 param get /mur620b/move_group default_planning_pipeline
String value is: ompl

$ ros2 param get /mur620b/move_group robot_description_kinematics.UR_arm_l.kinematics_solver
String value is: kdl_kinematics_plugin/KDLKinematicsPlugin

$ ros2 param get /mur620b/move_group robot_description_kinematics.UR_arm_r.kinematics_solver
String value is: kdl_kinematics_plugin/KDLKinematicsPlugin

$ ros2 param get /mur620b/move_group robot_description_planning.joint_limits.UR10_l/shoulder_pan_joint.max_velocity
Double value is: 2.09439510239
-- Controllers
[INFO] [1779363842.381083882] [_ros2cli_799894]: waiting for service /mur620b/controller_manager/list_controllers to become available...
forward_velocity_controller_r      velocity_controllers/JointGroupVelocityController      active  
joint_trajectory_controller_l      joint_trajectory_controller/JointTrajectoryController  inactive
lift_effort_controller_l           effort_controllers/JointGroupEffortController          active  
joint_trajectory_controller_r      joint_trajectory_controller/JointTrajectoryController  inactive
forward_velocity_controller_l      velocity_controllers/JointGroupVelocityController      active  
joint_trajectory_controller_lift_l joint_trajectory_controller/JointTrajectoryController  inactive
lift_controller_r                  position_controllers/JointGroupPositionController      inactive
joint_trajectory_controller_lift_r joint_trajectory_controller/JointTrajectoryController  inactive
lift_controller_l                  position_controllers/JointGroupPositionController      inactive
joint_state_broadcaster            joint_state_broadcaster/JointStateBroadcaster          active  
mobile_base_controller             diff_drive_controller/DiffDriveController              active  
lift_effort_controller_r           effort_controllers/JointGroupEffortController          active  
-- Joint states

$ ros2 topic info /mur620b/joint_states --verbose
Type: sensor_msgs/msg/JointState

Publisher count: 1

Node name: joint_state_broadcaster
Node namespace: /mur620b
Topic type: sensor_msgs/msg/JointState
Topic type hash: RIHS01_a13ee3a330e346c9d87b5aa18d24e11690752bd33a0350f11c5882bc9179260e
Endpoint type: PUBLISHER
GID: 01.0f.f6.e2.28.f4.d1.26.00.00.00.00.00.01.61.03
QoS profile:
  Reliability: RELIABLE
  History (Depth): UNKNOWN
  Durability: TRANSIENT_LOCAL
  Lifespan: Infinite
  Deadline: Infinite
  Liveliness: AUTOMATIC
  Liveliness lease duration: Infinite

Subscription count: 8

Node name: move_group_private_110945556900512
Node namespace: /mur620b
Topic type: sensor_msgs/msg/JointState
Topic type hash: RIHS01_a13ee3a330e346c9d87b5aa18d24e11690752bd33a0350f11c5882bc9179260e
Endpoint type: SUBSCRIPTION
GID: 01.0f.f6.e2.9d.ff.aa.96.00.00.00.00.00.00.55.04
QoS profile:
  Reliability: BEST_EFFORT
  History (Depth): UNKNOWN
  Durability: VOLATILE
  Lifespan: Infinite
  Deadline: Infinite
  Liveliness: AUTOMATIC
  Liveliness lease duration: Infinite

Node name: mur620b_rsp
Node namespace: /mur620b
Topic type: sensor_msgs/msg/JointState
Topic type hash: RIHS01_a13ee3a330e346c9d87b5aa18d24e11690752bd33a0350f11c5882bc9179260e
Endpoint type: SUBSCRIPTION
GID: 01.0f.f6.e2.b2.fd.48.e0.00.00.00.00.00.00.18.04
QoS profile:
  Reliability: BEST_EFFORT
  History (Depth): UNKNOWN
  Durability: VOLATILE
  Lifespan: Infinite
  Deadline: Infinite
  Liveliness: AUTOMATIC
  Liveliness lease duration: Infinite

Node name: mur620b_lift_effort_position_controller_l
Node namespace: /
Topic type: sensor_msgs/msg/JointState
Topic type hash: RIHS01_a13ee3a330e346c9d87b5aa18d24e11690752bd33a0350f11c5882bc9179260e
Endpoint type: SUBSCRIPTION
GID: 01.0f.f6.e2.b5.fd.b4.77.00.00.00.00.00.00.16.04
QoS profile:
  Reliability: RELIABLE
  History (Depth): UNKNOWN
  Durability: VOLATILE
  Lifespan: Infinite
  Deadline: Infinite
  Liveliness: AUTOMATIC
  Liveliness lease duration: Infinite

Node name: mur620b_lift_effort_position_controller_r
Node namespace: /
Topic type: sensor_msgs/msg/JointState
Topic type hash: RIHS01_a13ee3a330e346c9d87b5aa18d24e11690752bd33a0350f11c5882bc9179260e
Endpoint type: SUBSCRIPTION
GID: 01.0f.f6.e2.b6.fd.ca.61.00.00.00.00.00.00.16.04
QoS profile:
  Reliability: RELIABLE
  History (Depth): UNKNOWN
  Durability: VOLATILE
  Lifespan: Infinite
  Deadline: Infinite
  Liveliness: AUTOMATIC
  Liveliness lease duration: Infinite

Node name: mur620b_jparse_velocity_controller_l
Node namespace: /
Topic type: sensor_msgs/msg/JointState
Topic type hash: RIHS01_a13ee3a330e346c9d87b5aa18d24e11690752bd33a0350f11c5882bc9179260e
Endpoint type: SUBSCRIPTION
GID: 01.0f.f6.e2.f8.00.c6.5a.00.00.00.00.00.00.19.04
QoS profile:
  Reliability: BEST_EFFORT
  History (Depth): UNKNOWN
  Durability: VOLATILE
  Lifespan: Infinite
  Deadline: Infinite
  Liveliness: AUTOMATIC
  Liveliness lease duration: Infinite

Node name: mur620b_jparse_velocity_controller_r
Node namespace: /
Topic type: sensor_msgs/msg/JointState
Topic type hash: RIHS01_a13ee3a330e346c9d87b5aa18d24e11690752bd33a0350f11c5882bc9179260e
Endpoint type: SUBSCRIPTION
GID: 01.0f.f6.e2.f9.00.78.fa.00.00.00.00.00.00.19.04
QoS profile:
  Reliability: BEST_EFFORT
  History (Depth): UNKNOWN
  Durability: VOLATILE
  Lifespan: Infinite
  Deadline: Infinite
  Liveliness: AUTOMATIC
  Liveliness lease duration: Infinite

Node name: mur620b_jparse_move_l
Node namespace: /
Topic type: sensor_msgs/msg/JointState
Topic type hash: RIHS01_a13ee3a330e346c9d87b5aa18d24e11690752bd33a0350f11c5882bc9179260e
Endpoint type: SUBSCRIPTION
GID: 01.0f.f6.e2.fa.00.21.84.00.00.00.00.00.00.15.04
QoS profile:
  Reliability: BEST_EFFORT
  History (Depth): UNKNOWN
  Durability: VOLATILE
  Lifespan: Infinite
  Deadline: Infinite
  Liveliness: AUTOMATIC
  Liveliness lease duration: Infinite

Node name: mur620b_jparse_move_r
Node namespace: /
Topic type: sensor_msgs/msg/JointState
Topic type hash: RIHS01_a13ee3a330e346c9d87b5aa18d24e11690752bd33a0350f11c5882bc9179260e
Endpoint type: SUBSCRIPTION
GID: 01.0f.f6.e2.fb.00.be.b8.00.00.00.00.00.00.15.04
QoS profile:
  Reliability: BEST_EFFORT
  History (Depth): UNKNOWN
  Durability: VOLATILE
  Lifespan: Infinite
  Deadline: Infinite
  Liveliness: AUTOMATIC
  Liveliness lease duration: Infinite

header:
  stamp:
    sec: 128
    nanosec: 947000000
  frame_id: base_link
name:
- UR10_l/elbow_joint
- UR10_l/shoulder_lift_joint
- UR10_l/shoulder_pan_joint
- UR10_l/wrist_1_joint
- UR10_l/wrist_2_joint
- UR10_l/wrist_3_joint
- UR10_r/elbow_joint
- UR10_r/shoulder_lift_joint
- UR10_r/shoulder_pan_joint
- UR10_r/wrist_1_joint
- UR10_r/wrist_2_joint
- UR10_r/wrist_3_joint
- bl_caster_rotation_joint
- bl_caster_wheel_joint
- br_caster_rotation_joint
- br_caster_wheel_joint
- fl_caster_rotation_joint
- fl_caster_wheel_joint
- fr_caster_rotation_joint
- fr_caster_wheel_joint
- left_lift_joint
- left_wheel_joint
- right_lift_joint
- right_wheel_joint
position:
- -1.6147053826320241
- -1.57079632824001
- 4.384923205618107e-17
- -1.5707963430411185
- 1.5707963267900027
- -1.218135843868891e-17
- -1.614721397245568
- -1.570796328239999
- 3.1415926535900023
- -1.570796343451303
- -1.5707963267900027
- 7.567811780900189e-17
- 0.1269681313631507
- -1.4343886131868962e-08
- 0.12310511621983775
- -1.2086888167845577e-08
- 0.19314595781334767
- -2.5664530470212117e-08
- 0.18745948913856395
- -4.8473637870028364e-08
- 3.3467158930840097e-12
- -4.186441463045838e-16
- 3.6867851200797224e-12
- -2.506375104222544e-17
velocity:
- -4.6297198713629584e-11
- -1.1784418059435087e-11
- 2.3852447794681098e-18
- -1.318941553196673e-10
- -4.163336342344337e-17
- 3.0357660829594124e-18
- -4.081793583687876e-11
- -1.1739804441079915e-11
- -1.5178830414797062e-18
- -1.3531649759035425e-10
- -4.336808689942018e-18
- 6.071532165918825e-18
- 0.0006526640581954601
- -8.011598320520341e-10
- 0.0005995709219659644
- -2.7521415224898704e-10
- 0.0010425815706369473
- -7.642204889746207e-10
- 0.0009612125742609214
- -1.041124375079916e-09
- 3.197789255615646e-14
- 3.0357660829594124e-18
- 3.128400316576574e-14
- -2.168404344971009e-18
effort:
- 42.46083340977137
- 42.46083344765936
- 4.677033462651076e-08
- 3.240066767905611
- 4.676716964792716e-10
- 7.976388646803534e-15
- 42.5393912834849
- 42.539391321441585
- 4.684307105149387e-08
- 3.318652245280613
- -4.854622359610981e-10
- -7.977936887505827e-15
- .nan
- .nan
- .nan
- .nan
- .nan
- .nan
- .nan
- .nan
- 334.2191999930609
- .nan
- 334.21919998132364
- .nan
---
-- Current TF for MoveIt base
[INFO] [1779363848.479635510] [tf2_echo]: Waiting for transform map ->  mur620b/base_footprint: Invalid frame ID "map" passed to canTransform argument target_frame - frame does not exist
[INFO] [1779363850.463667189] [tf2_echo]: Waiting for transform map ->  mur620b/base_footprint: Invalid frame ID "map" passed to canTransform argument target_frame - frame does not exist
[INFO] [1779363851.463723864] [tf2_echo]: Waiting for transform map ->  mur620b/base_footprint: Could not find a connection between 'map' and 'mur620b/base_footprint' because they are not part of the same tree.Tf has two or more unconnected trees.
[INFO] [1779363852.463918376] [tf2_echo]: Waiting for transform map ->  mur620b/base_footprint: Could not find a connection between 'map' and 'mur620b/base_footprint' because they are not part of the same tree.Tf has two or more unconnected trees.
At time 133.377000000
- Translation: [46.000, 44.000, 0.000]
- Rotation: in Quaternion (xyzw) [0.000, 0.000, -0.000, 1.000]
- Rotation: in RPY (radian) [0.000, 0.000, -0.000]
- Rotation: in RPY (degree) [0.000, 0.000, -0.000]
- Matrix:
  1.000  0.000  0.000 46.000
 -0.000  1.000 -0.000 44.000
 -0.000  0.000  1.000  0.000
  0.000  0.000  0.000  1.000
At time 134.197000000
- Translation: [46.000, 44.000, 0.000]
- Rotation: in Quaternion (xyzw) [0.000, 0.000, -0.000, 1.000]
- Rotation: in RPY (radian) [0.000, 0.000, -0.000]
- Rotation: in RPY (degree) [0.000, 0.000, -0.000]
- Matrix:
  1.000  0.000  0.000 46.000
 -0.000  1.000 -0.000 44.000
 -0.000  0.000  1.000  0.000
  0.000  0.000  0.000  1.000
[INFO] [1779363855.268671179] [rclcpp]: signal_handler(SIGINT/SIGTERM)
[INFO] [1779363855.509276433] [tf2_echo]: Waiting for transform mur620b/base_footprint ->  mur620b/UR10_l/tool0: Invalid frame ID "mur620b/base_footprint" passed to canTransform argument target_frame - frame does not exist
[INFO] [1779363857.480389076] [tf2_echo]: Waiting for transform mur620b/base_footprint ->  mur620b/UR10_l/tool0: Invalid frame ID "mur620b/base_footprint" passed to canTransform argument target_frame - frame does not exist
[INFO] [1779363858.480398760] [tf2_echo]: Waiting for transform mur620b/base_footprint ->  mur620b/UR10_l/tool0: Invalid frame ID "mur620b/base_footprint" passed to canTransform argument target_frame - frame does not exist
[INFO] [1779363860.480397544] [tf2_echo]: Waiting for transform mur620b/base_footprint ->  mur620b/UR10_l/tool0: Invalid frame ID "mur620b/base_footprint" passed to canTransform argument target_frame - frame does not exist
[INFO] [1779363861.480488334] [tf2_echo]: Waiting for transform mur620b/base_footprint ->  mur620b/UR10_l/tool0: Invalid frame ID "mur620b/base_footprint" passed to canTransform argument target_frame - frame does not exist
[INFO] [1779363862.273631791] [rclcpp]: signal_handler(SIGINT/SIGTERM)

== Recent MoveIt/RViz Logs ==
---- /home/rosmatch/.ros/log/move_group_784165_1779363662492.log
[INFO] [1779363667.732358785] [mur620a.moveit.moveit.plugins.simple_controller_manager]: Added FollowJointTrajectory controller for /mur620a/moveit_joint_trajectory_controller_lift_r
[INFO] [1779363667.732545779] [mur620a.moveit.moveit.plugins.simple_controller_manager]: Returned 4 controllers in list
[INFO] [1779363667.732581716] [mur620a.moveit.moveit.plugins.simple_controller_manager]: Returned 4 controllers in list
[INFO] [1779363667.733304592] [mur620a.moveit.moveit.ros.trajectory_execution_manager]: Trajectory execution is managing controllers
[INFO] [1779363667.733331278] [mur620a.move_group]: MoveGroup debug mode is ON
[INFO] [1779363667.754472298] [mur620a.moveit.moveit.ros.move_group.executable]: 

********************************************************
* MoveGroup using: 
*     - apply_planning_scene_service
*     - clear_octomap_service
*     - get_group_urdf
*     - load_geometry_from_file
*     - CartesianPathService
*     - execute_trajectory_action
*     - get_planning_scene_service
*     - kinematics_service
*     - move_action
*     - motion_plan_service
*     - query_planners_service
*     - state_validation_service
*     - save_geometry_to_file
********************************************************

[INFO] [1779363667.754519312] [mur620a.moveit.moveit.ros.move_group.context]: MoveGroup context using pipeline ompl
[INFO] [1779363667.754525990] [mur620a.moveit.moveit.ros.move_group.context]: MoveGroup context initialization complete
[WARN] [1779363681.566839429] [mur620a.moveit.moveit.ros.planning_scene_monitor]: Unable to transform object from frame 'mur620b/UR10_l/base_link' to planning frame'base_footprint' (Could not find a connection between 'base_footprint' and 'mur620b/UR10_l/base_link' because they are not part of the same tree.Tf has two or more unconnected trees.)
[WARN] [1779363681.566885739] [mur620a.moveit.moveit.ros.planning_scene_monitor]: Unable to transform object from frame 'mur620b/UR10_l/base_ideal' to planning frame'base_footprint' (Could not find a connection between 'base_footprint' and 'mur620b/UR10_l/base_ideal' because they are not part of the same tree.Tf has two or more unconnected trees.)
[WARN] [1779363681.566894999] [mur620a.moveit.moveit.ros.planning_scene_monitor]: Unable to transform object from frame 'mur620b/UR10_l/base' to planning frame'base_footprint' (Could not find a connection between 'base_footprint' and 'mur620b/UR10_l/base' because they are not part of the same tree.Tf has two or more unconnected trees.)
[WARN] [1779363681.566902063] [mur620a.moveit.moveit.ros.planning_scene_monitor]: Unable to transform object from frame 'mur620b/UR10_l/base_link_inertia' to planning frame'base_footprint' (Could not find a connection between 'base_footprint' and 'mur620b/UR10_l/base_link_inertia' because they are not part of the same tree.Tf has two or more unconnected trees.)
[WARN] [1779363681.566909656] [mur620a.moveit.moveit.ros.planning_scene_monitor]: Unable to transform object from frame 'mur620b/UR10_l/tool0' to planning frame'base_footprint' (Could not find a connection between 'base_footprint' and 'mur620b/UR10_l/tool0' because they are not part of the same tree.Tf has two or more unconnected trees.)
[WARN] [1779363681.566916386] [mur620a.moveit.moveit.ros.planning_scene_monitor]: Unable to transform object from frame 'mur620b/UR10_l/flange' to planning frame'base_footprint' (Could not find a connection between 'base_footprint' and 'mur620b/UR10_l/flange' because they are not part of the same tree.Tf has two or more unconnected trees.)
[WARN] [1779363681.566923432] [mur620a.moveit.moveit.ros.planning_scene_monitor]: Unable to transform object from frame 'mur620b/UR10_l/wrist_3_link' to planning frame'base_footprint' (Could not find a connection between 'base_footprint' and 'mur620b/UR10_l/wrist_3_link' because they are not part of the same tree.Tf has two or more unconnected trees.)
[WARN] [1779363681.566929690] [mur620a.moveit.moveit.ros.planning_scene_monitor]: Unable to transform object from frame 'mur620b/UR10_l/ft_frame' to planning frame'base_footprint' (Could not find a connection between 'base_footprint' and 'mur620b/UR10_l/ft_frame' because they are not part of the same tree.Tf has two or more unconnected trees.)
[WARN] [1779363681.566936434] [mur620a.moveit.moveit.ros.planning_scene_monitor]: Unable to transform object from frame 'mur620b/UR10_r/base_link' to planning frame'base_footprint' (Could not find a connection between 'base_footprint' and 'mur620b/UR10_r/base_link' because they are not part of the same tree.Tf has two or more unconnected trees.)
[WARN] [1779363681.566943201] [mur620a.moveit.moveit.ros.planning_scene_monitor]: Unable to transform object from frame 'mur620b/UR10_r/base_ideal' to planning frame'base_footprint' (Could not find a connection between 'base_footprint' and 'mur620b/UR10_r/base_ideal' because they are not part of the same tree.Tf has two or more unconnected trees.)
[WARN] [1779363681.566949761] [mur620a.moveit.moveit.ros.planning_scene_monitor]: Unable to transform object from frame 'mur620b/UR10_r/base' to planning frame'base_footprint' (Could not find a connection between 'base_footprint' and 'mur620b/UR10_r/base' because they are not part of the same tree.Tf has two or more unconnected trees.)
[WARN] [1779363681.566956447] [mur620a.moveit.moveit.ros.planning_scene_monitor]: Unable to transform object from frame 'mur620b/UR10_r/base_link_inertia' to planning frame'base_footprint' (Could not find a connection between 'base_footprint' and 'mur620b/UR10_r/base_link_inertia' because they are not part of the same tree.Tf has two or more unconnected trees.)
[WARN] [1779363681.567004328] [mur620a.moveit.moveit.ros.planning_scene_monitor]: Unable to transform object from frame 'mur620b/UR10_r/tool0' to planning frame'base_footprint' (Could not find a connection between 'base_footprint' and 'mur620b/UR10_r/tool0' because they are not part of the same tree.Tf has two or more unconnected trees.)
[WARN] [1779363681.567012053] [mur620a.moveit.moveit.ros.planning_scene_monitor]: Unable to transform object from frame 'mur620b/UR10_r/flange' to planning frame'base_footprint' (Could not find a connection between 'base_footprint' and 'mur620b/UR10_r/flange' because they are not part of the same tree.Tf has two or more unconnected trees.)
[WARN] [1779363681.567018804] [mur620a.moveit.moveit.ros.planning_scene_monitor]: Unable to transform object from frame 'mur620b/UR10_r/wrist_3_link' to planning frame'base_footprint' (Could not find a connection between 'base_footprint' and 'mur620b/UR10_r/wrist_3_link' because they are not part of the same tree.Tf has two or more unconnected trees.)
[WARN] [1779363681.567027413] [mur620a.moveit.moveit.ros.planning_scene_monitor]: Unable to transform object from frame 'mur620b/UR10_r/ft_frame' to planning frame'base_footprint' (Could not find a connection between 'base_footprint' and 'mur620b/UR10_r/ft_frame' because they are not part of the same tree.Tf has two or more unconnected trees.)
[WARN] [1779363681.567034439] [mur620a.moveit.moveit.ros.planning_scene_monitor]: Unable to transform object from frame 'mur620b/base_link' to planning frame'base_footprint' (Could not find a connection between 'base_footprint' and 'mur620b/base_link' because they are not part of the same tree.Tf has two or more unconnected trees.)
[WARN] [1779363681.567040783] [mur620a.moveit.moveit.ros.planning_scene_monitor]: Unable to transform object from frame 'mur620b/base_footprint' to planning frame'base_footprint' (Could not find a connection between 'base_footprint' and 'mur620b/base_footprint' because they are not part of the same tree.Tf has two or more unconnected trees.)
[WARN] [1779363681.567047792] [mur620a.moveit.moveit.ros.planning_scene_monitor]: Unable to transform object from frame 'mur620b/surface' to planning frame'base_footprint' (Could not find a connection between 'base_footprint' and 'mur620b/surface' because they are not part of the same tree.Tf has two or more unconnected trees.)
[WARN] [1779363681.567055036] [mur620a.moveit.moveit.ros.planning_scene_monitor]: Unable to transform object from frame 'mur620b/back_laser_link' to planning frame'base_footprint' (Could not find a connection between 'base_footprint' and 'mur620b/back_laser_link' because they are not part of the same tree.Tf has two or more unconnected trees.)
[WARN] [1779363681.567062679] [mur620a.moveit.moveit.ros.planning_scene_monitor]: Unable to transform object from frame 'mur620b/front_laser_link' to planning frame'base_footprint' (Could not find a connection between 'base_footprint' and 'mur620b/front_laser_link' because they are not part of the same tree.Tf has two or more unconnected trees.)
[WARN] [1779363681.567070434] [mur620a.moveit.moveit.ros.planning_scene_monitor]: Unable to transform object from frame 'mur620b/imu_link' to planning frame'base_footprint' (Could not find a connection between 'base_footprint' and 'mur620b/imu_link' because they are not part of the same tree.Tf has two or more unconnected trees.)
[WARN] [1779363681.567078854] [mur620a.moveit.moveit.ros.planning_scene_monitor]: Unable to transform object from frame 'mur620b/camera_color_frame' to planning frame'base_footprint' (Could not find a connection between 'base_footprint' and 'mur620b/camera_color_frame' because they are not part of the same tree.Tf has two or more unconnected trees.)
[WARN] [1779363681.567085557] [mur620a.moveit.moveit.ros.planning_scene_monitor]: Unable to transform object from frame 'mur620b/camera_link' to planning frame'base_footprint' (Could not find a connection between 'base_footprint' and 'mur620b/camera_link' because they are not part of the same tree.Tf has two or more unconnected trees.)
[WARN] [1779363681.567096408] [mur620a.moveit.moveit.ros.planning_scene_monitor]: Unable to transform object from frame 'mur620b/camera_color_optical_frame' to planning frame'base_footprint' (Could not find a connection between 'base_footprint' and 'mur620b/camera_color_optical_frame' because they are not part of the same tree.Tf has two or more unconnected trees.)
[WARN] [1779363681.567103712] [mur620a.moveit.moveit.ros.planning_scene_monitor]: Unable to transform object from frame 'mur620b/camera_depth_frame' to planning frame'base_footprint' (Could not find a connection between 'base_footprint' and 'mur620b/camera_depth_frame' because they are not part of the same tree.Tf has two or more unconnected trees.)
[WARN] [1779363681.567110877] [mur620a.moveit.moveit.ros.planning_scene_monitor]: Unable to transform object from frame 'mur620b/camera_depth_optical_frame' to planning frame'base_footprint' (Could not find a connection between 'base_footprint' and 'mur620b/camera_depth_optical_frame' because they are not part of the same tree.Tf has two or more unconnected trees.)
[WARN] [1779363681.567118189] [mur620a.moveit.moveit.ros.planning_scene_monitor]: Unable to transform object from frame 'mur620b/camera_infra1_frame' to planning frame'base_footprint' (Could not find a connection between 'base_footprint' and 'mur620b/camera_infra1_frame' because they are not part of the same tree.Tf has two or more unconnected trees.)
[WARN] [1779363681.567126187] [mur620a.moveit.moveit.ros.planning_scene_monitor]: Unable to transform object from frame 'mur620b/camera_infra1_optical_frame' to planning frame'base_footprint' (Could not find a connection between 'base_footprint' and 'mur620b/camera_infra1_optical_frame' because they are not part of the same tree.Tf has two or more unconnected trees.)
[WARN] [1779363681.567133729] [mur620a.moveit.moveit.ros.planning_scene_monitor]: Unable to transform object from frame 'mur620b/camera_infra2_frame' to planning frame'base_footprint' (Could not find a connection between 'base_footprint' and 'mur620b/camera_infra2_frame' because they are not part of the same tree.Tf has two or more unconnected trees.)
[WARN] [1779363681.567142095] [mur620a.moveit.moveit.ros.planning_scene_monitor]: Unable to transform object from frame 'mur620b/camera_infra2_optical_frame' to planning frame'base_footprint' (Could not find a connection between 'base_footprint' and 'mur620b/camera_infra2_optical_frame' because they are not part of the same tree.Tf has two or more unconnected trees.)
[WARN] [1779363681.567149051] [mur620a.moveit.moveit.ros.planning_scene_monitor]: Unable to transform object from frame 'mur620b/camera_bottom_screw_frame' to planning frame'base_footprint' (Could not find a connection between 'base_footprint' and 'mur620b/camera_bottom_screw_frame' because they are not part of the same tree.Tf has two or more unconnected trees.)
[WARN] [1779363681.567156906] [mur620a.moveit.moveit.ros.planning_scene_monitor]: Unable to transform object from frame 'mur620b/imu_frame' to planning frame'base_footprint' (Could not find a connection between 'base_footprint' and 'mur620b/imu_frame' because they are not part of the same tree.Tf has two or more unconnected trees.)
[WARN] [1779363681.567163909] [mur620a.moveit.moveit.ros.planning_scene_monitor]: Unable to transform object from frame 'mur620b/left_lift_bottom' to planning frame'base_footprint' (Could not find a connection between 'base_footprint' and 'mur620b/left_lift_bottom' because they are not part of the same tree.Tf has two or more unconnected trees.)
[WARN] [1779363681.567172383] [mur620a.moveit.moveit.ros.planning_scene_monitor]: Unable to transform object from frame 'mur620b/top_module' to planning frame'base_footprint' (Could not find a connection between 'base_footprint' and 'mur620b/top_module' because they are not part of the same tree.Tf has two or more unconnected trees.)
[WARN] [1779363681.567179615] [mur620a.moveit.moveit.ros.planning_scene_monitor]: Unable to transform object from frame 'mur620b/left_lift_top' to planning frame'base_footprint' (Could not find a connection between 'base_footprint' and 'mur620b/left_lift_top' because they are not part of the same tree.Tf has two or more unconnected trees.)
[WARN] [1779363681.567190305] [mur620a.moveit.moveit.ros.planning_scene_monitor]: Unable to transform object from frame 'mur620b/right_lift_top' to planning frame'base_footprint' (Could not find a connection between 'base_footprint' and 'mur620b/right_lift_top' because they are not part of the same tree.Tf has two or more unconnected trees.)
[WARN] [1779363681.567196776] [mur620a.moveit.moveit.ros.planning_scene_monitor]: Unable to transform object from frame 'mur620b/right_lift_bottom' to planning frame'base_footprint' (Could not find a connection between 'base_footprint' and 'mur620b/right_lift_bottom' because they are not part of the same tree.Tf has two or more unconnected trees.)
[WARN] [1779363681.567204185] [mur620a.moveit.moveit.ros.planning_scene_monitor]: Unable to transform object from frame 'mur620b/us_1_frame' to planning frame'base_footprint' (Could not find a connection between 'base_footprint' and 'mur620b/us_1_frame' because they are not part of the same tree.Tf has two or more unconnected trees.)
[WARN] [1779363681.567210948] [mur620a.moveit.moveit.ros.planning_scene_monitor]: Unable to transform object from frame 'mur620b/us_2_frame' to planning frame'base_footprint' (Could not find a connection between 'base_footprint' and 'mur620b/us_2_frame' because they are not part of the same tree.Tf has two or more unconnected trees.)
[WARN] [1779363681.621013169] [mur620a.moveit.moveit.ros.planning_scene_monitor]: Unable to transform object from frame 'mur620b/UR10_l/base_link' to planning frame'base_footprint' (Could not find a connection between 'base_footprint' and 'mur620b/UR10_l/base_link' because they are not part of the same tree.Tf has two or more unconnected trees.)
[WARN] [1779363681.621082024] [mur620a.moveit.moveit.ros.planning_scene_monitor]: Unable to transform object from frame 'mur620b/UR10_l/base_ideal' to planning frame'base_footprint' (Could not find a connection between 'base_footprint' and 'mur620b/UR10_l/base_ideal' because they are not part of the same tree.Tf has two or more unconnected trees.)
[WARN] [1779363681.621099842] [mur620a.moveit.moveit.ros.planning_scene_monitor]: Unable to transform object from frame 'mur620b/UR10_l/base' to planning frame'base_footprint' (Could not find a connection between 'base_footprint' and 'mur620b/UR10_l/base' because they are not part of the same tree.Tf has two or more unconnected trees.)
[WARN] [1779363681.621113616] [mur620a.moveit.moveit.ros.planning_scene_monitor]: Unable to transform object from frame 'mur620b/UR10_l/base_link_inertia' to planning frame'base_footprint' (Could not find a connection between 'base_footprint' and 'mur620b/UR10_l/base_link_inertia' because they are not part of the same tree.Tf has two or more unconnected trees.)
[WARN] [1779363681.621126957] [mur620a.moveit.moveit.ros.planning_scene_monitor]: Unable to transform object from frame 'mur620b/UR10_l/tool0' to planning frame'base_footprint' (Could not find a connection between 'base_footprint' and 'mur620b/UR10_l/tool0' because they are not part of the same tree.Tf has two or more unconnected trees.)
[WARN] [1779363681.621139625] [mur620a.moveit.moveit.ros.planning_scene_monitor]: Unable to transform object from frame 'mur620b/UR10_l/flange' to planning frame'base_footprint' (Could not find a connection between 'base_footprint' and 'mur620b/UR10_l/flange' because they are not part of the same tree.Tf has two or more unconnected trees.)
[WARN] [1779363681.621151278] [mur620a.moveit.moveit.ros.planning_scene_monitor]: Unable to transform object from frame 'mur620b/UR10_l/wrist_3_link' to planning frame'base_footprint' (Could not find a connection between 'base_footprint' and 'mur620b/UR10_l/wrist_3_link' because they are not part of the same tree.Tf has two or more unconnected trees.)
[WARN] [1779363681.621162906] [mur620a.moveit.moveit.ros.planning_scene_monitor]: Unable to transform object from frame 'mur620b/UR10_l/ft_frame' to planning frame'base_footprint' (Could not find a connection between 'base_footprint' and 'mur620b/UR10_l/ft_frame' because they are not part of the same tree.Tf has two or more unconnected trees.)
[WARN] [1779363681.621205134] [mur620a.moveit.moveit.ros.planning_scene_monitor]: Unable to transform object from frame 'mur620b/UR10_r/base_link' to planning frame'base_footprint' (Could not find a connection between 'base_footprint' and 'mur620b/UR10_r/base_link' because they are not part of the same tree.Tf has two or more unconnected trees.)
[WARN] [1779363681.621218221] [mur620a.moveit.moveit.ros.planning_scene_monitor]: Unable to transform object from frame 'mur620b/UR10_r/base_ideal' to planning frame'base_footprint' (Could not find a connection between 'base_footprint' and 'mur620b/UR10_r/base_ideal' because they are not part of the same tree.Tf has two or more unconnected trees.)
[WARN] [1779363681.621229515] [mur620a.moveit.moveit.ros.planning_scene_monitor]: Unable to transform object from frame 'mur620b/UR10_r/base' to planning frame'base_footprint' (Could not find a connection between 'base_footprint' and 'mur620b/UR10_r/base' because they are not part of the same tree.Tf has two or more unconnected trees.)
[WARN] [1779363681.621241031] [mur620a.moveit.moveit.ros.planning_scene_monitor]: Unable to transform object from frame 'mur620b/UR10_r/base_link_inertia' to planning frame'base_footprint' (Could not find a connection between 'base_footprint' and 'mur620b/UR10_r/base_link_inertia' because they are not part of the same tree.Tf has two or more unconnected trees.)
[WARN] [1779363681.621252008] [mur620a.moveit.moveit.ros.planning_scene_monitor]: Unable to transform object from frame 'mur620b/UR10_r/tool0' to planning frame'base_footprint' (Could not find a connection between 'base_footprint' and 'mur620b/UR10_r/tool0' because they are not part of the same tree.Tf has two or more unconnected trees.)
[WARN] [1779363681.621263038] [mur620a.moveit.moveit.ros.planning_scene_monitor]: Unable to transform object from frame 'mur620b/UR10_r/flange' to planning frame'base_footprint' (Could not find a connection between 'base_footprint' and 'mur620b/UR10_r/flange' because they are not part of the same tree.Tf has two or more unconnected trees.)
[WARN] [1779363681.621274365] [mur620a.moveit.moveit.ros.planning_scene_monitor]: Unable to transform object from frame 'mur620b/UR10_r/wrist_3_link' to planning frame'base_footprint' (Could not find a connection between 'base_footprint' and 'mur620b/UR10_r/wrist_3_link' because they are not part of the same tree.Tf has two or more unconnected trees.)
[WARN] [1779363681.621285491] [mur620a.moveit.moveit.ros.planning_scene_monitor]: Unable to transform object from frame 'mur620b/UR10_r/ft_frame' to planning frame'base_footprint' (Could not find a connection between 'base_footprint' and 'mur620b/UR10_r/ft_frame' because they are not part of the same tree.Tf has two or more unconnected trees.)
[WARN] [1779363681.621297010] [mur620a.moveit.moveit.ros.planning_scene_monitor]: Unable to transform object from frame 'mur620b/base_link' to planning frame'base_footprint' (Could not find a connection between 'base_footprint' and 'mur620b/base_link' because they are not part of the same tree.Tf has two or more unconnected trees.)
[WARN] [1779363681.621308268] [mur620a.moveit.moveit.ros.planning_scene_monitor]: Unable to transform object from frame 'mur620b/base_footprint' to planning frame'base_footprint' (Could not find a connection between 'base_footprint' and 'mur620b/base_footprint' because they are not part of the same tree.Tf has two or more unconnected trees.)
[WARN] [1779363681.621319706] [mur620a.moveit.moveit.ros.planning_scene_monitor]: Unable to transform object from frame 'mur620b/surface' to planning frame'base_footprint' (Could not find a connection between 'base_footprint' and 'mur620b/surface' because they are not part of the same tree.Tf has two or more unconnected trees.)
[WARN] [1779363681.621338427] [mur620a.moveit.moveit.ros.planning_scene_monitor]: Unable to transform object from frame 'mur620b/back_laser_link' to planning frame'base_footprint' (Could not find a connection between 'base_footprint' and 'mur620b/back_laser_link' because they are not part of the same tree.Tf has two or more unconnected trees.)
[WARN] [1779363681.621350114] [mur620a.moveit.moveit.ros.planning_scene_monitor]: Unable to transform object from frame 'mur620b/front_laser_link' to planning frame'base_footprint' (Could not find a connection between 'base_footprint' and 'mur620b/front_laser_link' because they are not part of the same tree.Tf has two or more unconnected trees.)
[WARN] [1779363681.621361308] [mur620a.moveit.moveit.ros.planning_scene_monitor]: Unable to transform object from frame 'mur620b/imu_link' to planning frame'base_footprint' (Could not find a connection between 'base_footprint' and 'mur620b/imu_link' because they are not part of the same tree.Tf has two or more unconnected trees.)
[WARN] [1779363681.621379694] [mur620a.moveit.moveit.ros.planning_scene_monitor]: Unable to transform object from frame 'mur620b/camera_color_frame' to planning frame'base_footprint' (Could not find a connection between 'base_footprint' and 'mur620b/camera_color_frame' because they are not part of the same tree.Tf has two or more unconnected trees.)
[WARN] [1779363681.621391980] [mur620a.moveit.moveit.ros.planning_scene_monitor]: Unable to transform object from frame 'mur620b/camera_link' to planning frame'base_footprint' (Could not find a connection between 'base_footprint' and 'mur620b/camera_link' because they are not part of the same tree.Tf has two or more unconnected trees.)
[WARN] [1779363681.621403892] [mur620a.moveit.moveit.ros.planning_scene_monitor]: Unable to transform object from frame 'mur620b/camera_color_optical_frame' to planning frame'base_footprint' (Could not find a connection between 'base_footprint' and 'mur620b/camera_color_optical_frame' because they are not part of the same tree.Tf has two or more unconnected trees.)
[WARN] [1779363681.621415142] [mur620a.moveit.moveit.ros.planning_scene_monitor]: Unable to transform object from frame 'mur620b/camera_depth_frame' to planning frame'base_footprint' (Could not find a connection between 'base_footprint' and 'mur620b/camera_depth_frame' because they are not part of the same tree.Tf has two or more unconnected trees.)
[WARN] [1779363681.621427075] [mur620a.moveit.moveit.ros.planning_scene_monitor]: Unable to transform object from frame 'mur620b/camera_depth_optical_frame' to planning frame'base_footprint' (Could not find a connection between 'base_footprint' and 'mur620b/camera_depth_optical_frame' because they are not part of the same tree.Tf has two or more unconnected trees.)
[WARN] [1779363681.621439218] [mur620a.moveit.moveit.ros.planning_scene_monitor]: Unable to transform object from frame 'mur620b/camera_infra1_frame' to planning frame'base_footprint' (Could not find a connection between 'base_footprint' and 'mur620b/camera_infra1_frame' because they are not part of the same tree.Tf has two or more unconnected trees.)
[WARN] [1779363681.621450549] [mur620a.moveit.moveit.ros.planning_scene_monitor]: Unable to transform object from frame 'mur620b/camera_infra1_optical_frame' to planning frame'base_footprint' (Could not find a connection between 'base_footprint' and 'mur620b/camera_infra1_optical_frame' because they are not part of the same tree.Tf has two or more unconnected trees.)
[WARN] [1779363681.621462168] [mur620a.moveit.moveit.ros.planning_scene_monitor]: Unable to transform object from frame 'mur620b/camera_infra2_frame' to planning frame'base_footprint' (Could not find a connection between 'base_footprint' and 'mur620b/camera_infra2_frame' because they are not part of the same tree.Tf has two or more unconnected trees.)
[WARN] [1779363681.621473441] [mur620a.moveit.moveit.ros.planning_scene_monitor]: Unable to transform object from frame 'mur620b/camera_infra2_optical_frame' to planning frame'base_footprint' (Could not find a connection between 'base_footprint' and 'mur620b/camera_infra2_optical_frame' because they are not part of the same tree.Tf has two or more unconnected trees.)
[WARN] [1779363681.621515015] [mur620a.moveit.moveit.ros.planning_scene_monitor]: Unable to transform object from frame 'mur620b/camera_bottom_screw_frame' to planning frame'base_footprint' (Could not find a connection between 'base_footprint' and 'mur620b/camera_bottom_screw_frame' because they are not part of the same tree.Tf has two or more unconnected trees.)
[WARN] [1779363681.621541876] [mur620a.moveit.moveit.ros.planning_scene_monitor]: Unable to transform object from frame 'mur620b/imu_frame' to planning frame'base_footprint' (Could not find a connection between 'base_footprint' and 'mur620b/imu_frame' because they are not part of the same tree.Tf has two or more unconnected trees.)
[WARN] [1779363681.621550122] [mur620a.moveit.moveit.ros.planning_scene_monitor]: Unable to transform object from frame 'mur620b/left_lift_bottom' to planning frame'base_footprint' (Could not find a connection between 'base_footprint' and 'mur620b/left_lift_bottom' because they are not part of the same tree.Tf has two or more unconnected trees.)
[WARN] [1779363681.621556805] [mur620a.moveit.moveit.ros.planning_scene_monitor]: Unable to transform object from frame 'mur620b/top_module' to planning frame'base_footprint' (Could not find a connection between 'base_footprint' and 'mur620b/top_module' because they are not part of the same tree.Tf has two or more unconnected trees.)
[WARN] [1779363681.621564091] [mur620a.moveit.moveit.ros.planning_scene_monitor]: Unable to transform object from frame 'mur620b/left_lift_top' to planning frame'base_footprint' (Could not find a connection between 'base_footprint' and 'mur620b/left_lift_top' because they are not part of the same tree.Tf has two or more unconnected trees.)
[WARN] [1779363681.621570365] [mur620a.moveit.moveit.ros.planning_scene_monitor]: Unable to transform object from frame 'mur620b/right_lift_top' to planning frame'base_footprint' (Could not find a connection between 'base_footprint' and 'mur620b/right_lift_top' because they are not part of the same tree.Tf has two or more unconnected trees.)
[WARN] [1779363681.621576550] [mur620a.moveit.moveit.ros.planning_scene_monitor]: Unable to transform object from frame 'mur620b/right_lift_bottom' to planning frame'base_footprint' (Could not find a connection between 'base_footprint' and 'mur620b/right_lift_bottom' because they are not part of the same tree.Tf has two or more unconnected trees.)
[WARN] [1779363681.621581565] [mur620a.moveit.moveit.ros.planning_scene_monitor]: Unable to transform object from frame 'mur620b/us_1_frame' to planning frame'base_footprint' (Could not find a connection between 'base_footprint' and 'mur620b/us_1_frame' because they are not part of the same tree.Tf has two or more unconnected trees.)
[WARN] [1779363681.621585970] [mur620a.moveit.moveit.ros.planning_scene_monitor]: Unable to transform object from frame 'mur620b/us_2_frame' to planning frame'base_footprint' (Could not find a connection between 'base_footprint' and 'mur620b/us_2_frame' because they are not part of the same tree.Tf has two or more unconnected trees.)
[INFO] [1779363800.069824804] [mur620a.moveit.moveit.ros.move_group.move_action]: MoveGroupMoveAction: Received request
[INFO] [1779363800.070072246] [mur620a.moveit.moveit.ros.move_group.move_action]: executing..
[INFO] [1779363800.073287614] [mur620a.moveit.moveit.ros.move_group.move_action]: Combined planning and execution request received for MoveGroup action. Forwarding to planning and execution pipeline.
[INFO] [1779363800.073428240] [mur620a.moveit.moveit.ros.plan_execution]: Planning attempt 1 of at most 1
[INFO] [1779363800.073534488] [mur620a.moveit.moveit.ros.move_group.capability]: Using planning pipeline 'ompl'
[INFO] [1779363800.074008644] [mur620a.move_group]: Calling PlanningRequestAdapter 'ResolveConstraintFrames'
[INFO] [1779363800.074043299] [mur620a.move_group]: Calling PlanningRequestAdapter 'ValidateWorkspaceBounds'
[INFO] [1779363800.074048900] [mur620a.move_group]: Calling PlanningRequestAdapter 'CheckStartStateBounds'
[INFO] [1779363800.074129217] [mur620a.move_group]: Calling PlanningRequestAdapter 'CheckStartStateCollision'
[INFO] [1779363800.074827996] [mur620a.moveit.moveit.planners.ompl.model_based_planning_context]: Planner configuration 'UR_arm_l' will use planner 'geometric::RRTConnect'. Additional configuration parameters will be set when the planner is constructed.
[INFO] [1779363800.074956891] [mur620a.move_group]: Calling Planner 'OMPL'
[ERROR] [1779363805.075853511] [mur620a.moveit.moveit.planners.ompl.model_based_planning_context]: Unable to solve the planning problem
[ERROR] [1779363805.075939628] [mur620a.move_group]: Planner 'OMPL' failed with error code FAILURE
[INFO] [1779363805.075988672] [mur620a.moveit.moveit.ros.move_group.move_action]: FAILURE
---- /home/rosmatch/.ros/log/rviz2_786302_1779363674568.log
[WARN] [1779363675.708209696] [rcl.logging_rosout]: Publisher already registered for node name: 'rviz2_mur620a_moveit'. If this is due to multiple nodes with the same name then all logs for the logger named 'rviz2_mur620a_moveit' will go out over the existing publisher. As soon as any node with that name is destructed it will unregister the publisher, preventing any further logs for that name from being published on the rosout topic.
[ERROR] [1779363678.756719062] [rviz2_mur620a_moveit.moveit.ros.motion_planning_frame]: Action server: /recognize_objects not available
[WARN] [1779363680.331991514] [interactive_marker_display_99272110109648]: Server not available during initialization, resetting
[ERROR] [1779363681.644403837] [interactive_marker_display_99272110109648]: Resetting due to transform error: [tf2::LookupException]: "map" passed to lookupTransform argument target_frame does not exist. 
[ERROR] [1779363805.076798746] [rviz2_mur620a_moveit.moveit.ros.move_group_interface]: MoveGroupInterface::move() failed or timeout reached
---- /home/rosmatch/.ros/log/move_group_786333_1779363674604.log
[WARN] [1779363694.081014447] [mur620b.moveit.moveit.ros.planning_scene_monitor]: Unable to transform object from frame 'mur620b/camera_infra1_optical_frame' to planning frame'base_footprint' (Could not find a connection between 'base_footprint' and 'mur620b/camera_infra1_optical_frame' because they are not part of the same tree.Tf has two or more unconnected trees.)
[WARN] [1779363694.081022329] [mur620b.moveit.moveit.ros.planning_scene_monitor]: Unable to transform object from frame 'mur620b/camera_infra2_frame' to planning frame'base_footprint' (Could not find a connection between 'base_footprint' and 'mur620b/camera_infra2_frame' because they are not part of the same tree.Tf has two or more unconnected trees.)
[WARN] [1779363694.081030326] [mur620b.moveit.moveit.ros.planning_scene_monitor]: Unable to transform object from frame 'mur620b/camera_infra2_optical_frame' to planning frame'base_footprint' (Could not find a connection between 'base_footprint' and 'mur620b/camera_infra2_optical_frame' because they are not part of the same tree.Tf has two or more unconnected trees.)
[WARN] [1779363694.081037325] [mur620b.moveit.moveit.ros.planning_scene_monitor]: Unable to transform object from frame 'mur620b/camera_bottom_screw_frame' to planning frame'base_footprint' (Could not find a connection between 'base_footprint' and 'mur620b/camera_bottom_screw_frame' because they are not part of the same tree.Tf has two or more unconnected trees.)
[WARN] [1779363694.081044613] [mur620b.moveit.moveit.ros.planning_scene_monitor]: Unable to transform object from frame 'mur620b/imu_frame' to planning frame'base_footprint' (Could not find a connection between 'base_footprint' and 'mur620b/imu_frame' because they are not part of the same tree.Tf has two or more unconnected trees.)
[WARN] [1779363694.081050707] [mur620b.moveit.moveit.ros.planning_scene_monitor]: Unable to transform object from frame 'mur620b/left_lift_bottom' to planning frame'base_footprint' (Could not find a connection between 'base_footprint' and 'mur620b/left_lift_bottom' because they are not part of the same tree.Tf has two or more unconnected trees.)
[WARN] [1779363694.081056121] [mur620b.moveit.moveit.ros.planning_scene_monitor]: Unable to transform object from frame 'mur620b/top_module' to planning frame'base_footprint' (Could not find a connection between 'base_footprint' and 'mur620b/top_module' because they are not part of the same tree.Tf has two or more unconnected trees.)
[WARN] [1779363694.081061352] [mur620b.moveit.moveit.ros.planning_scene_monitor]: Unable to transform object from frame 'mur620b/left_lift_top' to planning frame'base_footprint' (Could not find a connection between 'base_footprint' and 'mur620b/left_lift_top' because they are not part of the same tree.Tf has two or more unconnected trees.)
[WARN] [1779363694.081068517] [mur620b.moveit.moveit.ros.planning_scene_monitor]: Unable to transform object from frame 'mur620b/right_lift_top' to planning frame'base_footprint' (Could not find a connection between 'base_footprint' and 'mur620b/right_lift_top' because they are not part of the same tree.Tf has two or more unconnected trees.)
[WARN] [1779363694.081073645] [mur620b.moveit.moveit.ros.planning_scene_monitor]: Unable to transform object from frame 'mur620b/right_lift_bottom' to planning frame'base_footprint' (Could not find a connection between 'base_footprint' and 'mur620b/right_lift_bottom' because they are not part of the same tree.Tf has two or more unconnected trees.)
[WARN] [1779363694.081078661] [mur620b.moveit.moveit.ros.planning_scene_monitor]: Unable to transform object from frame 'mur620b/us_1_frame' to planning frame'base_footprint' (Could not find a connection between 'base_footprint' and 'mur620b/us_1_frame' because they are not part of the same tree.Tf has two or more unconnected trees.)
[WARN] [1779363694.081083758] [mur620b.moveit.moveit.ros.planning_scene_monitor]: Unable to transform object from frame 'mur620b/us_2_frame' to planning frame'base_footprint' (Could not find a connection between 'base_footprint' and 'mur620b/us_2_frame' because they are not part of the same tree.Tf has two or more unconnected trees.)
[WARN] [1779363694.081089285] [mur620b.moveit.moveit.ros.planning_scene_monitor]: Unable to transform object from frame 'mur620b/UR10_l/forearm_link' to planning frame'base_footprint' (Could not find a connection between 'base_footprint' and 'mur620b/UR10_l/forearm_link' because they are not part of the same tree.Tf has two or more unconnected trees.)
[WARN] [1779363694.081094834] [mur620b.moveit.moveit.ros.planning_scene_monitor]: Unable to transform object from frame 'mur620b/UR10_l/upper_arm_link' to planning frame'base_footprint' (Could not find a connection between 'base_footprint' and 'mur620b/UR10_l/upper_arm_link' because they are not part of the same tree.Tf has two or more unconnected trees.)
[WARN] [1779363694.081100156] [mur620b.moveit.moveit.ros.planning_scene_monitor]: Unable to transform object from frame 'mur620b/UR10_l/shoulder_link' to planning frame'base_footprint' (Could not find a connection between 'base_footprint' and 'mur620b/UR10_l/shoulder_link' because they are not part of the same tree.Tf has two or more unconnected trees.)
[WARN] [1779363694.081105823] [mur620b.moveit.moveit.ros.planning_scene_monitor]: Unable to transform object from frame 'mur620b/UR10_l/wrist_1_link' to planning frame'base_footprint' (Could not find a connection between 'base_footprint' and 'mur620b/UR10_l/wrist_1_link' because they are not part of the same tree.Tf has two or more unconnected trees.)
[WARN] [1779363694.081111234] [mur620b.moveit.moveit.ros.planning_scene_monitor]: Unable to transform object from frame 'mur620b/UR10_l/wrist_2_link' to planning frame'base_footprint' (Could not find a connection between 'base_footprint' and 'mur620b/UR10_l/wrist_2_link' because they are not part of the same tree.Tf has two or more unconnected trees.)
[WARN] [1779363694.081116443] [mur620b.moveit.moveit.ros.planning_scene_monitor]: Unable to transform object from frame 'mur620b/UR10_r/forearm_link' to planning frame'base_footprint' (Could not find a connection between 'base_footprint' and 'mur620b/UR10_r/forearm_link' because they are not part of the same tree.Tf has two or more unconnected trees.)
[WARN] [1779363694.081121472] [mur620b.moveit.moveit.ros.planning_scene_monitor]: Unable to transform object from frame 'mur620b/UR10_r/upper_arm_link' to planning frame'base_footprint' (Could not find a connection between 'base_footprint' and 'mur620b/UR10_r/upper_arm_link' because they are not part of the same tree.Tf has two or more unconnected trees.)
[WARN] [1779363694.081128204] [mur620b.moveit.moveit.ros.planning_scene_monitor]: Unable to transform object from frame 'mur620b/UR10_r/shoulder_link' to planning frame'base_footprint' (Could not find a connection between 'base_footprint' and 'mur620b/UR10_r/shoulder_link' because they are not part of the same tree.Tf has two or more unconnected trees.)
[WARN] [1779363694.081133205] [mur620b.moveit.moveit.ros.planning_scene_monitor]: Unable to transform object from frame 'mur620b/UR10_r/wrist_1_link' to planning frame'base_footprint' (Could not find a connection between 'base_footprint' and 'mur620b/UR10_r/wrist_1_link' because they are not part of the same tree.Tf has two or more unconnected trees.)
[WARN] [1779363694.081138220] [mur620b.moveit.moveit.ros.planning_scene_monitor]: Unable to transform object from frame 'mur620b/UR10_r/wrist_2_link' to planning frame'base_footprint' (Could not find a connection between 'base_footprint' and 'mur620b/UR10_r/wrist_2_link' because they are not part of the same tree.Tf has two or more unconnected trees.)
[WARN] [1779363694.081143145] [mur620b.moveit.moveit.ros.planning_scene_monitor]: Unable to transform object from frame 'mur620b/bl_caster_rotation_link' to planning frame'base_footprint' (Could not find a connection between 'base_footprint' and 'mur620b/bl_caster_rotation_link' because they are not part of the same tree.Tf has two or more unconnected trees.)
[WARN] [1779363694.081148369] [mur620b.moveit.moveit.ros.planning_scene_monitor]: Unable to transform object from frame 'mur620b/bl_caster_wheel_link' to planning frame'base_footprint' (Could not find a connection between 'base_footprint' and 'mur620b/bl_caster_wheel_link' because they are not part of the same tree.Tf has two or more unconnected trees.)
[WARN] [1779363694.081153240] [mur620b.moveit.moveit.ros.planning_scene_monitor]: Unable to transform object from frame 'mur620b/br_caster_rotation_link' to planning frame'base_footprint' (Could not find a connection between 'base_footprint' and 'mur620b/br_caster_rotation_link' because they are not part of the same tree.Tf has two or more unconnected trees.)
[WARN] [1779363694.081158208] [mur620b.moveit.moveit.ros.planning_scene_monitor]: Unable to transform object from frame 'mur620b/br_caster_wheel_link' to planning frame'base_footprint' (Could not find a connection between 'base_footprint' and 'mur620b/br_caster_wheel_link' because they are not part of the same tree.Tf has two or more unconnected trees.)
[WARN] [1779363694.081163063] [mur620b.moveit.moveit.ros.planning_scene_monitor]: Unable to transform object from frame 'mur620b/fl_caster_rotation_link' to planning frame'base_footprint' (Could not find a connection between 'base_footprint' and 'mur620b/fl_caster_rotation_link' because they are not part of the same tree.Tf has two or more unconnected trees.)
[WARN] [1779363694.081170589] [mur620b.moveit.moveit.ros.planning_scene_monitor]: Unable to transform object from frame 'mur620b/fl_caster_wheel_link' to planning frame'base_footprint' (Could not find a connection between 'base_footprint' and 'mur620b/fl_caster_wheel_link' because they are not part of the same tree.Tf has two or more unconnected trees.)
[WARN] [1779363694.081178706] [mur620b.moveit.moveit.ros.planning_scene_monitor]: Unable to transform object from frame 'mur620b/fr_caster_rotation_link' to planning frame'base_footprint' (Could not find a connection between 'base_footprint' and 'mur620b/fr_caster_rotation_link' because they are not part of the same tree.Tf has two or more unconnected trees.)
[WARN] [1779363694.081186476] [mur620b.moveit.moveit.ros.planning_scene_monitor]: Unable to transform object from frame 'mur620b/fr_caster_wheel_link' to planning frame'base_footprint' (Could not find a connection between 'base_footprint' and 'mur620b/fr_caster_wheel_link' because they are not part of the same tree.Tf has two or more unconnected trees.)
[WARN] [1779363694.081193207] [mur620b.moveit.moveit.ros.planning_scene_monitor]: Unable to transform object from frame 'mur620b/left_wheel_link' to planning frame'base_footprint' (Could not find a connection between 'base_footprint' and 'mur620b/left_wheel_link' because they are not part of the same tree.Tf has two or more unconnected trees.)
[WARN] [1779363694.081200023] [mur620b.moveit.moveit.ros.planning_scene_monitor]: Unable to transform object from frame 'mur620b/right_wheel_link' to planning frame'base_footprint' (Could not find a connection between 'base_footprint' and 'mur620b/right_wheel_link' because they are not part of the same tree.Tf has two or more unconnected trees.)
[WARN] [1779363694.131754704] [mur620b.moveit.moveit.ros.planning_scene_monitor]: Unable to transform object from frame 'mur620b/UR10_l/base_link' to planning frame'base_footprint' (Could not find a connection between 'base_footprint' and 'mur620b/UR10_l/base_link' because they are not part of the same tree.Tf has two or more unconnected trees.)
[WARN] [1779363694.131814073] [mur620b.moveit.moveit.ros.planning_scene_monitor]: Unable to transform object from frame 'mur620b/UR10_l/base_ideal' to planning frame'base_footprint' (Could not find a connection between 'base_footprint' and 'mur620b/UR10_l/base_ideal' because they are not part of the same tree.Tf has two or more unconnected trees.)
[WARN] [1779363694.131824060] [mur620b.moveit.moveit.ros.planning_scene_monitor]: Unable to transform object from frame 'mur620b/UR10_l/base' to planning frame'base_footprint' (Could not find a connection between 'base_footprint' and 'mur620b/UR10_l/base' because they are not part of the same tree.Tf has two or more unconnected trees.)
[WARN] [1779363694.131832347] [mur620b.moveit.moveit.ros.planning_scene_monitor]: Unable to transform object from frame 'mur620b/UR10_l/base_link_inertia' to planning frame'base_footprint' (Could not find a connection between 'base_footprint' and 'mur620b/UR10_l/base_link_inertia' because they are not part of the same tree.Tf has two or more unconnected trees.)
[WARN] [1779363694.131842117] [mur620b.moveit.moveit.ros.planning_scene_monitor]: Unable to transform object from frame 'mur620b/UR10_l/tool0' to planning frame'base_footprint' (Could not find a connection between 'base_footprint' and 'mur620b/UR10_l/tool0' because they are not part of the same tree.Tf has two or more unconnected trees.)
[WARN] [1779363694.131849841] [mur620b.moveit.moveit.ros.planning_scene_monitor]: Unable to transform object from frame 'mur620b/UR10_l/flange' to planning frame'base_footprint' (Could not find a connection between 'base_footprint' and 'mur620b/UR10_l/flange' because they are not part of the same tree.Tf has two or more unconnected trees.)
[WARN] [1779363694.131857184] [mur620b.moveit.moveit.ros.planning_scene_monitor]: Unable to transform object from frame 'mur620b/UR10_l/wrist_3_link' to planning frame'base_footprint' (Could not find a connection between 'base_footprint' and 'mur620b/UR10_l/wrist_3_link' because they are not part of the same tree.Tf has two or more unconnected trees.)
[WARN] [1779363694.131864235] [mur620b.moveit.moveit.ros.planning_scene_monitor]: Unable to transform object from frame 'mur620b/UR10_l/ft_frame' to planning frame'base_footprint' (Could not find a connection between 'base_footprint' and 'mur620b/UR10_l/ft_frame' because they are not part of the same tree.Tf has two or more unconnected trees.)
[WARN] [1779363694.131871672] [mur620b.moveit.moveit.ros.planning_scene_monitor]: Unable to transform object from frame 'mur620b/UR10_r/base_link' to planning frame'base_footprint' (Could not find a connection between 'base_footprint' and 'mur620b/UR10_r/base_link' because they are not part of the same tree.Tf has two or more unconnected trees.)
[WARN] [1779363694.131878807] [mur620b.moveit.moveit.ros.planning_scene_monitor]: Unable to transform object from frame 'mur620b/UR10_r/base_ideal' to planning frame'base_footprint' (Could not find a connection between 'base_footprint' and 'mur620b/UR10_r/base_ideal' because they are not part of the same tree.Tf has two or more unconnected trees.)
[WARN] [1779363694.131886763] [mur620b.moveit.moveit.ros.planning_scene_monitor]: Unable to transform object from frame 'mur620b/UR10_r/base' to planning frame'base_footprint' (Could not find a connection between 'base_footprint' and 'mur620b/UR10_r/base' because they are not part of the same tree.Tf has two or more unconnected trees.)
[WARN] [1779363694.131927415] [mur620b.moveit.moveit.ros.planning_scene_monitor]: Unable to transform object from frame 'mur620b/UR10_r/base_link_inertia' to planning frame'base_footprint' (Could not find a connection between 'base_footprint' and 'mur620b/UR10_r/base_link_inertia' because they are not part of the same tree.Tf has two or more unconnected trees.)
[WARN] [1779363694.131938409] [mur620b.moveit.moveit.ros.planning_scene_monitor]: Unable to transform object from frame 'mur620b/UR10_r/tool0' to planning frame'base_footprint' (Could not find a connection between 'base_footprint' and 'mur620b/UR10_r/tool0' because they are not part of the same tree.Tf has two or more unconnected trees.)
[WARN] [1779363694.131946581] [mur620b.moveit.moveit.ros.planning_scene_monitor]: Unable to transform object from frame 'mur620b/UR10_r/flange' to planning frame'base_footprint' (Could not find a connection between 'base_footprint' and 'mur620b/UR10_r/flange' because they are not part of the same tree.Tf has two or more unconnected trees.)
[WARN] [1779363694.131953796] [mur620b.moveit.moveit.ros.planning_scene_monitor]: Unable to transform object from frame 'mur620b/UR10_r/wrist_3_link' to planning frame'base_footprint' (Could not find a connection between 'base_footprint' and 'mur620b/UR10_r/wrist_3_link' because they are not part of the same tree.Tf has two or more unconnected trees.)
[WARN] [1779363694.131961769] [mur620b.moveit.moveit.ros.planning_scene_monitor]: Unable to transform object from frame 'mur620b/UR10_r/ft_frame' to planning frame'base_footprint' (Could not find a connection between 'base_footprint' and 'mur620b/UR10_r/ft_frame' because they are not part of the same tree.Tf has two or more unconnected trees.)
[WARN] [1779363694.131969107] [mur620b.moveit.moveit.ros.planning_scene_monitor]: Unable to transform object from frame 'mur620b/base_link' to planning frame'base_footprint' (Could not find a connection between 'base_footprint' and 'mur620b/base_link' because they are not part of the same tree.Tf has two or more unconnected trees.)
[WARN] [1779363694.131976582] [mur620b.moveit.moveit.ros.planning_scene_monitor]: Unable to transform object from frame 'mur620b/base_footprint' to planning frame'base_footprint' (Could not find a connection between 'base_footprint' and 'mur620b/base_footprint' because they are not part of the same tree.Tf has two or more unconnected trees.)
[WARN] [1779363694.131984498] [mur620b.moveit.moveit.ros.planning_scene_monitor]: Unable to transform object from frame 'mur620b/surface' to planning frame'base_footprint' (Could not find a connection between 'base_footprint' and 'mur620b/surface' because they are not part of the same tree.Tf has two or more unconnected trees.)
[WARN] [1779363694.131992370] [mur620b.moveit.moveit.ros.planning_scene_monitor]: Unable to transform object from frame 'mur620b/back_laser_link' to planning frame'base_footprint' (Could not find a connection between 'base_footprint' and 'mur620b/back_laser_link' because they are not part of the same tree.Tf has two or more unconnected trees.)
[WARN] [1779363694.132000880] [mur620b.moveit.moveit.ros.planning_scene_monitor]: Unable to transform object from frame 'mur620b/front_laser_link' to planning frame'base_footprint' (Could not find a connection between 'base_footprint' and 'mur620b/front_laser_link' because they are not part of the same tree.Tf has two or more unconnected trees.)
[WARN] [1779363694.132009022] [mur620b.moveit.moveit.ros.planning_scene_monitor]: Unable to transform object from frame 'mur620b/imu_link' to planning frame'base_footprint' (Could not find a connection between 'base_footprint' and 'mur620b/imu_link' because they are not part of the same tree.Tf has two or more unconnected trees.)
[WARN] [1779363694.132017227] [mur620b.moveit.moveit.ros.planning_scene_monitor]: Unable to transform object from frame 'mur620b/camera_color_frame' to planning frame'base_footprint' (Could not find a connection between 'base_footprint' and 'mur620b/camera_color_frame' because they are not part of the same tree.Tf has two or more unconnected trees.)
[WARN] [1779363694.132030447] [mur620b.moveit.moveit.ros.planning_scene_monitor]: Unable to transform object from frame 'mur620b/camera_link' to planning frame'base_footprint' (Could not find a connection between 'base_footprint' and 'mur620b/camera_link' because they are not part of the same tree.Tf has two or more unconnected trees.)
[WARN] [1779363694.132037782] [mur620b.moveit.moveit.ros.planning_scene_monitor]: Unable to transform object from frame 'mur620b/camera_color_optical_frame' to planning frame'base_footprint' (Could not find a connection between 'base_footprint' and 'mur620b/camera_color_optical_frame' because they are not part of the same tree.Tf has two or more unconnected trees.)
[WARN] [1779363694.132044730] [mur620b.moveit.moveit.ros.planning_scene_monitor]: Unable to transform object from frame 'mur620b/camera_depth_frame' to planning frame'base_footprint' (Could not find a connection between 'base_footprint' and 'mur620b/camera_depth_frame' because they are not part of the same tree.Tf has two or more unconnected trees.)
[WARN] [1779363694.132052384] [mur620b.moveit.moveit.ros.planning_scene_monitor]: Unable to transform object from frame 'mur620b/camera_depth_optical_frame' to planning frame'base_footprint' (Could not find a connection between 'base_footprint' and 'mur620b/camera_depth_optical_frame' because they are not part of the same tree.Tf has two or more unconnected trees.)
[WARN] [1779363694.132061182] [mur620b.moveit.moveit.ros.planning_scene_monitor]: Unable to transform object from frame 'mur620b/camera_infra1_frame' to planning frame'base_footprint' (Could not find a connection between 'base_footprint' and 'mur620b/camera_infra1_frame' because they are not part of the same tree.Tf has two or more unconnected trees.)
[WARN] [1779363694.132069413] [mur620b.moveit.moveit.ros.planning_scene_monitor]: Unable to transform object from frame 'mur620b/camera_infra1_optical_frame' to planning frame'base_footprint' (Could not find a connection between 'base_footprint' and 'mur620b/camera_infra1_optical_frame' because they are not part of the same tree.Tf has two or more unconnected trees.)
[WARN] [1779363694.132076912] [mur620b.moveit.moveit.ros.planning_scene_monitor]: Unable to transform object from frame 'mur620b/camera_infra2_frame' to planning frame'base_footprint' (Could not find a connection between 'base_footprint' and 'mur620b/camera_infra2_frame' because they are not part of the same tree.Tf has two or more unconnected trees.)
[WARN] [1779363694.132083820] [mur620b.moveit.moveit.ros.planning_scene_monitor]: Unable to transform object from frame 'mur620b/camera_infra2_optical_frame' to planning frame'base_footprint' (Could not find a connection between 'base_footprint' and 'mur620b/camera_infra2_optical_frame' because they are not part of the same tree.Tf has two or more unconnected trees.)
[WARN] [1779363694.132090585] [mur620b.moveit.moveit.ros.planning_scene_monitor]: Unable to transform object from frame 'mur620b/camera_bottom_screw_frame' to planning frame'base_footprint' (Could not find a connection between 'base_footprint' and 'mur620b/camera_bottom_screw_frame' because they are not part of the same tree.Tf has two or more unconnected trees.)
[WARN] [1779363694.132098155] [mur620b.moveit.moveit.ros.planning_scene_monitor]: Unable to transform object from frame 'mur620b/imu_frame' to planning frame'base_footprint' (Could not find a connection between 'base_footprint' and 'mur620b/imu_frame' because they are not part of the same tree.Tf has two or more unconnected trees.)
[WARN] [1779363694.132567842] [mur620b.moveit.moveit.ros.planning_scene_monitor]: Unable to transform object from frame 'mur620b/left_lift_bottom' to planning frame'base_footprint' (Could not find a connection between 'base_footprint' and 'mur620b/left_lift_bottom' because they are not part of the same tree.Tf has two or more unconnected trees.)
[WARN] [1779363694.132618838] [mur620b.moveit.moveit.ros.planning_scene_monitor]: Unable to transform object from frame 'mur620b/top_module' to planning frame'base_footprint' (Could not find a connection between 'base_footprint' and 'mur620b/top_module' because they are not part of the same tree.Tf has two or more unconnected trees.)
[WARN] [1779363694.132628581] [mur620b.moveit.moveit.ros.planning_scene_monitor]: Unable to transform object from frame 'mur620b/left_lift_top' to planning frame'base_footprint' (Could not find a connection between 'base_footprint' and 'mur620b/left_lift_top' because they are not part of the same tree.Tf has two or more unconnected trees.)
[WARN] [1779363694.132635995] [mur620b.moveit.moveit.ros.planning_scene_monitor]: Unable to transform object from frame 'mur620b/right_lift_top' to planning frame'base_footprint' (Could not find a connection between 'base_footprint' and 'mur620b/right_lift_top' because they are not part of the same tree.Tf has two or more unconnected trees.)
[WARN] [1779363694.132642824] [mur620b.moveit.moveit.ros.planning_scene_monitor]: Unable to transform object from frame 'mur620b/right_lift_bottom' to planning frame'base_footprint' (Could not find a connection between 'base_footprint' and 'mur620b/right_lift_bottom' because they are not part of the same tree.Tf has two or more unconnected trees.)
[WARN] [1779363694.132650043] [mur620b.moveit.moveit.ros.planning_scene_monitor]: Unable to transform object from frame 'mur620b/us_1_frame' to planning frame'base_footprint' (Could not find a connection between 'base_footprint' and 'mur620b/us_1_frame' because they are not part of the same tree.Tf has two or more unconnected trees.)
[WARN] [1779363694.132656467] [mur620b.moveit.moveit.ros.planning_scene_monitor]: Unable to transform object from frame 'mur620b/us_2_frame' to planning frame'base_footprint' (Could not find a connection between 'base_footprint' and 'mur620b/us_2_frame' because they are not part of the same tree.Tf has two or more unconnected trees.)
[WARN] [1779363694.132664303] [mur620b.moveit.moveit.ros.planning_scene_monitor]: Unable to transform object from frame 'mur620b/UR10_l/forearm_link' to planning frame'base_footprint' (Could not find a connection between 'base_footprint' and 'mur620b/UR10_l/forearm_link' because they are not part of the same tree.Tf has two or more unconnected trees.)
[WARN] [1779363694.132672136] [mur620b.moveit.moveit.ros.planning_scene_monitor]: Unable to transform object from frame 'mur620b/UR10_l/upper_arm_link' to planning frame'base_footprint' (Could not find a connection between 'base_footprint' and 'mur620b/UR10_l/upper_arm_link' because they are not part of the same tree.Tf has two or more unconnected trees.)
[WARN] [1779363694.132683894] [mur620b.moveit.moveit.ros.planning_scene_monitor]: Unable to transform object from frame 'mur620b/UR10_l/shoulder_link' to planning frame'base_footprint' (Could not find a connection between 'base_footprint' and 'mur620b/UR10_l/shoulder_link' because they are not part of the same tree.Tf has two or more unconnected trees.)
[WARN] [1779363694.132690962] [mur620b.moveit.moveit.ros.planning_scene_monitor]: Unable to transform object from frame 'mur620b/UR10_l/wrist_1_link' to planning frame'base_footprint' (Could not find a connection between 'base_footprint' and 'mur620b/UR10_l/wrist_1_link' because they are not part of the same tree.Tf has two or more unconnected trees.)
[WARN] [1779363694.132697654] [mur620b.moveit.moveit.ros.planning_scene_monitor]: Unable to transform object from frame 'mur620b/UR10_l/wrist_2_link' to planning frame'base_footprint' (Could not find a connection between 'base_footprint' and 'mur620b/UR10_l/wrist_2_link' because they are not part of the same tree.Tf has two or more unconnected trees.)
[WARN] [1779363694.132705349] [mur620b.moveit.moveit.ros.planning_scene_monitor]: Unable to transform object from frame 'mur620b/UR10_r/forearm_link' to planning frame'base_footprint' (Could not find a connection between 'base_footprint' and 'mur620b/UR10_r/forearm_link' because they are not part of the same tree.Tf has two or more unconnected trees.)
[WARN] [1779363694.132716360] [mur620b.moveit.moveit.ros.planning_scene_monitor]: Unable to transform object from frame 'mur620b/UR10_r/upper_arm_link' to planning frame'base_footprint' (Could not find a connection between 'base_footprint' and 'mur620b/UR10_r/upper_arm_link' because they are not part of the same tree.Tf has two or more unconnected trees.)
[WARN] [1779363694.132723593] [mur620b.moveit.moveit.ros.planning_scene_monitor]: Unable to transform object from frame 'mur620b/UR10_r/shoulder_link' to planning frame'base_footprint' (Could not find a connection between 'base_footprint' and 'mur620b/UR10_r/shoulder_link' because they are not part of the same tree.Tf has two or more unconnected trees.)
[WARN] [1779363694.132730584] [mur620b.moveit.moveit.ros.planning_scene_monitor]: Unable to transform object from frame 'mur620b/UR10_r/wrist_1_link' to planning frame'base_footprint' (Could not find a connection between 'base_footprint' and 'mur620b/UR10_r/wrist_1_link' because they are not part of the same tree.Tf has two or more unconnected trees.)
[WARN] [1779363694.132737328] [mur620b.moveit.moveit.ros.planning_scene_monitor]: Unable to transform object from frame 'mur620b/UR10_r/wrist_2_link' to planning frame'base_footprint' (Could not find a connection between 'base_footprint' and 'mur620b/UR10_r/wrist_2_link' because they are not part of the same tree.Tf has two or more unconnected trees.)
[WARN] [1779363694.132743900] [mur620b.moveit.moveit.ros.planning_scene_monitor]: Unable to transform object from frame 'mur620b/bl_caster_rotation_link' to planning frame'base_footprint' (Could not find a connection between 'base_footprint' and 'mur620b/bl_caster_rotation_link' because they are not part of the same tree.Tf has two or more unconnected trees.)
[WARN] [1779363694.132750342] [mur620b.moveit.moveit.ros.planning_scene_monitor]: Unable to transform object from frame 'mur620b/bl_caster_wheel_link' to planning frame'base_footprint' (Could not find a connection between 'base_footprint' and 'mur620b/bl_caster_wheel_link' because they are not part of the same tree.Tf has two or more unconnected trees.)
[WARN] [1779363694.132756740] [mur620b.moveit.moveit.ros.planning_scene_monitor]: Unable to transform object from frame 'mur620b/br_caster_rotation_link' to planning frame'base_footprint' (Could not find a connection between 'base_footprint' and 'mur620b/br_caster_rotation_link' because they are not part of the same tree.Tf has two or more unconnected trees.)
[WARN] [1779363694.132763531] [mur620b.moveit.moveit.ros.planning_scene_monitor]: Unable to transform object from frame 'mur620b/br_caster_wheel_link' to planning frame'base_footprint' (Could not find a connection between 'base_footprint' and 'mur620b/br_caster_wheel_link' because they are not part of the same tree.Tf has two or more unconnected trees.)
[WARN] [1779363694.132769773] [mur620b.moveit.moveit.ros.planning_scene_monitor]: Unable to transform object from frame 'mur620b/fl_caster_rotation_link' to planning frame'base_footprint' (Could not find a connection between 'base_footprint' and 'mur620b/fl_caster_rotation_link' because they are not part of the same tree.Tf has two or more unconnected trees.)
[WARN] [1779363694.132776067] [mur620b.moveit.moveit.ros.planning_scene_monitor]: Unable to transform object from frame 'mur620b/fl_caster_wheel_link' to planning frame'base_footprint' (Could not find a connection between 'base_footprint' and 'mur620b/fl_caster_wheel_link' because they are not part of the same tree.Tf has two or more unconnected trees.)
[WARN] [1779363694.132784482] [mur620b.moveit.moveit.ros.planning_scene_monitor]: Unable to transform object from frame 'mur620b/fr_caster_rotation_link' to planning frame'base_footprint' (Could not find a connection between 'base_footprint' and 'mur620b/fr_caster_rotation_link' because they are not part of the same tree.Tf has two or more unconnected trees.)
[WARN] [1779363694.132793392] [mur620b.moveit.moveit.ros.planning_scene_monitor]: Unable to transform object from frame 'mur620b/fr_caster_wheel_link' to planning frame'base_footprint' (Could not find a connection between 'base_footprint' and 'mur620b/fr_caster_wheel_link' because they are not part of the same tree.Tf has two or more unconnected trees.)
[WARN] [1779363694.132800277] [mur620b.moveit.moveit.ros.planning_scene_monitor]: Unable to transform object from frame 'mur620b/left_wheel_link' to planning frame'base_footprint' (Could not find a connection between 'base_footprint' and 'mur620b/left_wheel_link' because they are not part of the same tree.Tf has two or more unconnected trees.)
[WARN] [1779363694.132806657] [mur620b.moveit.moveit.ros.planning_scene_monitor]: Unable to transform object from frame 'mur620b/right_wheel_link' to planning frame'base_footprint' (Could not find a connection between 'base_footprint' and 'mur620b/right_wheel_link' because they are not part of the same tree.Tf has two or more unconnected trees.)
[INFO] [1779363733.062347786] [mur620b.moveit.moveit.ros.move_group.move_action]: MoveGroupMoveAction: Received request
[INFO] [1779363733.062620326] [mur620b.moveit.moveit.ros.move_group.move_action]: executing..
[INFO] [1779363733.064529033] [mur620b.moveit.moveit.ros.move_group.move_action]: Combined planning and execution request received for MoveGroup action. Forwarding to planning and execution pipeline.
[INFO] [1779363733.064664762] [mur620b.moveit.moveit.ros.plan_execution]: Planning attempt 1 of at most 1
[INFO] [1779363733.064787684] [mur620b.moveit.moveit.ros.move_group.capability]: Using planning pipeline 'ompl'
[INFO] [1779363733.065291101] [mur620b.move_group]: Calling PlanningRequestAdapter 'ResolveConstraintFrames'
[INFO] [1779363733.065334862] [mur620b.move_group]: Calling PlanningRequestAdapter 'ValidateWorkspaceBounds'
[INFO] [1779363733.065354786] [mur620b.move_group]: Calling PlanningRequestAdapter 'CheckStartStateBounds'
[INFO] [1779363733.065410441] [mur620b.move_group]: Calling PlanningRequestAdapter 'CheckStartStateCollision'
[INFO] [1779363733.066202543] [mur620b.moveit.moveit.planners.ompl.model_based_planning_context]: Planner configuration 'UR_arm_l' will use planner 'geometric::RRTConnect'. Additional configuration parameters will be set when the planner is constructed.
[INFO] [1779363733.066378706] [mur620b.move_group]: Calling Planner 'OMPL'
[ERROR] [1779363738.066648478] [mur620b.moveit.moveit.planners.ompl.model_based_planning_context]: Unable to solve the planning problem
[ERROR] [1779363738.066719010] [mur620b.move_group]: Planner 'OMPL' failed with error code FAILURE
[INFO] [1779363738.066755392] [mur620b.moveit.moveit.ros.move_group.move_action]: FAILURE
[INFO] [1779363759.425444630] [mur620b.moveit.moveit.ros.move_group.move_action]: MoveGroupMoveAction: Received request
[INFO] [1779363759.425697368] [mur620b.moveit.moveit.ros.move_group.move_action]: executing..
[INFO] [1779363759.439206218] [mur620b.moveit.moveit.ros.move_group.move_action]: Combined planning and execution request received for MoveGroup action. Forwarding to planning and execution pipeline.
[INFO] [1779363759.439292017] [mur620b.moveit.moveit.ros.plan_execution]: Planning attempt 1 of at most 1
[INFO] [1779363759.439399343] [mur620b.moveit.moveit.ros.move_group.capability]: Using planning pipeline 'ompl'
[INFO] [1779363759.439769900] [mur620b.move_group]: Calling PlanningRequestAdapter 'ResolveConstraintFrames'
[INFO] [1779363759.439823933] [mur620b.move_group]: Calling PlanningRequestAdapter 'ValidateWorkspaceBounds'
[INFO] [1779363759.439839793] [mur620b.move_group]: Calling PlanningRequestAdapter 'CheckStartStateBounds'
[INFO] [1779363759.439864709] [mur620b.move_group]: Calling PlanningRequestAdapter 'CheckStartStateCollision'
[INFO] [1779363759.440285181] [mur620b.moveit.moveit.planners.ompl.model_based_planning_context]: Planner configuration 'UR_arm_both' will use planner 'geometric::RRTConnect'. Additional configuration parameters will be set when the planner is constructed.
[INFO] [1779363759.440382095] [mur620b.move_group]: Calling Planner 'OMPL'
[ERROR] [1779363764.440661292] [mur620b.moveit.moveit.planners.ompl.model_based_planning_context]: Unable to solve the planning problem
[ERROR] [1779363764.440784778] [mur620b.move_group]: Planner 'OMPL' failed with error code FAILURE
[INFO] [1779363764.440823939] [mur620b.moveit.moveit.ros.move_group.move_action]: FAILURE
---- /home/rosmatch/.ros/log/rviz2_787688_1779363686757.log
[WARN] [1779363688.083765386] [rcl.logging_rosout]: Publisher already registered for node name: 'rviz2_mur620b_moveit'. If this is due to multiple nodes with the same name then all logs for the logger named 'rviz2_mur620b_moveit' will go out over the existing publisher. As soon as any node with that name is destructed it will unregister the publisher, preventing any further logs for that name from being published on the rosout topic.
[ERROR] [1779363691.149176405] [rviz2_mur620b_moveit.moveit.ros.motion_planning_frame]: Action server: /recognize_objects not available
[WARN] [1779363692.776700735] [interactive_marker_display_109613152488000]: Server not available during initialization, resetting
[ERROR] [1779363694.157133357] [interactive_marker_display_109613152488000]: Resetting due to transform error: [tf2::LookupException]: "map" passed to lookupTransform argument target_frame does not exist. 
[ERROR] [1779363738.067138232] [rviz2_mur620b_moveit.moveit.ros.move_group_interface]: MoveGroupInterface::move() failed or timeout reached
[ERROR] [1779363764.442131715] [rviz2_mur620b_moveit.moveit.ros.move_group_interface]: MoveGroupInterface::move() failed or timeout reached
---- /home/rosmatch/.ros/log/move_group_756179_1779363296739.log
[INFO] [1779363296.797049656] [mur620b.moveit.moveit.ros.rdf_loader]: Loaded robot model in 0 seconds
[INFO] [1779363296.797116734] [mur620b.moveit.moveit.core.robot_model]: Loading robot model 'mur620'...
[INFO] [1779363297.318431321] [mur620b.moveit.moveit.kinematics.kdl_kinematics_plugin]: Joint weights for group 'UR_arm_l': 1 1 1 1 1 1
[INFO] [1779363297.318940809] [mur620b.moveit.moveit.kinematics.kdl_kinematics_plugin]: Joint weights for group 'UR_arm_r': 1 1 1 1 1 1
[INFO] [1779363297.319255834] [mur620b.moveit.moveit.kinematics.kdl_kinematics_plugin]: Joint weights for group 'UR_arm_lift_l': 1 1 1 1 1 1 1
[INFO] [1779363297.320108644] [mur620b.moveit.moveit.kinematics.kdl_kinematics_plugin]: Joint weights for group 'UR_arm_lift_r': 1 1 1 1 1 1 1
[INFO] [1779363298.281892850] [mur620b.moveit.moveit.ros.planning_scene_monitor]: Publishing maintained planning scene on 'monitored_planning_scene'
[INFO] [1779363298.282158052] [mur620b.moveit.moveit.ros.moveit_cpp]: Listening to 'joint_states' for joint states
[INFO] [1779363298.284593065] [mur620b.moveit.moveit.ros.current_state_monitor]: Listening to joint states on topic 'joint_states'
[INFO] [1779363298.286155715] [mur620b.moveit.moveit.ros.planning_scene_monitor]: Listening to '/mur620b/attached_collision_object' for attached collision objects
[INFO] [1779363298.286188162] [mur620b.moveit.moveit.ros.planning_scene_monitor]: Stopping existing planning scene publisher.
[INFO] [1779363298.286555071] [mur620b.moveit.moveit.ros.planning_scene_monitor]: Stopped publishing maintained planning scene.
[INFO] [1779363298.288088068] [mur620b.moveit.moveit.ros.planning_scene_monitor]: Publishing maintained planning scene on 'monitored_planning_scene'
[INFO] [1779363298.288194780] [mur620b.moveit.moveit.ros.planning_scene_monitor]: Starting planning scene monitor
[INFO] [1779363298.291593035] [mur620b.moveit.moveit.ros.planning_scene_monitor]: Listening to '/mur620b/planning_scene'
[INFO] [1779363298.291649897] [mur620b.moveit.moveit.ros.planning_scene_monitor]: Starting world geometry update monitor for collision objects, attached objects, octomap updates.
[INFO] [1779363298.294535893] [mur620b.moveit.moveit.ros.planning_scene_monitor]: Listening to 'collision_object'
[INFO] [1779363298.295586031] [mur620b.moveit.moveit.ros.planning_scene_monitor]: Listening to 'planning_scene_world' for planning scene world geometry
[WARN] [1779363298.295833177] [mur620b.moveit.moveit.ros.occupancy_map_monitor]: Resolution not specified for Octomap. Assuming resolution = 0.1 instead
[ERROR] [1779363298.295856803] [mur620b.moveit.moveit.ros.occupancy_map_monitor]: No 3D sensor plugin(s) defined for octomap updates
[INFO] [1779363302.940594632] [mur620b.moveit.moveit.ros.planning_pipeline]: Successfully loaded planner 'OMPL'
[INFO] [1779363302.941387329] [mur620b.move_group]: Try loading adapter 'default_planning_request_adapters/ResolveConstraintFrames'
[INFO] [1779363302.942204681] [mur620b.move_group]: Loaded adapter 'default_planning_request_adapters/ResolveConstraintFrames'
[INFO] [1779363302.942222383] [mur620b.move_group]: Try loading adapter 'default_planning_request_adapters/ValidateWorkspaceBounds'
[INFO] [1779363302.943923805] [mur620b.move_group]: Loaded adapter 'default_planning_request_adapters/ValidateWorkspaceBounds'
[INFO] [1779363302.944234289] [mur620b.move_group]: Try loading adapter 'default_planning_request_adapters/CheckStartStateBounds'
[INFO] [1779363302.944298973] [mur620b.move_group]: Loaded adapter 'default_planning_request_adapters/CheckStartStateBounds'
[INFO] [1779363302.944303395] [mur620b.move_group]: Try loading adapter 'default_planning_request_adapters/CheckStartStateCollision'
[INFO] [1779363302.944313022] [mur620b.move_group]: Loaded adapter 'default_planning_request_adapters/CheckStartStateCollision'
[INFO] [1779363302.945291568] [mur620b.move_group]: Try loading adapter 'default_planning_response_adapters/AddTimeOptimalParameterization'
[INFO] [1779363302.948929014] [mur620b.move_group]: Loaded adapter 'default_planning_response_adapters/AddTimeOptimalParameterization'
[INFO] [1779363302.948975810] [mur620b.move_group]: Try loading adapter 'default_planning_response_adapters/ValidateSolution'
[INFO] [1779363302.952457610] [mur620b.move_group]: Loaded adapter 'default_planning_response_adapters/ValidateSolution'
[INFO] [1779363302.952509181] [mur620b.move_group]: Try loading adapter 'default_planning_response_adapters/DisplayMotionPath'
[INFO] [1779363302.955041013] [mur620b.move_group]: Loaded adapter 'default_planning_response_adapters/DisplayMotionPath'
[INFO] [1779363303.146439843] [mur620b.moveit.moveit.plugins.simple_controller_manager]: Added FollowJointTrajectory controller for /mur620b/moveit_joint_trajectory_controller_l
[INFO] [1779363303.157659730] [mur620b.moveit.moveit.plugins.simple_controller_manager]: Added FollowJointTrajectory controller for /mur620b/moveit_joint_trajectory_controller_r
[INFO] [1779363303.170264434] [mur620b.moveit.moveit.plugins.simple_controller_manager]: Added FollowJointTrajectory controller for /mur620b/moveit_joint_trajectory_controller_lift_l
[INFO] [1779363303.184729289] [mur620b.moveit.moveit.plugins.simple_controller_manager]: Added FollowJointTrajectory controller for /mur620b/moveit_joint_trajectory_controller_lift_r
[INFO] [1779363303.185839544] [mur620b.moveit.moveit.plugins.simple_controller_manager]: Returned 4 controllers in list
[INFO] [1779363303.185912926] [mur620b.moveit.moveit.plugins.simple_controller_manager]: Returned 4 controllers in list
[INFO] [1779363303.187499258] [mur620b.moveit.moveit.ros.trajectory_execution_manager]: Trajectory execution is managing controllers
[INFO] [1779363303.187547683] [mur620b.move_group]: MoveGroup debug mode is ON
[INFO] [1779363303.271636187] [mur620b.moveit.moveit.ros.move_group.executable]: 

********************************************************
* MoveGroup using: 
*     - apply_planning_scene_service
*     - clear_octomap_service
*     - get_group_urdf
*     - load_geometry_from_file
*     - CartesianPathService
*     - execute_trajectory_action
*     - get_planning_scene_service
*     - kinematics_service
*     - move_action
*     - motion_plan_service
*     - query_planners_service
*     - state_validation_service
*     - save_geometry_to_file
********************************************************

[INFO] [1779363303.271731311] [mur620b.moveit.moveit.ros.move_group.context]: MoveGroup context using pipeline ompl
[INFO] [1779363303.271743558] [mur620b.moveit.moveit.ros.move_group.context]: MoveGroup context initialization complete
[INFO] [1779363373.717519833] [mur620b.moveit.moveit.ros.move_group.move_action]: MoveGroupMoveAction: Received request
[INFO] [1779363373.717840619] [mur620b.moveit.moveit.ros.move_group.move_action]: executing..
[INFO] [1779363373.726396738] [mur620b.moveit.moveit.ros.move_group.move_action]: Combined planning and execution request received for MoveGroup action. Forwarding to planning and execution pipeline.
[INFO] [1779363373.726538344] [mur620b.moveit.moveit.ros.plan_execution]: Planning attempt 1 of at most 1
[INFO] [1779363373.726642893] [mur620b.moveit.moveit.ros.move_group.capability]: Using planning pipeline 'ompl'
[INFO] [1779363373.727134521] [mur620b.move_group]: Calling PlanningRequestAdapter 'ResolveConstraintFrames'
[INFO] [1779363373.727168032] [mur620b.move_group]: Calling PlanningRequestAdapter 'ValidateWorkspaceBounds'
[INFO] [1779363373.727177841] [mur620b.move_group]: Calling PlanningRequestAdapter 'CheckStartStateBounds'
[INFO] [1779363373.727229956] [mur620b.move_group]: Calling PlanningRequestAdapter 'CheckStartStateCollision'
[INFO] [1779363373.728829296] [mur620b.moveit.moveit.planners.ompl.model_based_planning_context]: Planner configuration 'UR_arm_both' will use planner 'geometric::RRTConnect'. Additional configuration parameters will be set when the planner is constructed.
[INFO] [1779363373.729024603] [mur620b.move_group]: Calling Planner 'OMPL'
[ERROR] [1779363378.729545015] [mur620b.moveit.moveit.planners.ompl.model_based_planning_context]: Unable to solve the planning problem
[ERROR] [1779363378.729657285] [mur620b.move_group]: Planner 'OMPL' failed with error code FAILURE
[INFO] [1779363378.729727633] [mur620b.moveit.moveit.ros.move_group.move_action]: FAILURE
[INFO] [1779363497.236442658] [mur620b.moveit.moveit.ros.move_group.move_action]: MoveGroupMoveAction: Received request
[INFO] [1779363497.236705452] [mur620b.moveit.moveit.ros.move_group.move_action]: executing..
[INFO] [1779363497.239432771] [mur620b.moveit.moveit.ros.move_group.move_action]: Combined planning and execution request received for MoveGroup action. Forwarding to planning and execution pipeline.
[INFO] [1779363497.240445524] [mur620b.moveit.moveit.ros.plan_execution]: Planning attempt 1 of at most 1
[INFO] [1779363497.240543885] [mur620b.moveit.moveit.ros.move_group.capability]: Using planning pipeline 'ompl'
[INFO] [1779363497.240995220] [mur620b.move_group]: Calling PlanningRequestAdapter 'ResolveConstraintFrames'
[INFO] [1779363497.241017696] [mur620b.move_group]: Calling PlanningRequestAdapter 'ValidateWorkspaceBounds'
[INFO] [1779363497.241027602] [mur620b.move_group]: Calling PlanningRequestAdapter 'CheckStartStateBounds'
[INFO] [1779363497.241065050] [mur620b.move_group]: Calling PlanningRequestAdapter 'CheckStartStateCollision'
[INFO] [1779363497.241775678] [mur620b.moveit.moveit.planners.ompl.model_based_planning_context]: Planner configuration 'UR_arm_both' will use planner 'geometric::RRTConnect'. Additional configuration parameters will be set when the planner is constructed.
[INFO] [1779363497.242281766] [mur620b.move_group]: Calling Planner 'OMPL'
[ERROR] [1779363502.242996399] [mur620b.moveit.moveit.planners.ompl.model_based_planning_context]: Unable to solve the planning problem
[ERROR] [1779363502.243103858] [mur620b.move_group]: Planner 'OMPL' failed with error code FAILURE
[INFO] [1779363502.243147388] [mur620b.moveit.moveit.ros.move_group.move_action]: FAILURE
[INFO] [1779363642.980929609] [rclcpp]: signal_handler(SIGINT/SIGTERM)
---- /home/rosmatch/.ros/log/move_group_754233_1779363284519.log

[INFO] [1779363289.515146687] [mur620a.moveit.moveit.ros.move_group.context]: MoveGroup context using pipeline ompl
[INFO] [1779363289.515153368] [mur620a.moveit.moveit.ros.move_group.context]: MoveGroup context initialization complete
[WARN] [1779363303.939271552] [mur620a.moveit.moveit.ros.planning_scene_monitor]: Unable to transform object from frame 'mur620a/UR10_l/base_link' to planning frame'base_footprint' (Could not find a connection between 'base_footprint' and 'mur620a/UR10_l/base_link' because they are not part of the same tree.Tf has two or more unconnected trees.)
[WARN] [1779363303.939341054] [mur620a.moveit.moveit.ros.planning_scene_monitor]: Unable to transform object from frame 'mur620a/UR10_l/base_ideal' to planning frame'base_footprint' (Could not find a connection between 'base_footprint' and 'mur620a/UR10_l/base_ideal' because they are not part of the same tree.Tf has two or more unconnected trees.)
[WARN] [1779363303.939351885] [mur620a.moveit.moveit.ros.planning_scene_monitor]: Unable to transform object from frame 'mur620a/UR10_l/base' to planning frame'base_footprint' (Could not find a connection between 'base_footprint' and 'mur620a/UR10_l/base' because they are not part of the same tree.Tf has two or more unconnected trees.)
[WARN] [1779363303.939360917] [mur620a.moveit.moveit.ros.planning_scene_monitor]: Unable to transform object from frame 'mur620a/UR10_l/base_link_inertia' to planning frame'base_footprint' (Could not find a connection between 'base_footprint' and 'mur620a/UR10_l/base_link_inertia' because they are not part of the same tree.Tf has two or more unconnected trees.)
[WARN] [1779363303.939373706] [mur620a.moveit.moveit.ros.planning_scene_monitor]: Unable to transform object from frame 'mur620a/UR10_l/tool0' to planning frame'base_footprint' (Could not find a connection between 'base_footprint' and 'mur620a/UR10_l/tool0' because they are not part of the same tree.Tf has two or more unconnected trees.)
[WARN] [1779363303.939381019] [mur620a.moveit.moveit.ros.planning_scene_monitor]: Unable to transform object from frame 'mur620a/UR10_l/flange' to planning frame'base_footprint' (Could not find a connection between 'base_footprint' and 'mur620a/UR10_l/flange' because they are not part of the same tree.Tf has two or more unconnected trees.)
[WARN] [1779363303.939389313] [mur620a.moveit.moveit.ros.planning_scene_monitor]: Unable to transform object from frame 'mur620a/UR10_l/wrist_3_link' to planning frame'base_footprint' (Could not find a connection between 'base_footprint' and 'mur620a/UR10_l/wrist_3_link' because they are not part of the same tree.Tf has two or more unconnected trees.)
[WARN] [1779363303.939397064] [mur620a.moveit.moveit.ros.planning_scene_monitor]: Unable to transform object from frame 'mur620a/UR10_l/ft_frame' to planning frame'base_footprint' (Could not find a connection between 'base_footprint' and 'mur620a/UR10_l/ft_frame' because they are not part of the same tree.Tf has two or more unconnected trees.)
[WARN] [1779363303.939405299] [mur620a.moveit.moveit.ros.planning_scene_monitor]: Unable to transform object from frame 'mur620a/UR10_r/base_link' to planning frame'base_footprint' (Could not find a connection between 'base_footprint' and 'mur620a/UR10_r/base_link' because they are not part of the same tree.Tf has two or more unconnected trees.)
[WARN] [1779363303.939411672] [mur620a.moveit.moveit.ros.planning_scene_monitor]: Unable to transform object from frame 'mur620a/UR10_r/base_ideal' to planning frame'base_footprint' (Could not find a connection between 'base_footprint' and 'mur620a/UR10_r/base_ideal' because they are not part of the same tree.Tf has two or more unconnected trees.)
[WARN] [1779363303.939420252] [mur620a.moveit.moveit.ros.planning_scene_monitor]: Unable to transform object from frame 'mur620a/UR10_r/base' to planning frame'base_footprint' (Could not find a connection between 'base_footprint' and 'mur620a/UR10_r/base' because they are not part of the same tree.Tf has two or more unconnected trees.)
[WARN] [1779363303.939428736] [mur620a.moveit.moveit.ros.planning_scene_monitor]: Unable to transform object from frame 'mur620a/UR10_r/base_link_inertia' to planning frame'base_footprint' (Could not find a connection between 'base_footprint' and 'mur620a/UR10_r/base_link_inertia' because they are not part of the same tree.Tf has two or more unconnected trees.)
[WARN] [1779363303.939472516] [mur620a.moveit.moveit.ros.planning_scene_monitor]: Unable to transform object from frame 'mur620a/UR10_r/tool0' to planning frame'base_footprint' (Could not find a connection between 'base_footprint' and 'mur620a/UR10_r/tool0' because they are not part of the same tree.Tf has two or more unconnected trees.)
[WARN] [1779363303.939481534] [mur620a.moveit.moveit.ros.planning_scene_monitor]: Unable to transform object from frame 'mur620a/UR10_r/flange' to planning frame'base_footprint' (Could not find a connection between 'base_footprint' and 'mur620a/UR10_r/flange' because they are not part of the same tree.Tf has two or more unconnected trees.)
[WARN] [1779363303.939489888] [mur620a.moveit.moveit.ros.planning_scene_monitor]: Unable to transform object from frame 'mur620a/UR10_r/wrist_3_link' to planning frame'base_footprint' (Could not find a connection between 'base_footprint' and 'mur620a/UR10_r/wrist_3_link' because they are not part of the same tree.Tf has two or more unconnected trees.)
[WARN] [1779363303.939497915] [mur620a.moveit.moveit.ros.planning_scene_monitor]: Unable to transform object from frame 'mur620a/UR10_r/ft_frame' to planning frame'base_footprint' (Could not find a connection between 'base_footprint' and 'mur620a/UR10_r/ft_frame' because they are not part of the same tree.Tf has two or more unconnected trees.)
[WARN] [1779363303.939536118] [mur620a.moveit.moveit.ros.planning_scene_monitor]: Unable to transform object from frame 'mur620a/left_lift_top' to planning frame'base_footprint' (Could not find a connection between 'base_footprint' and 'mur620a/left_lift_top' because they are not part of the same tree.Tf has two or more unconnected trees.)
[WARN] [1779363303.939545091] [mur620a.moveit.moveit.ros.planning_scene_monitor]: Unable to transform object from frame 'mur620a/right_lift_top' to planning frame'base_footprint' (Could not find a connection between 'base_footprint' and 'mur620a/right_lift_top' because they are not part of the same tree.Tf has two or more unconnected trees.)
[WARN] [1779363303.939566031] [mur620a.moveit.moveit.ros.planning_scene_monitor]: Unable to transform object from frame 'mur620b/UR10_l/base_link' to planning frame'base_footprint' (Could not find a connection between 'base_footprint' and 'mur620b/UR10_l/base_link' because they are not part of the same tree.Tf has two or more unconnected trees.)
[WARN] [1779363303.939574833] [mur620a.moveit.moveit.ros.planning_scene_monitor]: Unable to transform object from frame 'mur620b/UR10_l/base_ideal' to planning frame'base_footprint' (Could not find a connection between 'base_footprint' and 'mur620b/UR10_l/base_ideal' because they are not part of the same tree.Tf has two or more unconnected trees.)
[WARN] [1779363303.939583048] [mur620a.moveit.moveit.ros.planning_scene_monitor]: Unable to transform object from frame 'mur620b/UR10_l/base' to planning frame'base_footprint' (Could not find a connection between 'base_footprint' and 'mur620b/UR10_l/base' because they are not part of the same tree.Tf has two or more unconnected trees.)
[WARN] [1779363303.939591402] [mur620a.moveit.moveit.ros.planning_scene_monitor]: Unable to transform object from frame 'mur620b/UR10_l/base_link_inertia' to planning frame'base_footprint' (Could not find a connection between 'base_footprint' and 'mur620b/UR10_l/base_link_inertia' because they are not part of the same tree.Tf has two or more unconnected trees.)
[WARN] [1779363303.939599497] [mur620a.moveit.moveit.ros.planning_scene_monitor]: Unable to transform object from frame 'mur620b/UR10_l/tool0' to planning frame'base_footprint' (Could not find a connection between 'base_footprint' and 'mur620b/UR10_l/tool0' because they are not part of the same tree.Tf has two or more unconnected trees.)
[WARN] [1779363303.939607541] [mur620a.moveit.moveit.ros.planning_scene_monitor]: Unable to transform object from frame 'mur620b/UR10_l/flange' to planning frame'base_footprint' (Could not find a connection between 'base_footprint' and 'mur620b/UR10_l/flange' because they are not part of the same tree.Tf has two or more unconnected trees.)
[WARN] [1779363303.939620395] [mur620a.moveit.moveit.ros.planning_scene_monitor]: Unable to transform object from frame 'mur620b/UR10_l/wrist_3_link' to planning frame'base_footprint' (Could not find a connection between 'base_footprint' and 'mur620b/UR10_l/wrist_3_link' because they are not part of the same tree.Tf has two or more unconnected trees.)
[WARN] [1779363303.939627668] [mur620a.moveit.moveit.ros.planning_scene_monitor]: Unable to transform object from frame 'mur620b/UR10_l/ft_frame' to planning frame'base_footprint' (Could not find a connection between 'base_footprint' and 'mur620b/UR10_l/ft_frame' because they are not part of the same tree.Tf has two or more unconnected trees.)
[WARN] [1779363303.939636142] [mur620a.moveit.moveit.ros.planning_scene_monitor]: Unable to transform object from frame 'mur620b/UR10_r/base_link' to planning frame'base_footprint' (Could not find a connection between 'base_footprint' and 'mur620b/UR10_r/base_link' because they are not part of the same tree.Tf has two or more unconnected trees.)
[WARN] [1779363303.939642517] [mur620a.moveit.moveit.ros.planning_scene_monitor]: Unable to transform object from frame 'mur620b/UR10_r/base_ideal' to planning frame'base_footprint' (Could not find a connection between 'base_footprint' and 'mur620b/UR10_r/base_ideal' because they are not part of the same tree.Tf has two or more unconnected trees.)
[WARN] [1779363303.939648845] [mur620a.moveit.moveit.ros.planning_scene_monitor]: Unable to transform object from frame 'mur620b/UR10_r/base' to planning frame'base_footprint' (Could not find a connection between 'base_footprint' and 'mur620b/UR10_r/base' because they are not part of the same tree.Tf has two or more unconnected trees.)
[WARN] [1779363303.939655935] [mur620a.moveit.moveit.ros.planning_scene_monitor]: Unable to transform object from frame 'mur620b/UR10_r/base_link_inertia' to planning frame'base_footprint' (Could not find a connection between 'base_footprint' and 'mur620b/UR10_r/base_link_inertia' because they are not part of the same tree.Tf has two or more unconnected trees.)
[WARN] [1779363303.939662817] [mur620a.moveit.moveit.ros.planning_scene_monitor]: Unable to transform object from frame 'mur620b/UR10_r/tool0' to planning frame'base_footprint' (Could not find a connection between 'base_footprint' and 'mur620b/UR10_r/tool0' because they are not part of the same tree.Tf has two or more unconnected trees.)
[WARN] [1779363303.939670380] [mur620a.moveit.moveit.ros.planning_scene_monitor]: Unable to transform object from frame 'mur620b/UR10_r/flange' to planning frame'base_footprint' (Could not find a connection between 'base_footprint' and 'mur620b/UR10_r/flange' because they are not part of the same tree.Tf has two or more unconnected trees.)
[WARN] [1779363303.939676773] [mur620a.moveit.moveit.ros.planning_scene_monitor]: Unable to transform object from frame 'mur620b/UR10_r/wrist_3_link' to planning frame'base_footprint' (Could not find a connection between 'base_footprint' and 'mur620b/UR10_r/wrist_3_link' because they are not part of the same tree.Tf has two or more unconnected trees.)
[WARN] [1779363303.939684262] [mur620a.moveit.moveit.ros.planning_scene_monitor]: Unable to transform object from frame 'mur620b/UR10_r/ft_frame' to planning frame'base_footprint' (Could not find a connection between 'base_footprint' and 'mur620b/UR10_r/ft_frame' because they are not part of the same tree.Tf has two or more unconnected trees.)
[WARN] [1779363303.939691532] [mur620a.moveit.moveit.ros.planning_scene_monitor]: Unable to transform object from frame 'mur620b/base_link' to planning frame'base_footprint' (Could not find a connection between 'base_footprint' and 'mur620b/base_link' because they are not part of the same tree.Tf has two or more unconnected trees.)
[WARN] [1779363303.939699381] [mur620a.moveit.moveit.ros.planning_scene_monitor]: Unable to transform object from frame 'mur620b/base_footprint' to planning frame'base_footprint' (Could not find a connection between 'base_footprint' and 'mur620b/base_footprint' because they are not part of the same tree.Tf has two or more unconnected trees.)
[WARN] [1779363303.939711577] [mur620a.moveit.moveit.ros.planning_scene_monitor]: Unable to transform object from frame 'mur620b/surface' to planning frame'base_footprint' (Could not find a connection between 'base_footprint' and 'mur620b/surface' because they are not part of the same tree.Tf has two or more unconnected trees.)
[WARN] [1779363303.939719362] [mur620a.moveit.moveit.ros.planning_scene_monitor]: Unable to transform object from frame 'mur620b/back_laser_link' to planning frame'base_footprint' (Could not find a connection between 'base_footprint' and 'mur620b/back_laser_link' because they are not part of the same tree.Tf has two or more unconnected trees.)
[WARN] [1779363303.939727184] [mur620a.moveit.moveit.ros.planning_scene_monitor]: Unable to transform object from frame 'mur620b/front_laser_link' to planning frame'base_footprint' (Could not find a connection between 'base_footprint' and 'mur620b/front_laser_link' because they are not part of the same tree.Tf has two or more unconnected trees.)
[WARN] [1779363303.939734994] [mur620a.moveit.moveit.ros.planning_scene_monitor]: Unable to transform object from frame 'mur620b/imu_link' to planning frame'base_footprint' (Could not find a connection between 'base_footprint' and 'mur620b/imu_link' because they are not part of the same tree.Tf has two or more unconnected trees.)
[WARN] [1779363303.939742617] [mur620a.moveit.moveit.ros.planning_scene_monitor]: Unable to transform object from frame 'mur620b/camera_color_frame' to planning frame'base_footprint' (Could not find a connection between 'base_footprint' and 'mur620b/camera_color_frame' because they are not part of the same tree.Tf has two or more unconnected trees.)
[WARN] [1779363303.939749277] [mur620a.moveit.moveit.ros.planning_scene_monitor]: Unable to transform object from frame 'mur620b/camera_link' to planning frame'base_footprint' (Could not find a connection between 'base_footprint' and 'mur620b/camera_link' because they are not part of the same tree.Tf has two or more unconnected trees.)
[WARN] [1779363303.939756330] [mur620a.moveit.moveit.ros.planning_scene_monitor]: Unable to transform object from frame 'mur620b/camera_color_optical_frame' to planning frame'base_footprint' (Could not find a connection between 'base_footprint' and 'mur620b/camera_color_optical_frame' because they are not part of the same tree.Tf has two or more unconnected trees.)
[WARN] [1779363303.939762993] [mur620a.moveit.moveit.ros.planning_scene_monitor]: Unable to transform object from frame 'mur620b/camera_depth_frame' to planning frame'base_footprint' (Could not find a connection between 'base_footprint' and 'mur620b/camera_depth_frame' because they are not part of the same tree.Tf has two or more unconnected trees.)
[WARN] [1779363303.939775438] [mur620a.moveit.moveit.ros.planning_scene_monitor]: Unable to transform object from frame 'mur620b/camera_depth_optical_frame' to planning frame'base_footprint' (Could not find a connection between 'base_footprint' and 'mur620b/camera_depth_optical_frame' because they are not part of the same tree.Tf has two or more unconnected trees.)
[WARN] [1779363303.939782465] [mur620a.moveit.moveit.ros.planning_scene_monitor]: Unable to transform object from frame 'mur620b/camera_infra1_frame' to planning frame'base_footprint' (Could not find a connection between 'base_footprint' and 'mur620b/camera_infra1_frame' because they are not part of the same tree.Tf has two or more unconnected trees.)
[WARN] [1779363303.939790187] [mur620a.moveit.moveit.ros.planning_scene_monitor]: Unable to transform object from frame 'mur620b/camera_infra1_optical_frame' to planning frame'base_footprint' (Could not find a connection between 'base_footprint' and 'mur620b/camera_infra1_optical_frame' because they are not part of the same tree.Tf has two or more unconnected trees.)
[WARN] [1779363303.939798644] [mur620a.moveit.moveit.ros.planning_scene_monitor]: Unable to transform object from frame 'mur620b/camera_infra2_frame' to planning frame'base_footprint' (Could not find a connection between 'base_footprint' and 'mur620b/camera_infra2_frame' because they are not part of the same tree.Tf has two or more unconnected trees.)
[WARN] [1779363303.939807651] [mur620a.moveit.moveit.ros.planning_scene_monitor]: Unable to transform object from frame 'mur620b/camera_infra2_optical_frame' to planning frame'base_footprint' (Could not find a connection between 'base_footprint' and 'mur620b/camera_infra2_optical_frame' because they are not part of the same tree.Tf has two or more unconnected trees.)
[WARN] [1779363303.939813858] [mur620a.moveit.moveit.ros.planning_scene_monitor]: Unable to transform object from frame 'mur620b/camera_bottom_screw_frame' to planning frame'base_footprint' (Could not find a connection between 'base_footprint' and 'mur620b/camera_bottom_screw_frame' because they are not part of the same tree.Tf has two or more unconnected trees.)
[WARN] [1779363303.939819927] [mur620a.moveit.moveit.ros.planning_scene_monitor]: Unable to transform object from frame 'mur620b/imu_frame' to planning frame'base_footprint' (Could not find a connection between 'base_footprint' and 'mur620b/imu_frame' because they are not part of the same tree.Tf has two or more unconnected trees.)
[WARN] [1779363303.939827618] [mur620a.moveit.moveit.ros.planning_scene_monitor]: Unable to transform object from frame 'mur620b/left_lift_bottom' to planning frame'base_footprint' (Could not find a connection between 'base_footprint' and 'mur620b/left_lift_bottom' because they are not part of the same tree.Tf has two or more unconnected trees.)
[WARN] [1779363303.939834459] [mur620a.moveit.moveit.ros.planning_scene_monitor]: Unable to transform object from frame 'mur620b/top_module' to planning frame'base_footprint' (Could not find a connection between 'base_footprint' and 'mur620b/top_module' because they are not part of the same tree.Tf has two or more unconnected trees.)
[WARN] [1779363303.939840955] [mur620a.moveit.moveit.ros.planning_scene_monitor]: Unable to transform object from frame 'mur620b/left_lift_top' to planning frame'base_footprint' (Could not find a connection between 'base_footprint' and 'mur620b/left_lift_top' because they are not part of the same tree.Tf has two or more unconnected trees.)
[WARN] [1779363303.939847650] [mur620a.moveit.moveit.ros.planning_scene_monitor]: Unable to transform object from frame 'mur620b/right_lift_top' to planning frame'base_footprint' (Could not find a connection between 'base_footprint' and 'mur620b/right_lift_top' because they are not part of the same tree.Tf has two or more unconnected trees.)
[WARN] [1779363303.939855187] [mur620a.moveit.moveit.ros.planning_scene_monitor]: Unable to transform object from frame 'mur620b/right_lift_bottom' to planning frame'base_footprint' (Could not find a connection between 'base_footprint' and 'mur620b/right_lift_bottom' because they are not part of the same tree.Tf has two or more unconnected trees.)
[WARN] [1779363303.939863001] [mur620a.moveit.moveit.ros.planning_scene_monitor]: Unable to transform object from frame 'mur620b/us_1_frame' to planning frame'base_footprint' (Could not find a connection between 'base_footprint' and 'mur620b/us_1_frame' because they are not part of the same tree.Tf has two or more unconnected trees.)
[WARN] [1779363303.939869761] [mur620a.moveit.moveit.ros.planning_scene_monitor]: Unable to transform object from frame 'mur620b/us_2_frame' to planning frame'base_footprint' (Could not find a connection between 'base_footprint' and 'mur620b/us_2_frame' because they are not part of the same tree.Tf has two or more unconnected trees.)
[WARN] [1779363303.996512188] [mur620a.moveit.moveit.ros.planning_scene_monitor]: Unable to transform object from frame 'mur620a/UR10_l/base_link' to planning frame'base_footprint' (Could not find a connection between 'base_footprint' and 'mur620a/UR10_l/base_link' because they are not part of the same tree.Tf has two or more unconnected trees.)
[WARN] [1779363303.996604564] [mur620a.moveit.moveit.ros.planning_scene_monitor]: Unable to transform object from frame 'mur620a/UR10_l/base_ideal' to planning frame'base_footprint' (Could not find a connection between 'base_footprint' and 'mur620a/UR10_l/base_ideal' because they are not part of the same tree.Tf has two or more unconnected trees.)
[WARN] [1779363303.996621778] [mur620a.moveit.moveit.ros.planning_scene_monitor]: Unable to transform object from frame 'mur620a/UR10_l/base' to planning frame'base_footprint' (Could not find a connection between 'base_footprint' and 'mur620a/UR10_l/base' because they are not part of the same tree.Tf has two or more unconnected trees.)
[WARN] [1779363303.996635439] [mur620a.moveit.moveit.ros.planning_scene_monitor]: Unable to transform object from frame 'mur620a/UR10_l/base_link_inertia' to planning frame'base_footprint' (Could not find a connection between 'base_footprint' and 'mur620a/UR10_l/base_link_inertia' because they are not part of the same tree.Tf has two or more unconnected trees.)
[WARN] [1779363303.996648351] [mur620a.moveit.moveit.ros.planning_scene_monitor]: Unable to transform object from frame 'mur620a/UR10_l/tool0' to planning frame'base_footprint' (Could not find a connection between 'base_footprint' and 'mur620a/UR10_l/tool0' because they are not part of the same tree.Tf has two or more unconnected trees.)
[WARN] [1779363303.996661033] [mur620a.moveit.moveit.ros.planning_scene_monitor]: Unable to transform object from frame 'mur620a/UR10_l/flange' to planning frame'base_footprint' (Could not find a connection between 'base_footprint' and 'mur620a/UR10_l/flange' because they are not part of the same tree.Tf has two or more unconnected trees.)
[WARN] [1779363303.996672989] [mur620a.moveit.moveit.ros.planning_scene_monitor]: Unable to transform object from frame 'mur620a/UR10_l/wrist_3_link' to planning frame'base_footprint' (Could not find a connection between 'base_footprint' and 'mur620a/UR10_l/wrist_3_link' because they are not part of the same tree.Tf has two or more unconnected trees.)
[WARN] [1779363303.996684783] [mur620a.moveit.moveit.ros.planning_scene_monitor]: Unable to transform object from frame 'mur620a/UR10_l/ft_frame' to planning frame'base_footprint' (Could not find a connection between 'base_footprint' and 'mur620a/UR10_l/ft_frame' because they are not part of the same tree.Tf has two or more unconnected trees.)
[WARN] [1779363303.996696350] [mur620a.moveit.moveit.ros.planning_scene_monitor]: Unable to transform object from frame 'mur620a/UR10_r/base_link' to planning frame'base_footprint' (Could not find a connection between 'base_footprint' and 'mur620a/UR10_r/base_link' because they are not part of the same tree.Tf has two or more unconnected trees.)
[WARN] [1779363303.996707570] [mur620a.moveit.moveit.ros.planning_scene_monitor]: Unable to transform object from frame 'mur620a/UR10_r/base_ideal' to planning frame'base_footprint' (Could not find a connection between 'base_footprint' and 'mur620a/UR10_r/base_ideal' because they are not part of the same tree.Tf has two or more unconnected trees.)
[WARN] [1779363303.996719160] [mur620a.moveit.moveit.ros.planning_scene_monitor]: Unable to transform object from frame 'mur620a/UR10_r/base' to planning frame'base_footprint' (Could not find a connection between 'base_footprint' and 'mur620a/UR10_r/base' because they are not part of the same tree.Tf has two or more unconnected trees.)
[WARN] [1779363303.996730472] [mur620a.moveit.moveit.ros.planning_scene_monitor]: Unable to transform object from frame 'mur620a/UR10_r/base_link_inertia' to planning frame'base_footprint' (Could not find a connection between 'base_footprint' and 'mur620a/UR10_r/base_link_inertia' because they are not part of the same tree.Tf has two or more unconnected trees.)
[WARN] [1779363303.996742331] [mur620a.moveit.moveit.ros.planning_scene_monitor]: Unable to transform object from frame 'mur620a/UR10_r/tool0' to planning frame'base_footprint' (Could not find a connection between 'base_footprint' and 'mur620a/UR10_r/tool0' because they are not part of the same tree.Tf has two or more unconnected trees.)
[WARN] [1779363303.996761016] [mur620a.moveit.moveit.ros.planning_scene_monitor]: Unable to transform object from frame 'mur620a/UR10_r/flange' to planning frame'base_footprint' (Could not find a connection between 'base_footprint' and 'mur620a/UR10_r/flange' because they are not part of the same tree.Tf has two or more unconnected trees.)
[WARN] [1779363303.996773642] [mur620a.moveit.moveit.ros.planning_scene_monitor]: Unable to transform object from frame 'mur620a/UR10_r/wrist_3_link' to planning frame'base_footprint' (Could not find a connection between 'base_footprint' and 'mur620a/UR10_r/wrist_3_link' because they are not part of the same tree.Tf has two or more unconnected trees.)
[WARN] [1779363303.996785316] [mur620a.moveit.moveit.ros.planning_scene_monitor]: Unable to transform object from frame 'mur620a/UR10_r/ft_frame' to planning frame'base_footprint' (Could not find a connection between 'base_footprint' and 'mur620a/UR10_r/ft_frame' because they are not part of the same tree.Tf has two or more unconnected trees.)
[WARN] [1779363303.996820494] [mur620a.moveit.moveit.ros.planning_scene_monitor]: Unable to transform object from frame 'mur620a/left_lift_top' to planning frame'base_footprint' (Could not find a connection between 'base_footprint' and 'mur620a/left_lift_top' because they are not part of the same tree.Tf has two or more unconnected trees.)
[WARN] [1779363303.996832677] [mur620a.moveit.moveit.ros.planning_scene_monitor]: Unable to transform object from frame 'mur620a/right_lift_top' to planning frame'base_footprint' (Could not find a connection between 'base_footprint' and 'mur620a/right_lift_top' because they are not part of the same tree.Tf has two or more unconnected trees.)
[WARN] [1779363303.996851557] [mur620a.moveit.moveit.ros.planning_scene_monitor]: Unable to transform object from frame 'mur620b/UR10_l/base_link' to planning frame'base_footprint' (Could not find a connection between 'base_footprint' and 'mur620b/UR10_l/base_link' because they are not part of the same tree.Tf has two or more unconnected trees.)
[WARN] [1779363303.996863149] [mur620a.moveit.moveit.ros.planning_scene_monitor]: Unable to transform object from frame 'mur620b/UR10_l/base_ideal' to planning frame'base_footprint' (Could not find a connection between 'base_footprint' and 'mur620b/UR10_l/base_ideal' because they are not part of the same tree.Tf has two or more unconnected trees.)
[WARN] [1779363303.996874984] [mur620a.moveit.moveit.ros.planning_scene_monitor]: Unable to transform object from frame 'mur620b/UR10_l/base' to planning frame'base_footprint' (Could not find a connection between 'base_footprint' and 'mur620b/UR10_l/base' because they are not part of the same tree.Tf has two or more unconnected trees.)
[WARN] [1779363303.996886355] [mur620a.moveit.moveit.ros.planning_scene_monitor]: Unable to transform object from frame 'mur620b/UR10_l/base_link_inertia' to planning frame'base_footprint' (Could not find a connection between 'base_footprint' and 'mur620b/UR10_l/base_link_inertia' because they are not part of the same tree.Tf has two or more unconnected trees.)
[WARN] [1779363303.996898125] [mur620a.moveit.moveit.ros.planning_scene_monitor]: Unable to transform object from frame 'mur620b/UR10_l/tool0' to planning frame'base_footprint' (Could not find a connection between 'base_footprint' and 'mur620b/UR10_l/tool0' because they are not part of the same tree.Tf has two or more unconnected trees.)
[WARN] [1779363303.996909918] [mur620a.moveit.moveit.ros.planning_scene_monitor]: Unable to transform object from frame 'mur620b/UR10_l/flange' to planning frame'base_footprint' (Could not find a connection between 'base_footprint' and 'mur620b/UR10_l/flange' because they are not part of the same tree.Tf has two or more unconnected trees.)
[WARN] [1779363303.996924896] [mur620a.moveit.moveit.ros.planning_scene_monitor]: Unable to transform object from frame 'mur620b/UR10_l/wrist_3_link' to planning frame'base_footprint' (Could not find a connection between 'base_footprint' and 'mur620b/UR10_l/wrist_3_link' because they are not part of the same tree.Tf has two or more unconnected trees.)
[WARN] [1779363303.996943788] [mur620a.moveit.moveit.ros.planning_scene_monitor]: Unable to transform object from frame 'mur620b/UR10_l/ft_frame' to planning frame'base_footprint' (Could not find a connection between 'base_footprint' and 'mur620b/UR10_l/ft_frame' because they are not part of the same tree.Tf has two or more unconnected trees.)
[WARN] [1779363303.996956712] [mur620a.moveit.moveit.ros.planning_scene_monitor]: Unable to transform object from frame 'mur620b/UR10_r/base_link' to planning frame'base_footprint' (Could not find a connection between 'base_footprint' and 'mur620b/UR10_r/base_link' because they are not part of the same tree.Tf has two or more unconnected trees.)
[WARN] [1779363303.996969150] [mur620a.moveit.moveit.ros.planning_scene_monitor]: Unable to transform object from frame 'mur620b/UR10_r/base_ideal' to planning frame'base_footprint' (Could not find a connection between 'base_footprint' and 'mur620b/UR10_r/base_ideal' because they are not part of the same tree.Tf has two or more unconnected trees.)
[WARN] [1779363303.996981019] [mur620a.moveit.moveit.ros.planning_scene_monitor]: Unable to transform object from frame 'mur620b/UR10_r/base' to planning frame'base_footprint' (Could not find a connection between 'base_footprint' and 'mur620b/UR10_r/base' because they are not part of the same tree.Tf has two or more unconnected trees.)
[WARN] [1779363303.996993508] [mur620a.moveit.moveit.ros.planning_scene_monitor]: Unable to transform object from frame 'mur620b/UR10_r/base_link_inertia' to planning frame'base_footprint' (Could not find a connection between 'base_footprint' and 'mur620b/UR10_r/base_link_inertia' because they are not part of the same tree.Tf has two or more unconnected trees.)
[WARN] [1779363303.997005538] [mur620a.moveit.moveit.ros.planning_scene_monitor]: Unable to transform object from frame 'mur620b/UR10_r/tool0' to planning frame'base_footprint' (Could not find a connection between 'base_footprint' and 'mur620b/UR10_r/tool0' because they are not part of the same tree.Tf has two or more unconnected trees.)
[WARN] [1779363303.997016778] [mur620a.moveit.moveit.ros.planning_scene_monitor]: Unable to transform object from frame 'mur620b/UR10_r/flange' to planning frame'base_footprint' (Could not find a connection between 'base_footprint' and 'mur620b/UR10_r/flange' because they are not part of the same tree.Tf has two or more unconnected trees.)
[WARN] [1779363303.997028143] [mur620a.moveit.moveit.ros.planning_scene_monitor]: Unable to transform object from frame 'mur620b/UR10_r/wrist_3_link' to planning frame'base_footprint' (Could not find a connection between 'base_footprint' and 'mur620b/UR10_r/wrist_3_link' because they are not part of the same tree.Tf has two or more unconnected trees.)
[WARN] [1779363303.997040706] [mur620a.moveit.moveit.ros.planning_scene_monitor]: Unable to transform object from frame 'mur620b/UR10_r/ft_frame' to planning frame'base_footprint' (Could not find a connection between 'base_footprint' and 'mur620b/UR10_r/ft_frame' because they are not part of the same tree.Tf has two or more unconnected trees.)
[WARN] [1779363303.997052531] [mur620a.moveit.moveit.ros.planning_scene_monitor]: Unable to transform object from frame 'mur620b/base_link' to planning frame'base_footprint' (Could not find a connection between 'base_footprint' and 'mur620b/base_link' because they are not part of the same tree.Tf has two or more unconnected trees.)
[WARN] [1779363303.997069302] [mur620a.moveit.moveit.ros.planning_scene_monitor]: Unable to transform object from frame 'mur620b/base_footprint' to planning frame'base_footprint' (Could not find a connection between 'base_footprint' and 'mur620b/base_footprint' because they are not part of the same tree.Tf has two or more unconnected trees.)
[WARN] [1779363303.997080612] [mur620a.moveit.moveit.ros.planning_scene_monitor]: Unable to transform object from frame 'mur620b/surface' to planning frame'base_footprint' (Could not find a connection between 'base_footprint' and 'mur620b/surface' because they are not part of the same tree.Tf has two or more unconnected trees.)
[WARN] [1779363303.997099983] [mur620a.moveit.moveit.ros.planning_scene_monitor]: Unable to transform object from frame 'mur620b/back_laser_link' to planning frame'base_footprint' (Could not find a connection between 'base_footprint' and 'mur620b/back_laser_link' because they are not part of the same tree.Tf has two or more unconnected trees.)
[WARN] [1779363303.997152567] [mur620a.moveit.moveit.ros.planning_scene_monitor]: Unable to transform object from frame 'mur620b/front_laser_link' to planning frame'base_footprint' (Could not find a connection between 'base_footprint' and 'mur620b/front_laser_link' because they are not part of the same tree.Tf has two or more unconnected trees.)
[WARN] [1779363303.997162348] [mur620a.moveit.moveit.ros.planning_scene_monitor]: Unable to transform object from frame 'mur620b/imu_link' to planning frame'base_footprint' (Could not find a connection between 'base_footprint' and 'mur620b/imu_link' because they are not part of the same tree.Tf has two or more unconnected trees.)
[WARN] [1779363303.997168326] [mur620a.moveit.moveit.ros.planning_scene_monitor]: Unable to transform object from frame 'mur620b/camera_color_frame' to planning frame'base_footprint' (Could not find a connection between 'base_footprint' and 'mur620b/camera_color_frame' because they are not part of the same tree.Tf has two or more unconnected trees.)
[WARN] [1779363303.997172987] [mur620a.moveit.moveit.ros.planning_scene_monitor]: Unable to transform object from frame 'mur620b/camera_link' to planning frame'base_footprint' (Could not find a connection between 'base_footprint' and 'mur620b/camera_link' because they are not part of the same tree.Tf has two or more unconnected trees.)
[WARN] [1779363303.997178021] [mur620a.moveit.moveit.ros.planning_scene_monitor]: Unable to transform object from frame 'mur620b/camera_color_optical_frame' to planning frame'base_footprint' (Could not find a connection between 'base_footprint' and 'mur620b/camera_color_optical_frame' because they are not part of the same tree.Tf has two or more unconnected trees.)
[WARN] [1779363303.997184122] [mur620a.moveit.moveit.ros.planning_scene_monitor]: Unable to transform object from frame 'mur620b/camera_depth_frame' to planning frame'base_footprint' (Could not find a connection between 'base_footprint' and 'mur620b/camera_depth_frame' because they are not part of the same tree.Tf has two or more unconnected trees.)
[WARN] [1779363303.997191270] [mur620a.moveit.moveit.ros.planning_scene_monitor]: Unable to transform object from frame 'mur620b/camera_depth_optical_frame' to planning frame'base_footprint' (Could not find a connection between 'base_footprint' and 'mur620b/camera_depth_optical_frame' because they are not part of the same tree.Tf has two or more unconnected trees.)
[WARN] [1779363303.997196344] [mur620a.moveit.moveit.ros.planning_scene_monitor]: Unable to transform object from frame 'mur620b/camera_infra1_frame' to planning frame'base_footprint' (Could not find a connection between 'base_footprint' and 'mur620b/camera_infra1_frame' because they are not part of the same tree.Tf has two or more unconnected trees.)
[WARN] [1779363303.997201478] [mur620a.moveit.moveit.ros.planning_scene_monitor]: Unable to transform object from frame 'mur620b/camera_infra1_optical_frame' to planning frame'base_footprint' (Could not find a connection between 'base_footprint' and 'mur620b/camera_infra1_optical_frame' because they are not part of the same tree.Tf has two or more unconnected trees.)
[WARN] [1779363303.997205938] [mur620a.moveit.moveit.ros.planning_scene_monitor]: Unable to transform object from frame 'mur620b/camera_infra2_frame' to planning frame'base_footprint' (Could not find a connection between 'base_footprint' and 'mur620b/camera_infra2_frame' because they are not part of the same tree.Tf has two or more unconnected trees.)
[WARN] [1779363303.997220223] [mur620a.moveit.moveit.ros.planning_scene_monitor]: Unable to transform object from frame 'mur620b/camera_infra2_optical_frame' to planning frame'base_footprint' (Could not find a connection between 'base_footprint' and 'mur620b/camera_infra2_optical_frame' because they are not part of the same tree.Tf has two or more unconnected trees.)
[WARN] [1779363303.997225016] [mur620a.moveit.moveit.ros.planning_scene_monitor]: Unable to transform object from frame 'mur620b/camera_bottom_screw_frame' to planning frame'base_footprint' (Could not find a connection between 'base_footprint' and 'mur620b/camera_bottom_screw_frame' because they are not part of the same tree.Tf has two or more unconnected trees.)
[WARN] [1779363303.997230468] [mur620a.moveit.moveit.ros.planning_scene_monitor]: Unable to transform object from frame 'mur620b/imu_frame' to planning frame'base_footprint' (Could not find a connection between 'base_footprint' and 'mur620b/imu_frame' because they are not part of the same tree.Tf has two or more unconnected trees.)
[WARN] [1779363303.997235270] [mur620a.moveit.moveit.ros.planning_scene_monitor]: Unable to transform object from frame 'mur620b/left_lift_bottom' to planning frame'base_footprint' (Could not find a connection between 'base_footprint' and 'mur620b/left_lift_bottom' because they are not part of the same tree.Tf has two or more unconnected trees.)
[WARN] [1779363303.997239606] [mur620a.moveit.moveit.ros.planning_scene_monitor]: Unable to transform object from frame 'mur620b/top_module' to planning frame'base_footprint' (Could not find a connection between 'base_footprint' and 'mur620b/top_module' because they are not part of the same tree.Tf has two or more unconnected trees.)
[WARN] [1779363303.997244049] [mur620a.moveit.moveit.ros.planning_scene_monitor]: Unable to transform object from frame 'mur620b/left_lift_top' to planning frame'base_footprint' (Could not find a connection between 'base_footprint' and 'mur620b/left_lift_top' because they are not part of the same tree.Tf has two or more unconnected trees.)
[WARN] [1779363303.997248700] [mur620a.moveit.moveit.ros.planning_scene_monitor]: Unable to transform object from frame 'mur620b/right_lift_top' to planning frame'base_footprint' (Could not find a connection between 'base_footprint' and 'mur620b/right_lift_top' because they are not part of the same tree.Tf has two or more unconnected trees.)
[WARN] [1779363303.997253458] [mur620a.moveit.moveit.ros.planning_scene_monitor]: Unable to transform object from frame 'mur620b/right_lift_bottom' to planning frame'base_footprint' (Could not find a connection between 'base_footprint' and 'mur620b/right_lift_bottom' because they are not part of the same tree.Tf has two or more unconnected trees.)
[WARN] [1779363303.997257768] [mur620a.moveit.moveit.ros.planning_scene_monitor]: Unable to transform object from frame 'mur620b/us_1_frame' to planning frame'base_footprint' (Could not find a connection between 'base_footprint' and 'mur620b/us_1_frame' because they are not part of the same tree.Tf has two or more unconnected trees.)
[WARN] [1779363303.997262302] [mur620a.moveit.moveit.ros.planning_scene_monitor]: Unable to transform object from frame 'mur620b/us_2_frame' to planning frame'base_footprint' (Could not find a connection between 'base_footprint' and 'mur620b/us_2_frame' because they are not part of the same tree.Tf has two or more unconnected trees.)
[INFO] [1779363642.982260445] [rclcpp]: signal_handler(SIGINT/SIGTERM)
---- /home/rosmatch/.ros/log/rviz2_756134_1779363296617.log
[WARN] [1779363297.411900160] [rcl.logging_rosout]: Publisher already registered for node name: 'rviz2_mur620a_moveit'. If this is due to multiple nodes with the same name then all logs for the logger named 'rviz2_mur620a_moveit' will go out over the existing publisher. As soon as any node with that name is destructed it will unregister the publisher, preventing any further logs for that name from being published on the rosout topic.
[ERROR] [1779363300.880578425] [rviz2_mur620a_moveit.moveit.ros.motion_planning_frame]: Action server: /recognize_objects not available
[WARN] [1779363302.647132482] [interactive_marker_display_94069745578512]: Server not available during initialization, resetting
[WARN] [1779363363.988817387] [rviz2]: Link [base_link] does not exist
[WARN] [1779363363.988840186] [rviz2]: Link [back_laser_link] does not exist
[WARN] [1779363363.988843155] [rviz2]: Link [front_laser_link] does not exist
[WARN] [1779363363.988845478] [rviz2]: Link [bl_caster_rotation_link] does not exist
[WARN] [1779363363.988847929] [rviz2]: Link [bl_caster_wheel_link] does not exist
[WARN] [1779363363.988850315] [rviz2]: Link [br_caster_rotation_link] does not exist
[WARN] [1779363363.988852525] [rviz2]: Link [br_caster_wheel_link] does not exist
[WARN] [1779363363.988854646] [rviz2]: Link [camera_link] does not exist
[WARN] [1779363363.988856791] [rviz2]: Link [fl_caster_rotation_link] does not exist
[WARN] [1779363363.988859002] [rviz2]: Link [fl_caster_wheel_link] does not exist
[WARN] [1779363363.988861261] [rviz2]: Link [fr_caster_rotation_link] does not exist
[WARN] [1779363363.988863534] [rviz2]: Link [fr_caster_wheel_link] does not exist
[WARN] [1779363363.988865878] [rviz2]: Link [left_wheel_link] does not exist
[WARN] [1779363363.988868269] [rviz2]: Link [right_wheel_link] does not exist
[WARN] [1779363363.988870513] [rviz2]: Link [top_module] does not exist
[WARN] [1779363363.988872818] [rviz2]: Link [left_lift_bottom] does not exist
[WARN] [1779363363.988875097] [rviz2]: Link [left_lift_top] does not exist
[WARN] [1779363363.988877457] [rviz2]: Link [UR10_l/base_link_inertia] does not exist
[WARN] [1779363363.988879797] [rviz2]: Link [UR10_l/shoulder_link] does not exist
[WARN] [1779363363.988882187] [rviz2]: Link [UR10_l/upper_arm_link] does not exist
[WARN] [1779363363.988884594] [rviz2]: Link [UR10_l/forearm_link] does not exist
[WARN] [1779363363.988886885] [rviz2]: Link [UR10_l/wrist_1_link] does not exist
[WARN] [1779363363.988889214] [rviz2]: Link [UR10_l/wrist_2_link] does not exist
[WARN] [1779363363.988891746] [rviz2]: Link [UR10_l/wrist_3_link] does not exist
[WARN] [1779363363.988894084] [rviz2]: Link [right_lift_bottom] does not exist
[WARN] [1779363363.988896347] [rviz2]: Link [right_lift_top] does not exist
[WARN] [1779363363.988898529] [rviz2]: Link [UR10_r/base_link_inertia] does not exist
[WARN] [1779363363.988901219] [rviz2]: Link [UR10_r/shoulder_link] does not exist
[WARN] [1779363363.988903772] [rviz2]: Link [UR10_r/upper_arm_link] does not exist
[WARN] [1779363363.988906456] [rviz2]: Link [UR10_r/forearm_link] does not exist
[WARN] [1779363363.988908808] [rviz2]: Link [UR10_r/wrist_1_link] does not exist
[WARN] [1779363363.988911210] [rviz2]: Link [UR10_r/wrist_2_link] does not exist
[WARN] [1779363363.988913478] [rviz2]: Link [UR10_r/wrist_3_link] does not exist
[WARN] [1779363363.988915951] [rviz2]: Link [base_link] does not exist
[WARN] [1779363363.988918284] [rviz2]: Link [back_laser_link] does not exist
[WARN] [1779363363.988920561] [rviz2]: Link [front_laser_link] does not exist
[WARN] [1779363363.988922811] [rviz2]: Link [bl_caster_rotation_link] does not exist
[WARN] [1779363363.988925042] [rviz2]: Link [bl_caster_wheel_link] does not exist
[WARN] [1779363363.988927452] [rviz2]: Link [br_caster_rotation_link] does not exist
[WARN] [1779363363.988929721] [rviz2]: Link [br_caster_wheel_link] does not exist
[WARN] [1779363363.988932056] [rviz2]: Link [camera_link] does not exist
[WARN] [1779363363.988934368] [rviz2]: Link [fl_caster_rotation_link] does not exist
[WARN] [1779363363.988936579] [rviz2]: Link [fl_caster_wheel_link] does not exist
[WARN] [1779363363.988938457] [rviz2]: Link [fr_caster_rotation_link] does not exist
[WARN] [1779363363.988940349] [rviz2]: Link [fr_caster_wheel_link] does not exist
[WARN] [1779363363.988942454] [rviz2]: Link [left_wheel_link] does not exist
[WARN] [1779363363.988944654] [rviz2]: Link [right_wheel_link] does not exist
[WARN] [1779363363.988946877] [rviz2]: Link [top_module] does not exist
[WARN] [1779363363.988949140] [rviz2]: Link [left_lift_bottom] does not exist
[WARN] [1779363363.988951403] [rviz2]: Link [left_lift_top] does not exist
[WARN] [1779363363.988953639] [rviz2]: Link [UR10_l/base_link_inertia] does not exist
[WARN] [1779363363.988955809] [rviz2]: Link [UR10_l/shoulder_link] does not exist
[WARN] [1779363363.988988705] [rviz2]: Link [UR10_l/upper_arm_link] does not exist
[WARN] [1779363363.988991137] [rviz2]: Link [UR10_l/forearm_link] does not exist
[WARN] [1779363363.988993312] [rviz2]: Link [UR10_l/wrist_1_link] does not exist
[WARN] [1779363363.988995495] [rviz2]: Link [UR10_l/wrist_2_link] does not exist
[WARN] [1779363363.988997670] [rviz2]: Link [UR10_l/wrist_3_link] does not exist
[WARN] [1779363363.988999915] [rviz2]: Link [right_lift_bottom] does not exist
[WARN] [1779363363.989002169] [rviz2]: Link [right_lift_top] does not exist
[WARN] [1779363363.989004455] [rviz2]: Link [UR10_r/base_link_inertia] does not exist
[WARN] [1779363363.989006844] [rviz2]: Link [UR10_r/shoulder_link] does not exist
[WARN] [1779363363.989009089] [rviz2]: Link [UR10_r/upper_arm_link] does not exist
[WARN] [1779363363.989011347] [rviz2]: Link [UR10_r/forearm_link] does not exist
[WARN] [1779363363.989013614] [rviz2]: Link [UR10_r/wrist_1_link] does not exist
[WARN] [1779363363.989015820] [rviz2]: Link [UR10_r/wrist_2_link] does not exist
[WARN] [1779363363.989018077] [rviz2]: Link [UR10_r/wrist_3_link] does not exist
[WARN] [1779363363.989023328] [rviz2]: Link [UR10_l/base_link_inertia] does not exist
[WARN] [1779363363.989025760] [rviz2]: Link [UR10_l/shoulder_link] does not exist
[WARN] [1779363363.989028141] [rviz2]: Link [UR10_l/upper_arm_link] does not exist
[WARN] [1779363363.989030387] [rviz2]: Link [UR10_l/forearm_link] does not exist
[WARN] [1779363363.989032795] [rviz2]: Link [UR10_l/wrist_1_link] does not exist
[WARN] [1779363363.989035083] [rviz2]: Link [UR10_l/wrist_2_link] does not exist
[WARN] [1779363363.989037353] [rviz2]: Link [UR10_l/wrist_3_link] does not exist
[WARN] [1779363363.989039622] [rviz2]: Link [UR10_r/base_link_inertia] does not exist
[WARN] [1779363363.989042017] [rviz2]: Link [UR10_r/shoulder_link] does not exist
[WARN] [1779363363.989044309] [rviz2]: Link [UR10_r/upper_arm_link] does not exist
[WARN] [1779363363.989046837] [rviz2]: Link [UR10_r/forearm_link] does not exist
[WARN] [1779363363.989049164] [rviz2]: Link [UR10_r/wrist_1_link] does not exist
[WARN] [1779363363.989051393] [rviz2]: Link [UR10_r/wrist_2_link] does not exist
[WARN] [1779363363.989053640] [rviz2]: Link [UR10_r/wrist_3_link] does not exist
[WARN] [1779363363.989055981] [rviz2]: Link [UR10_l/base_link_inertia] does not exist
[WARN] [1779363363.989058218] [rviz2]: Link [UR10_l/shoulder_link] does not exist
[WARN] [1779363363.989060480] [rviz2]: Link [UR10_l/upper_arm_link] does not exist
[WARN] [1779363363.989064051] [rviz2]: Link [UR10_l/forearm_link] does not exist
[WARN] [1779363363.989066242] [rviz2]: Link [UR10_l/wrist_1_link] does not exist
[WARN] [1779363363.989068330] [rviz2]: Link [UR10_l/wrist_2_link] does not exist
[WARN] [1779363363.989070590] [rviz2]: Link [UR10_l/wrist_3_link] does not exist
[WARN] [1779363363.989072869] [rviz2]: Link [UR10_r/base_link_inertia] does not exist
[WARN] [1779363363.989075156] [rviz2]: Link [UR10_r/shoulder_link] does not exist
[WARN] [1779363363.989077490] [rviz2]: Link [UR10_r/upper_arm_link] does not exist
[WARN] [1779363363.989079715] [rviz2]: Link [UR10_r/forearm_link] does not exist
[WARN] [1779363363.989081924] [rviz2]: Link [UR10_r/wrist_1_link] does not exist
[WARN] [1779363363.989084198] [rviz2]: Link [UR10_r/wrist_2_link] does not exist
[WARN] [1779363363.989086342] [rviz2]: Link [UR10_r/wrist_3_link] does not exist
[WARN] [1779363364.290459055] [interactive_marker_display_94069745578512]: Server not available while running, resetting
[ERROR] [1779363378.730511464] [rviz2_mur620a_moveit.moveit.ros.move_group_interface]: MoveGroupInterface::move() failed or timeout reached
[ERROR] [1779363502.243875866] [rviz2_mur620a_moveit.moveit.ros.move_group_interface]: MoveGroupInterface::move() failed or timeout reached
---- /home/rosmatch/.ros/log/rviz2_628707_1779362228283.log
[WARN] [1779362229.258693306] [rcl.logging_rosout]: Publisher already registered for node name: 'rviz2_mur620a_moveit'. If this is due to multiple nodes with the same name then all logs for the logger named 'rviz2_mur620a_moveit' will go out over the existing publisher. As soon as any node with that name is destructed it will unregister the publisher, preventing any further logs for that name from being published on the rosout topic.
[ERROR] [1779362232.397450470] [rviz2_mur620a_moveit.moveit.ros.motion_planning_frame]: Action server: /recognize_objects not available
[WARN] [1779362234.210008565] [interactive_marker_display_101210410232192]: Server not available during initialization, resetting
[WARN] [1779362246.611639353] [rviz2]: Link [base_link] does not exist
[WARN] [1779362246.611666001] [rviz2]: Link [back_laser_link] does not exist
[WARN] [1779362246.611668094] [rviz2]: Link [front_laser_link] does not exist
[WARN] [1779362246.611670094] [rviz2]: Link [bl_caster_rotation_link] does not exist
[WARN] [1779362246.611671978] [rviz2]: Link [bl_caster_wheel_link] does not exist
[WARN] [1779362246.611673772] [rviz2]: Link [br_caster_rotation_link] does not exist
[WARN] [1779362246.611675681] [rviz2]: Link [br_caster_wheel_link] does not exist
[WARN] [1779362246.611677763] [rviz2]: Link [camera_link] does not exist
[WARN] [1779362246.611679753] [rviz2]: Link [fl_caster_rotation_link] does not exist
[WARN] [1779362246.611681757] [rviz2]: Link [fl_caster_wheel_link] does not exist
[WARN] [1779362246.611683559] [rviz2]: Link [fr_caster_rotation_link] does not exist
[WARN] [1779362246.611685402] [rviz2]: Link [fr_caster_wheel_link] does not exist
[WARN] [1779362246.611687307] [rviz2]: Link [left_wheel_link] does not exist
[WARN] [1779362246.611688985] [rviz2]: Link [right_wheel_link] does not exist
[WARN] [1779362246.611690869] [rviz2]: Link [top_module] does not exist
[WARN] [1779362246.611692576] [rviz2]: Link [left_lift_bottom] does not exist
[WARN] [1779362246.611694320] [rviz2]: Link [left_lift_top] does not exist
[WARN] [1779362246.611696198] [rviz2]: Link [UR10_l/base_link_inertia] does not exist
[WARN] [1779362246.611698114] [rviz2]: Link [UR10_l/shoulder_link] does not exist
[WARN] [1779362246.611700371] [rviz2]: Link [UR10_l/upper_arm_link] does not exist
[WARN] [1779362246.611702178] [rviz2]: Link [UR10_l/forearm_link] does not exist
[WARN] [1779362246.611703919] [rviz2]: Link [UR10_l/wrist_1_link] does not exist
[WARN] [1779362246.611705776] [rviz2]: Link [UR10_l/wrist_2_link] does not exist
[WARN] [1779362246.611708082] [rviz2]: Link [UR10_l/wrist_3_link] does not exist
[WARN] [1779362246.611710374] [rviz2]: Link [right_lift_bottom] does not exist
[WARN] [1779362246.611712457] [rviz2]: Link [right_lift_top] does not exist
[WARN] [1779362246.611714211] [rviz2]: Link [UR10_r/base_link_inertia] does not exist
[WARN] [1779362246.611715947] [rviz2]: Link [UR10_r/shoulder_link] does not exist
[WARN] [1779362246.611717575] [rviz2]: Link [UR10_r/upper_arm_link] does not exist
[WARN] [1779362246.611719825] [rviz2]: Link [UR10_r/forearm_link] does not exist
[WARN] [1779362246.611721667] [rviz2]: Link [UR10_r/wrist_1_link] does not exist
[WARN] [1779362246.611723501] [rviz2]: Link [UR10_r/wrist_2_link] does not exist
[WARN] [1779362246.611725496] [rviz2]: Link [UR10_r/wrist_3_link] does not exist
[WARN] [1779362246.611727684] [rviz2]: Link [base_link] does not exist
[WARN] [1779362246.611729452] [rviz2]: Link [back_laser_link] does not exist
[WARN] [1779362246.611731074] [rviz2]: Link [front_laser_link] does not exist
[WARN] [1779362246.611732801] [rviz2]: Link [bl_caster_rotation_link] does not exist
[WARN] [1779362246.611734527] [rviz2]: Link [bl_caster_wheel_link] does not exist
[WARN] [1779362246.611736483] [rviz2]: Link [br_caster_rotation_link] does not exist
[WARN] [1779362246.611738216] [rviz2]: Link [br_caster_wheel_link] does not exist
[WARN] [1779362246.611740263] [rviz2]: Link [camera_link] does not exist
[WARN] [1779362246.611741967] [rviz2]: Link [fl_caster_rotation_link] does not exist
[WARN] [1779362246.611743689] [rviz2]: Link [fl_caster_wheel_link] does not exist
[WARN] [1779362246.611745176] [rviz2]: Link [fr_caster_rotation_link] does not exist
[WARN] [1779362246.611746820] [rviz2]: Link [fr_caster_wheel_link] does not exist
[WARN] [1779362246.611748866] [rviz2]: Link [left_wheel_link] does not exist
[WARN] [1779362246.611750945] [rviz2]: Link [right_wheel_link] does not exist
[WARN] [1779362246.611753299] [rviz2]: Link [top_module] does not exist
[WARN] [1779362246.611755184] [rviz2]: Link [left_lift_bottom] does not exist
[WARN] [1779362246.611756988] [rviz2]: Link [left_lift_top] does not exist
[WARN] [1779362246.611759006] [rviz2]: Link [UR10_l/base_link_inertia] does not exist
[WARN] [1779362246.611760999] [rviz2]: Link [UR10_l/shoulder_link] does not exist
[WARN] [1779362246.611792423] [rviz2]: Link [UR10_l/upper_arm_link] does not exist
[WARN] [1779362246.611795063] [rviz2]: Link [UR10_l/forearm_link] does not exist
[WARN] [1779362246.611796925] [rviz2]: Link [UR10_l/wrist_1_link] does not exist
[WARN] [1779362246.611798958] [rviz2]: Link [UR10_l/wrist_2_link] does not exist
[WARN] [1779362246.611800541] [rviz2]: Link [UR10_l/wrist_3_link] does not exist
[WARN] [1779362246.611802587] [rviz2]: Link [right_lift_bottom] does not exist
[WARN] [1779362246.611804146] [rviz2]: Link [right_lift_top] does not exist
[WARN] [1779362246.611805684] [rviz2]: Link [UR10_r/base_link_inertia] does not exist
[WARN] [1779362246.611807537] [rviz2]: Link [UR10_r/shoulder_link] does not exist
[WARN] [1779362246.611809318] [rviz2]: Link [UR10_r/upper_arm_link] does not exist
[WARN] [1779362246.611811293] [rviz2]: Link [UR10_r/forearm_link] does not exist
[WARN] [1779362246.611813175] [rviz2]: Link [UR10_r/wrist_1_link] does not exist
[WARN] [1779362246.611814964] [rviz2]: Link [UR10_r/wrist_2_link] does not exist
[WARN] [1779362246.611816794] [rviz2]: Link [UR10_r/wrist_3_link] does not exist
[WARN] [1779362246.611821567] [rviz2]: Link [UR10_l/base_link_inertia] does not exist
[WARN] [1779362246.611824049] [rviz2]: Link [UR10_l/shoulder_link] does not exist
[WARN] [1779362246.611826041] [rviz2]: Link [UR10_l/upper_arm_link] does not exist
[WARN] [1779362246.611827961] [rviz2]: Link [UR10_l/forearm_link] does not exist
[WARN] [1779362246.611829982] [rviz2]: Link [UR10_l/wrist_1_link] does not exist
[WARN] [1779362246.611831945] [rviz2]: Link [UR10_l/wrist_2_link] does not exist
[WARN] [1779362246.611834722] [rviz2]: Link [UR10_l/wrist_3_link] does not exist
[WARN] [1779362246.611836741] [rviz2]: Link [UR10_l/base_link_inertia] does not exist
[WARN] [1779362246.611838666] [rviz2]: Link [UR10_l/shoulder_link] does not exist
[WARN] [1779362246.611840665] [rviz2]: Link [UR10_l/upper_arm_link] does not exist
[WARN] [1779362246.611842732] [rviz2]: Link [UR10_l/forearm_link] does not exist
[WARN] [1779362246.611844663] [rviz2]: Link [UR10_l/wrist_1_link] does not exist
[WARN] [1779362246.611846461] [rviz2]: Link [UR10_l/wrist_2_link] does not exist
[WARN] [1779362246.611848558] [rviz2]: Link [UR10_l/wrist_3_link] does not exist
[WARN] [1779362246.912530597] [interactive_marker_display_101210410232192]: Server not available while running, resetting
[WARN] [1779362438.453267164] [interactive_marker_display_101210410232192]: Server not available while running, resetting
---- /home/rosmatch/.ros/log/move_group_626745_1779362216202.log
[INFO] [1779362221.251612850] [mur620a.move_group]: Try loading adapter 'default_planning_request_adapters/CheckStartStateBounds'
[INFO] [1779362221.251635368] [mur620a.move_group]: Loaded adapter 'default_planning_request_adapters/CheckStartStateBounds'
[INFO] [1779362221.251638458] [mur620a.move_group]: Try loading adapter 'default_planning_request_adapters/CheckStartStateCollision'
[INFO] [1779362221.251647085] [mur620a.move_group]: Loaded adapter 'default_planning_request_adapters/CheckStartStateCollision'
[INFO] [1779362221.252231274] [mur620a.move_group]: Try loading adapter 'default_planning_response_adapters/AddTimeOptimalParameterization'
[INFO] [1779362221.253573201] [mur620a.move_group]: Loaded adapter 'default_planning_response_adapters/AddTimeOptimalParameterization'
[INFO] [1779362221.253593351] [mur620a.move_group]: Try loading adapter 'default_planning_response_adapters/ValidateSolution'
[INFO] [1779362221.255222211] [mur620a.move_group]: Loaded adapter 'default_planning_response_adapters/ValidateSolution'
[INFO] [1779362221.255240516] [mur620a.move_group]: Try loading adapter 'default_planning_response_adapters/DisplayMotionPath'
[INFO] [1779362221.255936671] [mur620a.move_group]: Loaded adapter 'default_planning_response_adapters/DisplayMotionPath'
[INFO] [1779362221.322343392] [mur620a.moveit.moveit.plugins.simple_controller_manager]: Added FollowJointTrajectory controller for /mur620a/moveit_joint_trajectory_controller_l
[INFO] [1779362221.326166418] [mur620a.moveit.moveit.plugins.simple_controller_manager]: Added FollowJointTrajectory controller for /mur620a/moveit_joint_trajectory_controller_r
[INFO] [1779362221.330028633] [mur620a.moveit.moveit.plugins.simple_controller_manager]: Added FollowJointTrajectory controller for /mur620a/moveit_joint_trajectory_controller_lift_l
[INFO] [1779362221.334360954] [mur620a.moveit.moveit.plugins.simple_controller_manager]: Added FollowJointTrajectory controller for /mur620a/moveit_joint_trajectory_controller_lift_r
[INFO] [1779362221.334537533] [mur620a.moveit.moveit.plugins.simple_controller_manager]: Returned 4 controllers in list
[INFO] [1779362221.334573041] [mur620a.moveit.moveit.plugins.simple_controller_manager]: Returned 4 controllers in list
[INFO] [1779362221.335397920] [mur620a.moveit.moveit.ros.trajectory_execution_manager]: Trajectory execution is managing controllers
[INFO] [1779362221.335422775] [mur620a.move_group]: MoveGroup debug mode is ON
[INFO] [1779362221.363836581] [mur620a.moveit.moveit.ros.move_group.executable]: 

********************************************************
* MoveGroup using: 
*     - apply_planning_scene_service
*     - clear_octomap_service
*     - get_group_urdf
*     - load_geometry_from_file
*     - CartesianPathService
*     - execute_trajectory_action
*     - get_planning_scene_service
*     - kinematics_service
*     - move_action
*     - motion_plan_service
*     - query_planners_service
*     - state_validation_service
*     - save_geometry_to_file
********************************************************

[INFO] [1779362221.363924669] [mur620a.moveit.moveit.ros.move_group.context]: MoveGroup context using pipeline ompl
[INFO] [1779362221.363935916] [mur620a.moveit.moveit.ros.move_group.context]: MoveGroup context initialization complete
[WARN] [1779362235.878099615] [mur620a.moveit.moveit.ros.planning_scene_monitor]: Unable to transform object from frame 'mur620b/UR10_l/base_link' to planning frame'base_footprint' (Could not find a connection between 'base_footprint' and 'mur620b/UR10_l/base_link' because they are not part of the same tree.Tf has two or more unconnected trees.)
[WARN] [1779362235.878160867] [mur620a.moveit.moveit.ros.planning_scene_monitor]: Unable to transform object from frame 'mur620b/UR10_l/base_ideal' to planning frame'base_footprint' (Could not find a connection between 'base_footprint' and 'mur620b/UR10_l/base_ideal' because they are not part of the same tree.Tf has two or more unconnected trees.)
[WARN] [1779362235.878168547] [mur620a.moveit.moveit.ros.planning_scene_monitor]: Unable to transform object from frame 'mur620b/UR10_l/base' to planning frame'base_footprint' (Could not find a connection between 'base_footprint' and 'mur620b/UR10_l/base' because they are not part of the same tree.Tf has two or more unconnected trees.)
[WARN] [1779362235.878174320] [mur620a.moveit.moveit.ros.planning_scene_monitor]: Unable to transform object from frame 'mur620b/UR10_l/base_link_inertia' to planning frame'base_footprint' (Could not find a connection between 'base_footprint' and 'mur620b/UR10_l/base_link_inertia' because they are not part of the same tree.Tf has two or more unconnected trees.)
[WARN] [1779362235.878180124] [mur620a.moveit.moveit.ros.planning_scene_monitor]: Unable to transform object from frame 'mur620b/UR10_l/tool0' to planning frame'base_footprint' (Could not find a connection between 'base_footprint' and 'mur620b/UR10_l/tool0' because they are not part of the same tree.Tf has two or more unconnected trees.)
[WARN] [1779362235.878185158] [mur620a.moveit.moveit.ros.planning_scene_monitor]: Unable to transform object from frame 'mur620b/UR10_l/flange' to planning frame'base_footprint' (Could not find a connection between 'base_footprint' and 'mur620b/UR10_l/flange' because they are not part of the same tree.Tf has two or more unconnected trees.)
[WARN] [1779362235.878190738] [mur620a.moveit.moveit.ros.planning_scene_monitor]: Unable to transform object from frame 'mur620b/UR10_l/wrist_3_link' to planning frame'base_footprint' (Could not find a connection between 'base_footprint' and 'mur620b/UR10_l/wrist_3_link' because they are not part of the same tree.Tf has two or more unconnected trees.)
[WARN] [1779362235.878195480] [mur620a.moveit.moveit.ros.planning_scene_monitor]: Unable to transform object from frame 'mur620b/UR10_l/ft_frame' to planning frame'base_footprint' (Could not find a connection between 'base_footprint' and 'mur620b/UR10_l/ft_frame' because they are not part of the same tree.Tf has two or more unconnected trees.)
[WARN] [1779362235.878200332] [mur620a.moveit.moveit.ros.planning_scene_monitor]: Unable to transform object from frame 'mur620b/UR10_r/base_link' to planning frame'base_footprint' (Could not find a connection between 'base_footprint' and 'mur620b/UR10_r/base_link' because they are not part of the same tree.Tf has two or more unconnected trees.)
[WARN] [1779362235.878205032] [mur620a.moveit.moveit.ros.planning_scene_monitor]: Unable to transform object from frame 'mur620b/UR10_r/base_ideal' to planning frame'base_footprint' (Could not find a connection between 'base_footprint' and 'mur620b/UR10_r/base_ideal' because they are not part of the same tree.Tf has two or more unconnected trees.)
[WARN] [1779362235.878209916] [mur620a.moveit.moveit.ros.planning_scene_monitor]: Unable to transform object from frame 'mur620b/UR10_r/base' to planning frame'base_footprint' (Could not find a connection between 'base_footprint' and 'mur620b/UR10_r/base' because they are not part of the same tree.Tf has two or more unconnected trees.)
[WARN] [1779362235.878215269] [mur620a.moveit.moveit.ros.planning_scene_monitor]: Unable to transform object from frame 'mur620b/UR10_r/base_link_inertia' to planning frame'base_footprint' (Could not find a connection between 'base_footprint' and 'mur620b/UR10_r/base_link_inertia' because they are not part of the same tree.Tf has two or more unconnected trees.)
[WARN] [1779362235.878249833] [mur620a.moveit.moveit.ros.planning_scene_monitor]: Unable to transform object from frame 'mur620b/UR10_r/tool0' to planning frame'base_footprint' (Could not find a connection between 'base_footprint' and 'mur620b/UR10_r/tool0' because they are not part of the same tree.Tf has two or more unconnected trees.)
[WARN] [1779362235.878257337] [mur620a.moveit.moveit.ros.planning_scene_monitor]: Unable to transform object from frame 'mur620b/UR10_r/flange' to planning frame'base_footprint' (Could not find a connection between 'base_footprint' and 'mur620b/UR10_r/flange' because they are not part of the same tree.Tf has two or more unconnected trees.)
[WARN] [1779362235.878264582] [mur620a.moveit.moveit.ros.planning_scene_monitor]: Unable to transform object from frame 'mur620b/UR10_r/wrist_3_link' to planning frame'base_footprint' (Could not find a connection between 'base_footprint' and 'mur620b/UR10_r/wrist_3_link' because they are not part of the same tree.Tf has two or more unconnected trees.)
[WARN] [1779362235.878271451] [mur620a.moveit.moveit.ros.planning_scene_monitor]: Unable to transform object from frame 'mur620b/UR10_r/ft_frame' to planning frame'base_footprint' (Could not find a connection between 'base_footprint' and 'mur620b/UR10_r/ft_frame' because they are not part of the same tree.Tf has two or more unconnected trees.)
[WARN] [1779362235.878277622] [mur620a.moveit.moveit.ros.planning_scene_monitor]: Unable to transform object from frame 'mur620b/base_link' to planning frame'base_footprint' (Could not find a connection between 'base_footprint' and 'mur620b/base_link' because they are not part of the same tree.Tf has two or more unconnected trees.)
[WARN] [1779362235.878285115] [mur620a.moveit.moveit.ros.planning_scene_monitor]: Unable to transform object from frame 'mur620b/base_footprint' to planning frame'base_footprint' (Could not find a connection between 'base_footprint' and 'mur620b/base_footprint' because they are not part of the same tree.Tf has two or more unconnected trees.)
[WARN] [1779362235.878292638] [mur620a.moveit.moveit.ros.planning_scene_monitor]: Unable to transform object from frame 'mur620b/surface' to planning frame'base_footprint' (Could not find a connection between 'base_footprint' and 'mur620b/surface' because they are not part of the same tree.Tf has two or more unconnected trees.)
[WARN] [1779362235.878300614] [mur620a.moveit.moveit.ros.planning_scene_monitor]: Unable to transform object from frame 'mur620b/back_laser_link' to planning frame'base_footprint' (Could not find a connection between 'base_footprint' and 'mur620b/back_laser_link' because they are not part of the same tree.Tf has two or more unconnected trees.)
[WARN] [1779362235.878308249] [mur620a.moveit.moveit.ros.planning_scene_monitor]: Unable to transform object from frame 'mur620b/front_laser_link' to planning frame'base_footprint' (Could not find a connection between 'base_footprint' and 'mur620b/front_laser_link' because they are not part of the same tree.Tf has two or more unconnected trees.)
[WARN] [1779362235.878317047] [mur620a.moveit.moveit.ros.planning_scene_monitor]: Unable to transform object from frame 'mur620b/imu_link' to planning frame'base_footprint' (Could not find a connection between 'base_footprint' and 'mur620b/imu_link' because they are not part of the same tree.Tf has two or more unconnected trees.)
[WARN] [1779362235.878325007] [mur620a.moveit.moveit.ros.planning_scene_monitor]: Unable to transform object from frame 'mur620b/camera_color_frame' to planning frame'base_footprint' (Could not find a connection between 'base_footprint' and 'mur620b/camera_color_frame' because they are not part of the same tree.Tf has two or more unconnected trees.)
[WARN] [1779362235.878332868] [mur620a.moveit.moveit.ros.planning_scene_monitor]: Unable to transform object from frame 'mur620b/camera_link' to planning frame'base_footprint' (Could not find a connection between 'base_footprint' and 'mur620b/camera_link' because they are not part of the same tree.Tf has two or more unconnected trees.)
[WARN] [1779362235.878345237] [mur620a.moveit.moveit.ros.planning_scene_monitor]: Unable to transform object from frame 'mur620b/camera_color_optical_frame' to planning frame'base_footprint' (Could not find a connection between 'base_footprint' and 'mur620b/camera_color_optical_frame' because they are not part of the same tree.Tf has two or more unconnected trees.)
[WARN] [1779362235.878352434] [mur620a.moveit.moveit.ros.planning_scene_monitor]: Unable to transform object from frame 'mur620b/camera_depth_frame' to planning frame'base_footprint' (Could not find a connection between 'base_footprint' and 'mur620b/camera_depth_frame' because they are not part of the same tree.Tf has two or more unconnected trees.)
[WARN] [1779362235.878360298] [mur620a.moveit.moveit.ros.planning_scene_monitor]: Unable to transform object from frame 'mur620b/camera_depth_optical_frame' to planning frame'base_footprint' (Could not find a connection between 'base_footprint' and 'mur620b/camera_depth_optical_frame' because they are not part of the same tree.Tf has two or more unconnected trees.)
[WARN] [1779362235.878372733] [mur620a.moveit.moveit.ros.planning_scene_monitor]: Unable to transform object from frame 'mur620b/camera_infra1_frame' to planning frame'base_footprint' (Could not find a connection between 'base_footprint' and 'mur620b/camera_infra1_frame' because they are not part of the same tree.Tf has two or more unconnected trees.)
[WARN] [1779362235.878379675] [mur620a.moveit.moveit.ros.planning_scene_monitor]: Unable to transform object from frame 'mur620b/camera_infra1_optical_frame' to planning frame'base_footprint' (Could not find a connection between 'base_footprint' and 'mur620b/camera_infra1_optical_frame' because they are not part of the same tree.Tf has two or more unconnected trees.)
[WARN] [1779362235.878386847] [mur620a.moveit.moveit.ros.planning_scene_monitor]: Unable to transform object from frame 'mur620b/camera_infra2_frame' to planning frame'base_footprint' (Could not find a connection between 'base_footprint' and 'mur620b/camera_infra2_frame' because they are not part of the same tree.Tf has two or more unconnected trees.)
[WARN] [1779362235.878393977] [mur620a.moveit.moveit.ros.planning_scene_monitor]: Unable to transform object from frame 'mur620b/camera_infra2_optical_frame' to planning frame'base_footprint' (Could not find a connection between 'base_footprint' and 'mur620b/camera_infra2_optical_frame' because they are not part of the same tree.Tf has two or more unconnected trees.)
[WARN] [1779362235.878400990] [mur620a.moveit.moveit.ros.planning_scene_monitor]: Unable to transform object from frame 'mur620b/camera_bottom_screw_frame' to planning frame'base_footprint' (Could not find a connection between 'base_footprint' and 'mur620b/camera_bottom_screw_frame' because they are not part of the same tree.Tf has two or more unconnected trees.)
[WARN] [1779362235.878408324] [mur620a.moveit.moveit.ros.planning_scene_monitor]: Unable to transform object from frame 'mur620b/imu_frame' to planning frame'base_footprint' (Could not find a connection between 'base_footprint' and 'mur620b/imu_frame' because they are not part of the same tree.Tf has two or more unconnected trees.)
[WARN] [1779362235.878416527] [mur620a.moveit.moveit.ros.planning_scene_monitor]: Unable to transform object from frame 'mur620b/left_lift_bottom' to planning frame'base_footprint' (Could not find a connection between 'base_footprint' and 'mur620b/left_lift_bottom' because they are not part of the same tree.Tf has two or more unconnected trees.)
[WARN] [1779362235.878423971] [mur620a.moveit.moveit.ros.planning_scene_monitor]: Unable to transform object from frame 'mur620b/top_module' to planning frame'base_footprint' (Could not find a connection between 'base_footprint' and 'mur620b/top_module' because they are not part of the same tree.Tf has two or more unconnected trees.)
[WARN] [1779362235.878430395] [mur620a.moveit.moveit.ros.planning_scene_monitor]: Unable to transform object from frame 'mur620b/left_lift_top' to planning frame'base_footprint' (Could not find a connection between 'base_footprint' and 'mur620b/left_lift_top' because they are not part of the same tree.Tf has two or more unconnected trees.)
[WARN] [1779362235.878442810] [mur620a.moveit.moveit.ros.planning_scene_monitor]: Unable to transform object from frame 'mur620b/right_lift_top' to planning frame'base_footprint' (Could not find a connection between 'base_footprint' and 'mur620b/right_lift_top' because they are not part of the same tree.Tf has two or more unconnected trees.)
[WARN] [1779362235.878450163] [mur620a.moveit.moveit.ros.planning_scene_monitor]: Unable to transform object from frame 'mur620b/right_lift_bottom' to planning frame'base_footprint' (Could not find a connection between 'base_footprint' and 'mur620b/right_lift_bottom' because they are not part of the same tree.Tf has two or more unconnected trees.)
[WARN] [1779362235.878457818] [mur620a.moveit.moveit.ros.planning_scene_monitor]: Unable to transform object from frame 'mur620b/us_1_frame' to planning frame'base_footprint' (Could not find a connection between 'base_footprint' and 'mur620b/us_1_frame' because they are not part of the same tree.Tf has two or more unconnected trees.)
[WARN] [1779362235.878465709] [mur620a.moveit.moveit.ros.planning_scene_monitor]: Unable to transform object from frame 'mur620b/us_2_frame' to planning frame'base_footprint' (Could not find a connection between 'base_footprint' and 'mur620b/us_2_frame' because they are not part of the same tree.Tf has two or more unconnected trees.)
[WARN] [1779362235.937181443] [mur620a.moveit.moveit.ros.planning_scene_monitor]: Unable to transform object from frame 'mur620b/UR10_l/base_link' to planning frame'base_footprint' (Could not find a connection between 'base_footprint' and 'mur620b/UR10_l/base_link' because they are not part of the same tree.Tf has two or more unconnected trees.)
[WARN] [1779362235.937238167] [mur620a.moveit.moveit.ros.planning_scene_monitor]: Unable to transform object from frame 'mur620b/UR10_l/base_ideal' to planning frame'base_footprint' (Could not find a connection between 'base_footprint' and 'mur620b/UR10_l/base_ideal' because they are not part of the same tree.Tf has two or more unconnected trees.)
[WARN] [1779362235.937253672] [mur620a.moveit.moveit.ros.planning_scene_monitor]: Unable to transform object from frame 'mur620b/UR10_l/base' to planning frame'base_footprint' (Could not find a connection between 'base_footprint' and 'mur620b/UR10_l/base' because they are not part of the same tree.Tf has two or more unconnected trees.)
[WARN] [1779362235.937267298] [mur620a.moveit.moveit.ros.planning_scene_monitor]: Unable to transform object from frame 'mur620b/UR10_l/base_link_inertia' to planning frame'base_footprint' (Could not find a connection between 'base_footprint' and 'mur620b/UR10_l/base_link_inertia' because they are not part of the same tree.Tf has two or more unconnected trees.)
[WARN] [1779362235.937280187] [mur620a.moveit.moveit.ros.planning_scene_monitor]: Unable to transform object from frame 'mur620b/UR10_l/tool0' to planning frame'base_footprint' (Could not find a connection between 'base_footprint' and 'mur620b/UR10_l/tool0' because they are not part of the same tree.Tf has two or more unconnected trees.)
[WARN] [1779362235.937292129] [mur620a.moveit.moveit.ros.planning_scene_monitor]: Unable to transform object from frame 'mur620b/UR10_l/flange' to planning frame'base_footprint' (Could not find a connection between 'base_footprint' and 'mur620b/UR10_l/flange' because they are not part of the same tree.Tf has two or more unconnected trees.)
[WARN] [1779362235.937303650] [mur620a.moveit.moveit.ros.planning_scene_monitor]: Unable to transform object from frame 'mur620b/UR10_l/wrist_3_link' to planning frame'base_footprint' (Could not find a connection between 'base_footprint' and 'mur620b/UR10_l/wrist_3_link' because they are not part of the same tree.Tf has two or more unconnected trees.)
[WARN] [1779362235.937315833] [mur620a.moveit.moveit.ros.planning_scene_monitor]: Unable to transform object from frame 'mur620b/UR10_l/ft_frame' to planning frame'base_footprint' (Could not find a connection between 'base_footprint' and 'mur620b/UR10_l/ft_frame' because they are not part of the same tree.Tf has two or more unconnected trees.)
[WARN] [1779362235.937363841] [mur620a.moveit.moveit.ros.planning_scene_monitor]: Unable to transform object from frame 'mur620b/UR10_r/base_link' to planning frame'base_footprint' (Could not find a connection between 'base_footprint' and 'mur620b/UR10_r/base_link' because they are not part of the same tree.Tf has two or more unconnected trees.)
[WARN] [1779362235.937385871] [mur620a.moveit.moveit.ros.planning_scene_monitor]: Unable to transform object from frame 'mur620b/UR10_r/base_ideal' to planning frame'base_footprint' (Could not find a connection between 'base_footprint' and 'mur620b/UR10_r/base_ideal' because they are not part of the same tree.Tf has two or more unconnected trees.)
[WARN] [1779362235.937397844] [mur620a.moveit.moveit.ros.planning_scene_monitor]: Unable to transform object from frame 'mur620b/UR10_r/base' to planning frame'base_footprint' (Could not find a connection between 'base_footprint' and 'mur620b/UR10_r/base' because they are not part of the same tree.Tf has two or more unconnected trees.)
[WARN] [1779362235.937409849] [mur620a.moveit.moveit.ros.planning_scene_monitor]: Unable to transform object from frame 'mur620b/UR10_r/base_link_inertia' to planning frame'base_footprint' (Could not find a connection between 'base_footprint' and 'mur620b/UR10_r/base_link_inertia' because they are not part of the same tree.Tf has two or more unconnected trees.)
[WARN] [1779362235.937421209] [mur620a.moveit.moveit.ros.planning_scene_monitor]: Unable to transform object from frame 'mur620b/UR10_r/tool0' to planning frame'base_footprint' (Could not find a connection between 'base_footprint' and 'mur620b/UR10_r/tool0' because they are not part of the same tree.Tf has two or more unconnected trees.)
[WARN] [1779362235.937432567] [mur620a.moveit.moveit.ros.planning_scene_monitor]: Unable to transform object from frame 'mur620b/UR10_r/flange' to planning frame'base_footprint' (Could not find a connection between 'base_footprint' and 'mur620b/UR10_r/flange' because they are not part of the same tree.Tf has two or more unconnected trees.)
[WARN] [1779362235.937444352] [mur620a.moveit.moveit.ros.planning_scene_monitor]: Unable to transform object from frame 'mur620b/UR10_r/wrist_3_link' to planning frame'base_footprint' (Could not find a connection between 'base_footprint' and 'mur620b/UR10_r/wrist_3_link' because they are not part of the same tree.Tf has two or more unconnected trees.)
[WARN] [1779362235.937455441] [mur620a.moveit.moveit.ros.planning_scene_monitor]: Unable to transform object from frame 'mur620b/UR10_r/ft_frame' to planning frame'base_footprint' (Could not find a connection between 'base_footprint' and 'mur620b/UR10_r/ft_frame' because they are not part of the same tree.Tf has two or more unconnected trees.)
[WARN] [1779362235.937466894] [mur620a.moveit.moveit.ros.planning_scene_monitor]: Unable to transform object from frame 'mur620b/base_link' to planning frame'base_footprint' (Could not find a connection between 'base_footprint' and 'mur620b/base_link' because they are not part of the same tree.Tf has two or more unconnected trees.)
[WARN] [1779362235.937478753] [mur620a.moveit.moveit.ros.planning_scene_monitor]: Unable to transform object from frame 'mur620b/base_footprint' to planning frame'base_footprint' (Could not find a connection between 'base_footprint' and 'mur620b/base_footprint' because they are not part of the same tree.Tf has two or more unconnected trees.)
[WARN] [1779362235.937491146] [mur620a.moveit.moveit.ros.planning_scene_monitor]: Unable to transform object from frame 'mur620b/surface' to planning frame'base_footprint' (Could not find a connection between 'base_footprint' and 'mur620b/surface' because they are not part of the same tree.Tf has two or more unconnected trees.)
[WARN] [1779362235.937515919] [mur620a.moveit.moveit.ros.planning_scene_monitor]: Unable to transform object from frame 'mur620b/back_laser_link' to planning frame'base_footprint' (Could not find a connection between 'base_footprint' and 'mur620b/back_laser_link' because they are not part of the same tree.Tf has two or more unconnected trees.)
[WARN] [1779362235.937528531] [mur620a.moveit.moveit.ros.planning_scene_monitor]: Unable to transform object from frame 'mur620b/front_laser_link' to planning frame'base_footprint' (Could not find a connection between 'base_footprint' and 'mur620b/front_laser_link' because they are not part of the same tree.Tf has two or more unconnected trees.)
[WARN] [1779362235.937539887] [mur620a.moveit.moveit.ros.planning_scene_monitor]: Unable to transform object from frame 'mur620b/imu_link' to planning frame'base_footprint' (Could not find a connection between 'base_footprint' and 'mur620b/imu_link' because they are not part of the same tree.Tf has two or more unconnected trees.)
[WARN] [1779362235.937552161] [mur620a.moveit.moveit.ros.planning_scene_monitor]: Unable to transform object from frame 'mur620b/camera_color_frame' to planning frame'base_footprint' (Could not find a connection between 'base_footprint' and 'mur620b/camera_color_frame' because they are not part of the same tree.Tf has two or more unconnected trees.)
[WARN] [1779362235.937563633] [mur620a.moveit.moveit.ros.planning_scene_monitor]: Unable to transform object from frame 'mur620b/camera_link' to planning frame'base_footprint' (Could not find a connection between 'base_footprint' and 'mur620b/camera_link' because they are not part of the same tree.Tf has two or more unconnected trees.)
[WARN] [1779362235.937575511] [mur620a.moveit.moveit.ros.planning_scene_monitor]: Unable to transform object from frame 'mur620b/camera_color_optical_frame' to planning frame'base_footprint' (Could not find a connection between 'base_footprint' and 'mur620b/camera_color_optical_frame' because they are not part of the same tree.Tf has two or more unconnected trees.)
[WARN] [1779362235.937587689] [mur620a.moveit.moveit.ros.planning_scene_monitor]: Unable to transform object from frame 'mur620b/camera_depth_frame' to planning frame'base_footprint' (Could not find a connection between 'base_footprint' and 'mur620b/camera_depth_frame' because they are not part of the same tree.Tf has two or more unconnected trees.)
[WARN] [1779362235.937599840] [mur620a.moveit.moveit.ros.planning_scene_monitor]: Unable to transform object from frame 'mur620b/camera_depth_optical_frame' to planning frame'base_footprint' (Could not find a connection between 'base_footprint' and 'mur620b/camera_depth_optical_frame' because they are not part of the same tree.Tf has two or more unconnected trees.)
[WARN] [1779362235.937616125] [mur620a.moveit.moveit.ros.planning_scene_monitor]: Unable to transform object from frame 'mur620b/camera_infra1_frame' to planning frame'base_footprint' (Could not find a connection between 'base_footprint' and 'mur620b/camera_infra1_frame' because they are not part of the same tree.Tf has two or more unconnected trees.)
[WARN] [1779362235.937632168] [mur620a.moveit.moveit.ros.planning_scene_monitor]: Unable to transform object from frame 'mur620b/camera_infra1_optical_frame' to planning frame'base_footprint' (Could not find a connection between 'base_footprint' and 'mur620b/camera_infra1_optical_frame' because they are not part of the same tree.Tf has two or more unconnected trees.)
[WARN] [1779362235.937643541] [mur620a.moveit.moveit.ros.planning_scene_monitor]: Unable to transform object from frame 'mur620b/camera_infra2_frame' to planning frame'base_footprint' (Could not find a connection between 'base_footprint' and 'mur620b/camera_infra2_frame' because they are not part of the same tree.Tf has two or more unconnected trees.)
[WARN] [1779362235.937657195] [mur620a.moveit.moveit.ros.planning_scene_monitor]: Unable to transform object from frame 'mur620b/camera_infra2_optical_frame' to planning frame'base_footprint' (Could not find a connection between 'base_footprint' and 'mur620b/camera_infra2_optical_frame' because they are not part of the same tree.Tf has two or more unconnected trees.)
[WARN] [1779362235.937675615] [mur620a.moveit.moveit.ros.planning_scene_monitor]: Unable to transform object from frame 'mur620b/camera_bottom_screw_frame' to planning frame'base_footprint' (Could not find a connection between 'base_footprint' and 'mur620b/camera_bottom_screw_frame' because they are not part of the same tree.Tf has two or more unconnected trees.)
[WARN] [1779362235.937696043] [mur620a.moveit.moveit.ros.planning_scene_monitor]: Unable to transform object from frame 'mur620b/imu_frame' to planning frame'base_footprint' (Could not find a connection between 'base_footprint' and 'mur620b/imu_frame' because they are not part of the same tree.Tf has two or more unconnected trees.)
[WARN] [1779362235.937719367] [mur620a.moveit.moveit.ros.planning_scene_monitor]: Unable to transform object from frame 'mur620b/left_lift_bottom' to planning frame'base_footprint' (Could not find a connection between 'base_footprint' and 'mur620b/left_lift_bottom' because they are not part of the same tree.Tf has two or more unconnected trees.)
[WARN] [1779362235.937731279] [mur620a.moveit.moveit.ros.planning_scene_monitor]: Unable to transform object from frame 'mur620b/top_module' to planning frame'base_footprint' (Could not find a connection between 'base_footprint' and 'mur620b/top_module' because they are not part of the same tree.Tf has two or more unconnected trees.)
[WARN] [1779362235.937756899] [mur620a.moveit.moveit.ros.planning_scene_monitor]: Unable to transform object from frame 'mur620b/left_lift_top' to planning frame'base_footprint' (Could not find a connection between 'base_footprint' and 'mur620b/left_lift_top' because they are not part of the same tree.Tf has two or more unconnected trees.)
[WARN] [1779362235.937768506] [mur620a.moveit.moveit.ros.planning_scene_monitor]: Unable to transform object from frame 'mur620b/right_lift_top' to planning frame'base_footprint' (Could not find a connection between 'base_footprint' and 'mur620b/right_lift_top' because they are not part of the same tree.Tf has two or more unconnected trees.)
[WARN] [1779362235.937780497] [mur620a.moveit.moveit.ros.planning_scene_monitor]: Unable to transform object from frame 'mur620b/right_lift_bottom' to planning frame'base_footprint' (Could not find a connection between 'base_footprint' and 'mur620b/right_lift_bottom' because they are not part of the same tree.Tf has two or more unconnected trees.)
[WARN] [1779362235.937792132] [mur620a.moveit.moveit.ros.planning_scene_monitor]: Unable to transform object from frame 'mur620b/us_1_frame' to planning frame'base_footprint' (Could not find a connection between 'base_footprint' and 'mur620b/us_1_frame' because they are not part of the same tree.Tf has two or more unconnected trees.)
[WARN] [1779362235.937803256] [mur620a.moveit.moveit.ros.planning_scene_monitor]: Unable to transform object from frame 'mur620b/us_2_frame' to planning frame'base_footprint' (Could not find a connection between 'base_footprint' and 'mur620b/us_2_frame' because they are not part of the same tree.Tf has two or more unconnected trees.)
[INFO] [1779362438.452274896] [rclcpp]: signal_handler(SIGINT/SIGTERM)
---- /home/rosmatch/.ros/log/move_group_609720_1779362004658.log
[WARN] [1779362040.312936167] [mur620a.moveit.moveit.ros.planning_scene_monitor]: Unable to transform object from frame 'mur620b/UR10_l/upper_arm_link' to planning frame'base_footprint' (Could not find a connection between 'base_footprint' and 'mur620b/UR10_l/upper_arm_link' because they are not part of the same tree.Tf has two or more unconnected trees.)
[WARN] [1779362040.312944338] [mur620a.moveit.moveit.ros.planning_scene_monitor]: Unable to transform object from frame 'mur620b/UR10_l/shoulder_link' to planning frame'base_footprint' (Could not find a connection between 'base_footprint' and 'mur620b/UR10_l/shoulder_link' because they are not part of the same tree.Tf has two or more unconnected trees.)
[WARN] [1779362040.312951804] [mur620a.moveit.moveit.ros.planning_scene_monitor]: Unable to transform object from frame 'mur620b/UR10_l/wrist_1_link' to planning frame'base_footprint' (Could not find a connection between 'base_footprint' and 'mur620b/UR10_l/wrist_1_link' because they are not part of the same tree.Tf has two or more unconnected trees.)
[WARN] [1779362040.312959148] [mur620a.moveit.moveit.ros.planning_scene_monitor]: Unable to transform object from frame 'mur620b/UR10_l/wrist_2_link' to planning frame'base_footprint' (Could not find a connection between 'base_footprint' and 'mur620b/UR10_l/wrist_2_link' because they are not part of the same tree.Tf has two or more unconnected trees.)
[WARN] [1779362040.312967020] [mur620a.moveit.moveit.ros.planning_scene_monitor]: Unable to transform object from frame 'mur620b/UR10_r/forearm_link' to planning frame'base_footprint' (Could not find a connection between 'base_footprint' and 'mur620b/UR10_r/forearm_link' because they are not part of the same tree.Tf has two or more unconnected trees.)
[WARN] [1779362040.312975462] [mur620a.moveit.moveit.ros.planning_scene_monitor]: Unable to transform object from frame 'mur620b/UR10_r/upper_arm_link' to planning frame'base_footprint' (Could not find a connection between 'base_footprint' and 'mur620b/UR10_r/upper_arm_link' because they are not part of the same tree.Tf has two or more unconnected trees.)
[WARN] [1779362040.312986741] [mur620a.moveit.moveit.ros.planning_scene_monitor]: Unable to transform object from frame 'mur620b/UR10_r/shoulder_link' to planning frame'base_footprint' (Could not find a connection between 'base_footprint' and 'mur620b/UR10_r/shoulder_link' because they are not part of the same tree.Tf has two or more unconnected trees.)
[WARN] [1779362040.312995314] [mur620a.moveit.moveit.ros.planning_scene_monitor]: Unable to transform object from frame 'mur620b/UR10_r/wrist_1_link' to planning frame'base_footprint' (Could not find a connection between 'base_footprint' and 'mur620b/UR10_r/wrist_1_link' because they are not part of the same tree.Tf has two or more unconnected trees.)
[WARN] [1779362040.313004346] [mur620a.moveit.moveit.ros.planning_scene_monitor]: Unable to transform object from frame 'mur620b/UR10_r/wrist_2_link' to planning frame'base_footprint' (Could not find a connection between 'base_footprint' and 'mur620b/UR10_r/wrist_2_link' because they are not part of the same tree.Tf has two or more unconnected trees.)
[WARN] [1779362040.313012706] [mur620a.moveit.moveit.ros.planning_scene_monitor]: Unable to transform object from frame 'mur620b/bl_caster_rotation_link' to planning frame'base_footprint' (Could not find a connection between 'base_footprint' and 'mur620b/bl_caster_rotation_link' because they are not part of the same tree.Tf has two or more unconnected trees.)
[WARN] [1779362040.313022529] [mur620a.moveit.moveit.ros.planning_scene_monitor]: Unable to transform object from frame 'mur620b/bl_caster_wheel_link' to planning frame'base_footprint' (Could not find a connection between 'base_footprint' and 'mur620b/bl_caster_wheel_link' because they are not part of the same tree.Tf has two or more unconnected trees.)
[WARN] [1779362040.313030277] [mur620a.moveit.moveit.ros.planning_scene_monitor]: Unable to transform object from frame 'mur620b/br_caster_rotation_link' to planning frame'base_footprint' (Could not find a connection between 'base_footprint' and 'mur620b/br_caster_rotation_link' because they are not part of the same tree.Tf has two or more unconnected trees.)
[WARN] [1779362040.313039079] [mur620a.moveit.moveit.ros.planning_scene_monitor]: Unable to transform object from frame 'mur620b/br_caster_wheel_link' to planning frame'base_footprint' (Could not find a connection between 'base_footprint' and 'mur620b/br_caster_wheel_link' because they are not part of the same tree.Tf has two or more unconnected trees.)
[WARN] [1779362040.313047645] [mur620a.moveit.moveit.ros.planning_scene_monitor]: Unable to transform object from frame 'mur620b/fl_caster_rotation_link' to planning frame'base_footprint' (Could not find a connection between 'base_footprint' and 'mur620b/fl_caster_rotation_link' because they are not part of the same tree.Tf has two or more unconnected trees.)
[WARN] [1779362040.313055682] [mur620a.moveit.moveit.ros.planning_scene_monitor]: Unable to transform object from frame 'mur620b/fl_caster_wheel_link' to planning frame'base_footprint' (Could not find a connection between 'base_footprint' and 'mur620b/fl_caster_wheel_link' because they are not part of the same tree.Tf has two or more unconnected trees.)
[WARN] [1779362040.313061754] [mur620a.moveit.moveit.ros.planning_scene_monitor]: Unable to transform object from frame 'mur620b/fr_caster_rotation_link' to planning frame'base_footprint' (Could not find a connection between 'base_footprint' and 'mur620b/fr_caster_rotation_link' because they are not part of the same tree.Tf has two or more unconnected trees.)
[WARN] [1779362040.313069918] [mur620a.moveit.moveit.ros.planning_scene_monitor]: Unable to transform object from frame 'mur620b/fr_caster_wheel_link' to planning frame'base_footprint' (Could not find a connection between 'base_footprint' and 'mur620b/fr_caster_wheel_link' because they are not part of the same tree.Tf has two or more unconnected trees.)
[WARN] [1779362040.313077877] [mur620a.moveit.moveit.ros.planning_scene_monitor]: Unable to transform object from frame 'mur620b/left_wheel_link' to planning frame'base_footprint' (Could not find a connection between 'base_footprint' and 'mur620b/left_wheel_link' because they are not part of the same tree.Tf has two or more unconnected trees.)
[WARN] [1779362040.313089232] [mur620a.moveit.moveit.ros.planning_scene_monitor]: Unable to transform object from frame 'mur620b/right_wheel_link' to planning frame'base_footprint' (Could not find a connection between 'base_footprint' and 'mur620b/right_wheel_link' because they are not part of the same tree.Tf has two or more unconnected trees.)
[INFO] [1779362071.622703933] [mur620a.moveit.moveit.ros.move_group.move_action]: MoveGroupMoveAction: Received request
[INFO] [1779362071.623006241] [mur620a.moveit.moveit.ros.move_group.move_action]: executing..
[INFO] [1779362071.627811318] [mur620a.moveit.moveit.ros.move_group.move_action]: Combined planning and execution request received for MoveGroup action. Forwarding to planning and execution pipeline.
[INFO] [1779362071.627995975] [mur620a.moveit.moveit.ros.plan_execution]: Planning attempt 1 of at most 1
[INFO] [1779362071.628101700] [mur620a.moveit.moveit.ros.move_group.capability]: Using planning pipeline 'ompl'
[INFO] [1779362071.628589901] [mur620a.move_group]: Calling PlanningRequestAdapter 'ResolveConstraintFrames'
[INFO] [1779362071.628631711] [mur620a.move_group]: Calling PlanningRequestAdapter 'ValidateWorkspaceBounds'
[INFO] [1779362071.628648915] [mur620a.move_group]: Calling PlanningRequestAdapter 'CheckStartStateBounds'
[INFO] [1779362071.628701534] [mur620a.move_group]: Calling PlanningRequestAdapter 'CheckStartStateCollision'
[INFO] [1779362071.629475481] [mur620a.moveit.moveit.planners.ompl.model_based_planning_context]: Planner configuration 'UR_arm_l' will use planner 'geometric::RRTConnect'. Additional configuration parameters will be set when the planner is constructed.
[INFO] [1779362071.629645652] [mur620a.move_group]: Calling Planner 'OMPL'
[INFO] [1779362071.661243674] [mur620a.move_group]: Calling PlanningResponseAdapter 'AddTimeOptimalParameterization'
[INFO] [1779362071.682016815] [mur620a.move_group]: Calling PlanningResponseAdapter 'ValidateSolution'
[INFO] [1779362071.687677966] [mur620a.move_group]: Calling PlanningResponseAdapter 'DisplayMotionPath'
[WARN] [1779362071.687929119] [mur620a.moveit.moveit.ros.planning_pipeline]: The planner plugin did not fill out the 'planner_id' field of the MotionPlanResponse. Setting it to the planner ID name of the MotionPlanRequest assuming that the planner plugin does warn you if it does not use the requested planner.
[INFO] [1779362071.688134321] [mur620a.moveit.moveit.plugins.simple_controller_manager]: Returned 4 controllers in list
[INFO] [1779362071.688163107] [mur620a.moveit.moveit.plugins.simple_controller_manager]: Returned 4 controllers in list
[INFO] [1779362071.688278629] [mur620a.moveit.moveit.ros.trajectory_execution_manager]: Validating trajectory with allowed_start_tolerance 0.01
[INFO] [1779362071.698719055] [mur620a.moveit.moveit.ros.trajectory_execution_manager]: Starting trajectory execution ...
[INFO] [1779362071.698824800] [mur620a.moveit.moveit.plugins.simple_controller_manager]: Returned 4 controllers in list
[INFO] [1779362071.698859809] [mur620a.moveit.moveit.plugins.simple_controller_manager]: Returned 4 controllers in list
[INFO] [1779362071.699529166] [moveit.simple_controller_manager.follow_joint_trajectory_controller_handle]: sending trajectory to /mur620a/moveit_joint_trajectory_controller_l
[INFO] [1779362071.703669935] [moveit.simple_controller_manager.follow_joint_trajectory_controller_handle]: /mur620a/moveit_joint_trajectory_controller_l started execution
[INFO] [1779362071.703695377] [moveit.simple_controller_manager.follow_joint_trajectory_controller_handle]: Goal request accepted!
[INFO] [1779362089.664001577] [mur620a.moveit.moveit.ros.move_group.move_action]: MoveGroupMoveAction: Received request
[INFO] [1779362089.664305363] [mur620a.moveit.moveit.ros.move_group.move_action]: executing..
[INFO] [1779362089.665141930] [mur620a.moveit.moveit.ros.move_group.move_action]: Planning request received for MoveGroup action. Forwarding to planning pipeline.
[INFO] [1779362089.665250480] [mur620a.moveit.moveit.ros.move_group.capability]: Using planning pipeline 'ompl'
[INFO] [1779362089.665639782] [mur620a.move_group]: Calling PlanningRequestAdapter 'ResolveConstraintFrames'
[INFO] [1779362089.665695558] [mur620a.move_group]: Calling PlanningRequestAdapter 'ValidateWorkspaceBounds'
[INFO] [1779362089.665712363] [mur620a.move_group]: Calling PlanningRequestAdapter 'CheckStartStateBounds'
[INFO] [1779362089.665771069] [mur620a.move_group]: Calling PlanningRequestAdapter 'CheckStartStateCollision'
[INFO] [1779362089.666179035] [mur620a.moveit.moveit.planners.ompl.model_based_planning_context]: Planner configuration 'UR_arm_all' will use planner 'geometric::RRTConnect'. Additional configuration parameters will be set when the planner is constructed.
[INFO] [1779362089.666260379] [mur620a.move_group]: Calling Planner 'OMPL'
[ERROR] [1779362094.667148713] [mur620a.moveit.moveit.planners.ompl.model_based_planning_context]: Unable to solve the planning problem
[ERROR] [1779362094.667265553] [mur620a.move_group]: Planner 'OMPL' failed with error code FAILURE
[ERROR] [1779362094.667291305] [mur620a.moveit.moveit.ros.move_group.move_action]: Generating a plan with planning pipeline failed.
[INFO] [1779362094.667357051] [mur620a.moveit.moveit.ros.move_group.move_action]: FAILURE
[INFO] [1779362101.628525885] [mur620a.moveit.moveit.ros.move_group.move_action]: MoveGroupMoveAction: Received request
[INFO] [1779362101.628721791] [mur620a.moveit.moveit.ros.move_group.move_action]: executing..
[INFO] [1779362101.633799368] [mur620a.moveit.moveit.ros.move_group.move_action]: Planning request received for MoveGroup action. Forwarding to planning pipeline.
[INFO] [1779362101.633843092] [mur620a.moveit.moveit.ros.move_group.capability]: Using planning pipeline 'ompl'
[INFO] [1779362101.634148711] [mur620a.move_group]: Calling PlanningRequestAdapter 'ResolveConstraintFrames'
[INFO] [1779362101.634168052] [mur620a.move_group]: Calling PlanningRequestAdapter 'ValidateWorkspaceBounds'
[INFO] [1779362101.634176907] [mur620a.move_group]: Calling PlanningRequestAdapter 'CheckStartStateBounds'
[INFO] [1779362101.634209231] [mur620a.move_group]: Calling PlanningRequestAdapter 'CheckStartStateCollision'
[INFO] [1779362101.634675472] [mur620a.moveit.moveit.planners.ompl.model_based_planning_context]: Planner configuration 'UR_arm_all' will use planner 'geometric::RRTConnect'. Additional configuration parameters will be set when the planner is constructed.
[INFO] [1779362101.634756796] [mur620a.move_group]: Calling Planner 'OMPL'
[ERROR] [1779362106.635255584] [mur620a.moveit.moveit.planners.ompl.model_based_planning_context]: Unable to solve the planning problem
[ERROR] [1779362106.635389411] [mur620a.move_group]: Planner 'OMPL' failed with error code FAILURE
[ERROR] [1779362106.635408418] [mur620a.moveit.moveit.ros.move_group.move_action]: Generating a plan with planning pipeline failed.
[INFO] [1779362106.635420134] [mur620a.moveit.moveit.ros.move_group.move_action]: FAILURE
[INFO] [1779362114.092374129] [moveit.simple_controller_manager.follow_joint_trajectory_controller_handle]: Controller '/mur620a/moveit_joint_trajectory_controller_l' successfully finished
[INFO] [1779362114.095957139] [mur620a.moveit.moveit.ros.trajectory_execution_manager]: Completed trajectory execution with status SUCCEEDED ...
[INFO] [1779362114.099128579] [mur620a.moveit.moveit.ros.move_group.move_action]: Solution was found and executed.
[INFO] [1779362118.111786759] [mur620a.moveit.moveit.ros.move_group.move_action]: MoveGroupMoveAction: Received request
[INFO] [1779362118.111974530] [mur620a.moveit.moveit.ros.move_group.move_action]: executing..
[INFO] [1779362118.124890216] [mur620a.moveit.moveit.ros.move_group.move_action]: Combined planning and execution request received for MoveGroup action. Forwarding to planning and execution pipeline.
[INFO] [1779362118.124989036] [mur620a.moveit.moveit.ros.plan_execution]: Planning attempt 1 of at most 1
[INFO] [1779362118.125107943] [mur620a.moveit.moveit.ros.move_group.capability]: Using planning pipeline 'ompl'
[INFO] [1779362118.125359764] [mur620a.move_group]: Calling PlanningRequestAdapter 'ResolveConstraintFrames'
[INFO] [1779362118.125405362] [mur620a.move_group]: Calling PlanningRequestAdapter 'ValidateWorkspaceBounds'
[INFO] [1779362118.125420501] [mur620a.move_group]: Calling PlanningRequestAdapter 'CheckStartStateBounds'
[INFO] [1779362118.125469612] [mur620a.move_group]: Calling PlanningRequestAdapter 'CheckStartStateCollision'
[INFO] [1779362118.126398104] [mur620a.moveit.moveit.planners.ompl.model_based_planning_context]: Planner configuration 'UR_arm_all' will use planner 'geometric::RRTConnect'. Additional configuration parameters will be set when the planner is constructed.
[INFO] [1779362118.126461074] [mur620a.move_group]: Calling Planner 'OMPL'
[ERROR] [1779362123.126887911] [mur620a.moveit.moveit.planners.ompl.model_based_planning_context]: Unable to solve the planning problem
[ERROR] [1779362123.127003196] [mur620a.move_group]: Planner 'OMPL' failed with error code FAILURE
[INFO] [1779362123.127040522] [mur620a.moveit.moveit.ros.move_group.move_action]: FAILURE
[INFO] [1779362134.840093448] [mur620a.moveit.moveit.ros.move_group.move_action]: MoveGroupMoveAction: Received request
[INFO] [1779362134.840254228] [mur620a.moveit.moveit.ros.move_group.move_action]: executing..
[INFO] [1779362134.842926495] [mur620a.moveit.moveit.ros.move_group.move_action]: Combined planning and execution request received for MoveGroup action. Forwarding to planning and execution pipeline.
[INFO] [1779362134.843000633] [mur620a.moveit.moveit.ros.plan_execution]: Planning attempt 1 of at most 1
[INFO] [1779362134.843058205] [mur620a.moveit.moveit.ros.move_group.capability]: Using planning pipeline 'ompl'
[INFO] [1779362134.843357274] [mur620a.move_group]: Calling PlanningRequestAdapter 'ResolveConstraintFrames'
[INFO] [1779362134.843417706] [mur620a.move_group]: Calling PlanningRequestAdapter 'ValidateWorkspaceBounds'
[INFO] [1779362134.843426000] [mur620a.move_group]: Calling PlanningRequestAdapter 'CheckStartStateBounds'
[INFO] [1779362134.843456612] [mur620a.move_group]: Calling PlanningRequestAdapter 'CheckStartStateCollision'
[INFO] [1779362134.843735801] [mur620a.moveit.moveit.planners.ompl.model_based_planning_context]: Planner configuration 'UR_arm_both' will use planner 'geometric::RRTConnect'. Additional configuration parameters will be set when the planner is constructed.
[INFO] [1779362134.843775553] [mur620a.move_group]: Calling Planner 'OMPL'
[INFO] [1779362134.921750163] [mur620a.move_group]: Calling PlanningResponseAdapter 'AddTimeOptimalParameterization'
[INFO] [1779362134.933132270] [mur620a.move_group]: Calling PlanningResponseAdapter 'ValidateSolution'
[INFO] [1779362134.939475149] [mur620a.move_group]: Calling PlanningResponseAdapter 'DisplayMotionPath'
[WARN] [1779362134.939761427] [mur620a.moveit.moveit.ros.planning_pipeline]: The planner plugin did not fill out the 'planner_id' field of the MotionPlanResponse. Setting it to the planner ID name of the MotionPlanRequest assuming that the planner plugin does warn you if it does not use the requested planner.
[INFO] [1779362134.939964278] [mur620a.moveit.moveit.plugins.simple_controller_manager]: Returned 4 controllers in list
[INFO] [1779362134.939989879] [mur620a.moveit.moveit.plugins.simple_controller_manager]: Returned 4 controllers in list
[INFO] [1779362134.940140244] [mur620a.moveit.moveit.ros.trajectory_execution_manager]: Validating trajectory with allowed_start_tolerance 0.01
[INFO] [1779362134.942407916] [mur620a.moveit.moveit.ros.trajectory_execution_manager]: Starting trajectory execution ...
[INFO] [1779362134.942486270] [mur620a.moveit.moveit.plugins.simple_controller_manager]: Returned 4 controllers in list
[INFO] [1779362134.942523959] [mur620a.moveit.moveit.plugins.simple_controller_manager]: Returned 4 controllers in list
[INFO] [1779362134.943292144] [moveit.simple_controller_manager.follow_joint_trajectory_controller_handle]: sending trajectory to /mur620a/moveit_joint_trajectory_controller_l
[INFO] [1779362134.946113980] [moveit.simple_controller_manager.follow_joint_trajectory_controller_handle]: /mur620a/moveit_joint_trajectory_controller_l started execution
[INFO] [1779362134.946141560] [moveit.simple_controller_manager.follow_joint_trajectory_controller_handle]: Goal request accepted!
[INFO] [1779362134.946816917] [moveit.simple_controller_manager.follow_joint_trajectory_controller_handle]: sending trajectory to /mur620a/moveit_joint_trajectory_controller_r
[INFO] [1779362134.950139366] [moveit.simple_controller_manager.follow_joint_trajectory_controller_handle]: /mur620a/moveit_joint_trajectory_controller_r started execution
[INFO] [1779362134.950163572] [moveit.simple_controller_manager.follow_joint_trajectory_controller_handle]: Goal request accepted!
[INFO] [1779362163.663141864] [moveit.simple_controller_manager.follow_joint_trajectory_controller_handle]: Controller '/mur620a/moveit_joint_trajectory_controller_l' successfully finished
[INFO] [1779362163.685486789] [moveit.simple_controller_manager.follow_joint_trajectory_controller_handle]: Controller '/mur620a/moveit_joint_trajectory_controller_r' successfully finished
[INFO] [1779362163.686163275] [mur620a.moveit.moveit.ros.trajectory_execution_manager]: Completed trajectory execution with status SUCCEEDED ...
[INFO] [1779362163.692597099] [mur620a.moveit.moveit.ros.move_group.move_action]: Solution was found and executed.
[INFO] [1779362204.216537888] [rclcpp]: signal_handler(SIGINT/SIGTERM)
---- /home/rosmatch/.ros/log/rviz2_610704_1779362016754.log
[WARN] [1779362018.183211391] [rcl.logging_rosout]: Publisher already registered for node name: 'rviz2_mur620a_moveit'. If this is due to multiple nodes with the same name then all logs for the logger named 'rviz2_mur620a_moveit' will go out over the existing publisher. As soon as any node with that name is destructed it will unregister the publisher, preventing any further logs for that name from being published on the rosout topic.
[ERROR] [1779362021.211974086] [rviz2_mur620a_moveit.moveit.ros.motion_planning_frame]: Action server: /recognize_objects not available
[WARN] [1779362022.754971885] [interactive_marker_display_100496554450080]: Server not available during initialization, resetting
[ERROR] [1779362024.112653361] [interactive_marker_display_100496554450080]: Resetting due to transform error: [tf2::LookupException]: "map" passed to lookupTransform argument target_frame does not exist. 
[WARN] [1779362038.486541678] [rviz2_mur620a_moveit.rclcpp]: failed to send response to /mur620a/rviz_moveit_motion_planning_display/robot_interaction_interactive_marker_topic/get_interactive_markers (timeout): client will not receive response, at ./src/rmw_response.cpp:153, at ./src/rcl/service.c:400
[WARN] [1779362038.971654710] [interactive_marker_display_100496554450080]: Server not available during initialization, resetting
[ERROR] [1779362040.387742057] [interactive_marker_display_100496554450080]: Resetting due to transform error: [tf2::LookupException]: "map" passed to lookupTransform argument target_frame does not exist. 
[ERROR] [1779362094.668101504] [rviz2_mur620a_moveit.moveit.ros.move_group_interface]: MoveGroupInterface::plan() failed or timeout reached
[ERROR] [1779362106.635918666] [rviz2_mur620a_moveit.moveit.ros.move_group_interface]: MoveGroupInterface::plan() failed or timeout reached
[ERROR] [1779362123.128022398] [rviz2_mur620a_moveit.moveit.ros.move_group_interface]: MoveGroupInterface::move() failed or timeout reached
[ERROR] [1779362170.881332549] [rviz2_mur620a_moveit.moveit.ros.motion_planning_frame]: Action server: /recognize_objects not available

== RViz Checks ==
For namespace mur620a, MotionPlanning should use:
  Move Group Namespace: mur620a
  Planning Scene Topic: monitored_planning_scene
  Robot Description: robot_description
  Planned Path Trajectory Topic: display_planned_path

== Done ==
Diagnostic log written to: /home/rosmatch/colcon_ws/src/match_mobile_robotics_jazzy/logs/check_multi_mur620_moveit_20260521_134250.log
