Writing performance log to: /home/rosmatch/colcon_ws/src/match_mobile_robotics_jazzy/logs/check_multi_mur_perf_20260520_170107.log
Workspace: /home/rosmatch/colcon_ws
ROS_DOMAIN_ID: 62
Robots: mur620a mur620b mur620c mur620d

== Host ==

$ date
Wed May 20 05:01:07 PM CEST 2026

$ uptime
 17:01:07 up  4:21,  1 user,  load average: 14.39, 6.19, 5.59

$ uname -a
Linux rosmatch-Z690-GAMING-X-DDR4 6.17.0-23-generic #23~24.04.1-Ubuntu SMP PREEMPT_DYNAMIC Tue Apr 14 16:11:48 UTC 2 x86_64 x86_64 x86_64 GNU/Linux

$ lscpu
Architecture:                            x86_64
CPU op-mode(s):                          32-bit, 64-bit
Address sizes:                           46 bits physical, 48 bits virtual
Byte Order:                              Little Endian
CPU(s):                                  20
On-line CPU(s) list:                     0-19
Vendor ID:                               GenuineIntel
Model name:                              12th Gen Intel(R) Core(TM) i7-12700K
CPU family:                              6
Model:                                   151
Thread(s) per core:                      2
Core(s) per socket:                      12
Socket(s):                               1
Stepping:                                2
CPU(s) scaling MHz:                      93%
CPU max MHz:                             5000.0000
CPU min MHz:                             800.0000
BogoMIPS:                                7219.20
Flags:                                   fpu vme de pse tsc msr pae mce cx8 apic sep mtrr pge mca cmov pat pse36 clflush dts acpi mmx fxsr sse sse2 ss ht tm pbe syscall nx pdpe1gb rdtscp lm constant_tsc art arch_perfmon pebs bts rep_good nopl xtopology nonstop_tsc cpuid aperfmperf tsc_known_freq pni pclmulqdq dtes64 monitor ds_cpl vmx smx est tm2 ssse3 sdbg fma cx16 xtpr pdcm pcid sse4_1 sse4_2 x2apic movbe popcnt tsc_deadline_timer aes xsave avx f16c rdrand lahf_lm abm 3dnowprefetch cpuid_fault cat_l2 cdp_l2 ssbd ibrs ibpb stibp ibrs_enhanced tpr_shadow flexpriority ept vpid ept_ad fsgsbase tsc_adjust bmi1 avx2 smep bmi2 erms invpcid rdt_a rdseed adx smap clflushopt clwb intel_pt sha_ni xsaveopt xsavec xgetbv1 xsaves split_lock_detect user_shstk avx_vnni dtherm ida arat pln pts hwp hwp_notify hwp_act_window hwp_epp hwp_pkg_req hfi vnmi umip pku ospke waitpkg gfni vaes vpclmulqdq rdpid movdiri movdir64b fsrm md_clear serialize pconfig arch_lbr ibt flush_l1d arch_capabilities
Virtualization:                          VT-x
L1d cache:                               512 KiB (12 instances)
L1i cache:                               512 KiB (12 instances)
L2 cache:                                12 MiB (9 instances)
L3 cache:                                25 MiB (1 instance)
NUMA node(s):                            1
NUMA node0 CPU(s):                       0-19
Vulnerability Gather data sampling:      Not affected
Vulnerability Ghostwrite:                Not affected
Vulnerability Indirect target selection: Not affected
Vulnerability Itlb multihit:             Not affected
Vulnerability L1tf:                      Not affected
Vulnerability Mds:                       Not affected
Vulnerability Meltdown:                  Not affected
Vulnerability Mmio stale data:           Not affected
Vulnerability Old microcode:             Not affected
Vulnerability Reg file data sampling:    Mitigation; Clear Register File
Vulnerability Retbleed:                  Not affected
Vulnerability Spec rstack overflow:      Not affected
Vulnerability Spec store bypass:         Mitigation; Speculative Store Bypass disabled via prctl
Vulnerability Spectre v1:                Mitigation; usercopy/swapgs barriers and __user pointer sanitization
Vulnerability Spectre v2:                Mitigation; Enhanced / Automatic IBRS; IBPB conditional; PBRSB-eIBRS SW sequence; BHI BHI_DIS_S
Vulnerability Srbds:                     Not affected
Vulnerability Tsa:                       Not affected
Vulnerability Tsx async abort:           Not affected
Vulnerability Vmscape:                   Mitigation; IBPB before exit to userspace

$ free -h
               total        used        free      shared  buff/cache   available
Mem:            31Gi        15Gi       9.4Gi       893Mi       6.2Gi        15Gi
Swap:          8.0Gi          0B       8.0Gi

$ swapon --show
NAME      TYPE SIZE USED PRIO
/swap.img file   8G   0B   -2

== GPU Snapshot ==

$ nvidia-smi
Wed May 20 17:01:07 2026       
+-----------------------------------------------------------------------------------------+
| NVIDIA-SMI 595.58.03              Driver Version: 595.58.03      CUDA Version: 13.2     |
+-----------------------------------------+------------------------+----------------------+
| GPU  Name                 Persistence-M | Bus-Id          Disp.A | Volatile Uncorr. ECC |
| Fan  Temp   Perf          Pwr:Usage/Cap |           Memory-Usage | GPU-Util  Compute M. |
|                                         |                        |               MIG M. |
|=========================================+========================+======================|
|   0  NVIDIA GeForce RTX 3080        Off |   00000000:01:00.0  On |                  N/A |
| 56%   57C    P0            176W /  340W |    4825MiB /  10240MiB |     79%      Default |
|                                         |                        |                  N/A |
+-----------------------------------------+------------------------+----------------------+

+-----------------------------------------------------------------------------------------+
| Processes:                                                                              |
|  GPU   GI   CI              PID   Type   Process name                        GPU Memory |
|        ID   ID                                                               Usage      |
|=========================================================================================|
|    0   N/A  N/A            3663      G   /usr/lib/xorg/Xorg                     2358MiB |
|    0   N/A  N/A            3940      G   /usr/bin/gnome-shell                    274MiB |
|    0   N/A  N/A            4560      G   ...exec/xdg-desktop-portal-gnome          5MiB |
|    0   N/A  N/A            4964      G   /proc/self/exe                          269MiB |
|    0   N/A  N/A            9067      G   .../6565/usr/lib/firefox/firefox       1092MiB |
|    0   N/A  N/A          209801      G   /usr/bin/nautilus                        34MiB |
|    0   N/A  N/A          414559      G   /usr/bin/gnome-control-center            16MiB |
|    0   N/A  N/A          698954      G   /opt/Webex/bin/CiscoCollabHost           61MiB |
|    0   N/A  N/A         1269481      G   gz sim server                           135MiB |
|    0   N/A  N/A         1269482      G   gz sim gui                              309MiB |
|    0   N/A  N/A         1270625      G   /opt/ros/jazzy/lib/rviz2/rviz2           19MiB |
+-----------------------------------------------------------------------------------------+
-- nvidia-smi pmon, per-process utilization samples
# gpu         pid   type     sm    mem    enc    dec    jpg    ofa    command 
# Idx           #    C/G      %      %      %      %      %      %    name 
    0       3663     G     10      1      -      -      -      -    Xorg           
    0       3940     G      9      1      -      -      -      -    gnome-shell    
    0       4560     G      -      -      -      -      -      -    xdg-desktop-por
    0       4964     G      -      -      -      -      -      -    exe            
    0       9067     G     29      3      -      -      -      -    firefox        
    0     209801     G      -      -      -      -      -      -    nautilus       
    0     414559     G      -      -      -      -      -      -    gnome-control-c
    0     698954     G      -      -      -      -      -      -    CiscoCollabHost
    0    1269481     G      -      -      -      -      -      -    gz sim server  
    0    1269482     G     29      3      -      -      -      -    gz sim gui     
    0    1270625     G      -      -      -      -      -      -    rviz2          
    0       3663     G      -      -      -      -      -      -    Xorg           
    0       3940     G      9      1      -      -      -      -    gnome-shell    
    0       4560     G      -      -      -      -      -      -    xdg-desktop-por
    0       4964     G      -      -      -      -      -      -    exe            
    0       9067     G     39      5      -      -      -      -    firefox        
    0     209801     G      -      -      -      -      -      -    nautilus       
    0     414559     G      -      -      -      -      -      -    gnome-control-c
    0     698954     G      -      -      -      -      -      -    CiscoCollabHost
    0    1269481     G     19      2      -      -      -      -    gz sim server  
    0    1269482     G      9      1      -      -      -      -    gz sim gui     
    0    1270625     G      -      -      -      -      -      -    rviz2          
    0       3663     G     17      2      -      -      -      -    Xorg           
    0       3940     G      -      -      -      -      -      -    gnome-shell    
    0       4560     G      -      -      -      -      -      -    xdg-desktop-por
    0       4964     G      -      -      -      -      -      -    exe            
    0       9067     G     52      6      -      -      -      -    firefox        
    0     209801     G      -      -      -      -      -      -    nautilus       
    0     414559     G      -      -      -      -      -      -    gnome-control-c
    0     698954     G      -      -      -      -      -      -    CiscoCollabHost
    0    1269481     G      8      1      -      -      -      -    gz sim server  
    0    1269482     G      -      -      -      -      -      -    gz sim gui     
    0    1270625     G      -      -      -      -      -      -    rviz2          
    0       3663     G     17      2      -      -      -      -    Xorg           
    0       3940     G      -      -      -      -      -      -    gnome-shell    
    0       4560     G      -      -      -      -      -      -    xdg-desktop-por
    0       4964     G      -      -      -      -      -      -    exe            
    0       9067     G     43      5      -      -      -      -    firefox        
    0     209801     G      -      -      -      -      -      -    nautilus       
    0     414559     G      -      -      -      -      -      -    gnome-control-c
    0     698954     G      -      -      -      -      -      -    CiscoCollabHost
    0    1269481     G     17      2      -      -      -      -    gz sim server  
    0    1269482     G      -      -      -      -      -      -    gz sim gui     
    0    1270625     G      -      -      -      -      -      -    rviz2          
# gpu         pid   type     sm    mem    enc    dec    jpg    ofa    command 
# Idx           #    C/G      %      %      %      %      %      %    name 
    0       3663     G      8      1      -      -      -      -    Xorg           
    0       3940     G      -      -      -      -      -      -    gnome-shell    
    0       4560     G      -      -      -      -      -      -    xdg-desktop-por
    0       4964     G      -      -      -      -      -      -    exe            
    0       9067     G     34      4      -      -      -      -    firefox        
    0     209801     G      -      -      -      -      -      -    nautilus       
    0     414559     G      -      -      -      -      -      -    gnome-control-c
    0     698954     G      -      -      -      -      -      -    CiscoCollabHost
    0    1269481     G     34      4      -      -      -      -    gz sim server  
    0    1269482     G      -      -      -      -      -      -    gz sim gui     
    0    1270625     G      -      -      -      -      -      -    rviz2          
-- nvidia-smi dmon, device utilization samples
# gpu    pwr  gtemp  mtemp     sm    mem    enc    dec    jpg    ofa   mclk   pclk 
# Idx      W      C      C      %      %      %      %      %      %    MHz    MHz 
    0    175     57      -     79     11      0      0      0      0   9501   1965 
    0    175     57      -     80     11      0      0      0      0   9501   1965 
    0    175     57      -     77     11      0      0      0      0   9501   1965 
    0    175     57      -     77     10      0      0      0      0   9501   1965 
    0    175     57      -     79     11      0      0      0      0   9501   1965 

== Process Snapshot ==
1269360 /usr/bin/python3 /opt/ros/jazzy/bin/ros2 launch mur_launch_sim multi_mur_base.launch.py gz_gui:=true launch_rviz:=true use_simple_visuals:=true
1269415 /bin/sh -c ruby /opt/ros/jazzy/opt/gz_tools_vendor/bin/gz sim scale.world -v 4 -r --force-version 8
1269416 /opt/ros/jazzy/lib/ros_gz_bridge/parameter_bridge /clock@rosgraph_msgs/msg/Clock[gz.msgs.Clock --ros-args -r __node:=clock_bridge
1269417 /opt/ros/jazzy/lib/nav2_map_server/map_server --ros-args -r __node:=map_server --params-file /tmp/launch_params_i7959kug
1269418 gz sim scale.world -v 4 -r
1269481 gz sim server
1269482 gz sim gui
1269504 /opt/ros/jazzy/lib/robot_state_publisher/robot_state_publisher --ros-args -r __node:=mur620a_rsp -r __ns:=/mur620a --params-file /tmp/launch_params_ms2qltd4 --params-file /tmp/launch_params_5uhqcgvb --params-file /tmp/launch_params_n0u6cz13
1269505 /opt/ros/jazzy/lib/robot_state_publisher/robot_state_publisher --ros-args -r __node:=mur620a_global_rsp --params-file /tmp/launch_params_qa6o5uzp --params-file /tmp/launch_params_6_fxwkgp --params-file /tmp/launch_params_q8sd_511 -r /tf:=unused_tf -r /tf_static:=unused_tf_static
1269507 /opt/ros/jazzy/lib/ros_gz_bridge/parameter_bridge /mur620a/f_scan@sensor_msgs/msg/LaserScan@gz.msgs.LaserScan /mur620a/b_scan@sensor_msgs/msg/LaserScan@gz.msgs.LaserScan --ros-args -r __node:=mur620a_lidar_bridge -r /mur620a/f_scan:=/mur620a/f_scan_raw -r /mur620a/b_scan:=/mur620a/b_scan_raw
1269510 /home/rosmatch/colcon_ws/install/ira_laser_tools/lib/ira_laser_tools/laserscan_multi_merger --ros-args -r __node:=mur620a_laser_scan_merger --params-file /tmp/launch_params_5ql58u9c
1270156 /opt/ros/jazzy/lib/nav2_amcl/amcl --ros-args -r __node:=amcl -r __ns:=/mur620a --params-file /tmp/launch_params_lufcw56u
1270625 /opt/ros/jazzy/lib/rviz2/rviz2 -d /home/rosmatch/colcon_ws/install/mur_launch_sim/share/mur_launch_sim/rviz/multi_mur_base.rviz --ros-args -r __node:=rviz2_multi_mur_base
1270871 /opt/ros/jazzy/lib/robot_state_publisher/robot_state_publisher --ros-args -r __node:=mur620b_rsp -r __ns:=/mur620b --params-file /tmp/launch_params_95pz2f9x --params-file /tmp/launch_params_5gim6sto --params-file /tmp/launch_params_s7vvoa4j
1270872 /opt/ros/jazzy/lib/robot_state_publisher/robot_state_publisher --ros-args -r __node:=mur620b_global_rsp --params-file /tmp/launch_params_is_7uacw --params-file /tmp/launch_params_e1vuxu4j --params-file /tmp/launch_params_tnyuw6lq -r /tf:=unused_tf -r /tf_static:=unused_tf_static
1270875 /opt/ros/jazzy/lib/ros_gz_bridge/parameter_bridge /mur620b/f_scan@sensor_msgs/msg/LaserScan@gz.msgs.LaserScan /mur620b/b_scan@sensor_msgs/msg/LaserScan@gz.msgs.LaserScan --ros-args -r __node:=mur620b_lidar_bridge -r /mur620b/f_scan:=/mur620b/f_scan_raw -r /mur620b/b_scan:=/mur620b/b_scan_raw
1270878 /home/rosmatch/colcon_ws/install/ira_laser_tools/lib/ira_laser_tools/laserscan_multi_merger --ros-args -r __node:=mur620b_laser_scan_merger --params-file /tmp/launch_params_d_iyn0ge
1271360 /opt/ros/jazzy/lib/nav2_amcl/amcl --ros-args -r __node:=amcl -r __ns:=/mur620b --params-file /tmp/launch_params_jq0kn98p
1271845 /opt/ros/jazzy/lib/robot_state_publisher/robot_state_publisher --ros-args -r __node:=mur620c_rsp -r __ns:=/mur620c --params-file /tmp/launch_params_oww2e_du --params-file /tmp/launch_params_ks2i_h15 --params-file /tmp/launch_params_21msz6mz
1271846 /opt/ros/jazzy/lib/robot_state_publisher/robot_state_publisher --ros-args -r __node:=mur620c_global_rsp --params-file /tmp/launch_params_pt9lntau --params-file /tmp/launch_params__ob8lqke --params-file /tmp/launch_params_wqhs14t4 -r /tf:=unused_tf -r /tf_static:=unused_tf_static
1271848 /opt/ros/jazzy/lib/ros_gz_bridge/parameter_bridge /mur620c/f_scan@sensor_msgs/msg/LaserScan@gz.msgs.LaserScan /mur620c/b_scan@sensor_msgs/msg/LaserScan@gz.msgs.LaserScan --ros-args -r __node:=mur620c_lidar_bridge -r /mur620c/f_scan:=/mur620c/f_scan_raw -r /mur620c/b_scan:=/mur620c/b_scan_raw
1271851 /home/rosmatch/colcon_ws/install/ira_laser_tools/lib/ira_laser_tools/laserscan_multi_merger --ros-args -r __node:=mur620c_laser_scan_merger --params-file /tmp/launch_params_z_50n186
1272317 /opt/ros/jazzy/lib/nav2_amcl/amcl --ros-args -r __node:=amcl -r __ns:=/mur620c --params-file /tmp/launch_params_d2_k5urv
1272715 /opt/ros/jazzy/lib/robot_state_publisher/robot_state_publisher --ros-args -r __node:=mur620d_rsp -r __ns:=/mur620d --params-file /tmp/launch_params_9knnem3n --params-file /tmp/launch_params_45prj49h --params-file /tmp/launch_params_cnge0cg0
1272716 /opt/ros/jazzy/lib/robot_state_publisher/robot_state_publisher --ros-args -r __node:=mur620d_global_rsp --params-file /tmp/launch_params_hnw485h4 --params-file /tmp/launch_params_kp_qrao8 --params-file /tmp/launch_params_ezhk19s2 -r /tf:=unused_tf -r /tf_static:=unused_tf_static
1272718 /opt/ros/jazzy/lib/ros_gz_bridge/parameter_bridge /mur620d/f_scan@sensor_msgs/msg/LaserScan@gz.msgs.LaserScan /mur620d/b_scan@sensor_msgs/msg/LaserScan@gz.msgs.LaserScan --ros-args -r __node:=mur620d_lidar_bridge -r /mur620d/f_scan:=/mur620d/f_scan_raw -r /mur620d/b_scan:=/mur620d/b_scan_raw
1272721 /home/rosmatch/colcon_ws/install/ira_laser_tools/lib/ira_laser_tools/laserscan_multi_merger --ros-args -r __node:=mur620d_laser_scan_merger --params-file /tmp/launch_params_gsbpb9kp
1273163 /opt/ros/jazzy/lib/nav2_amcl/amcl --ros-args -r __node:=amcl -r __ns:=/mur620d --params-file /tmp/launch_params_1l18631n

1269481 1269418  193  3.6       01:19 1190804 13082692 gz sim server
1269482 1269418 72.7  2.9       01:19 973260 6650288 gz sim gui
1270625 1269360 28.2  0.8       01:13 261064 1683240 /opt/ros/jazzy/lib/rviz2/rviz2 -d /home/rosmatch/colcon_ws/install/mur_launch_sim/share/mur_launch_sim/rviz/multi_mur_base.rviz --ros-args -r __node:=rviz2_multi_mur_base
1269416 1269360 16.5  0.2       01:19 66968 1114512 /opt/ros/jazzy/lib/ros_gz_bridge/parameter_bridge /clock@rosgraph_msgs/msg/Clock[gz.msgs.Clock --ros-args -r __node:=clock_bridge
1272721 1269360 11.5  0.1       00:55 50704 996648 /home/rosmatch/colcon_ws/install/ira_laser_tools/lib/ira_laser_tools/laserscan_multi_merger --ros-args -r __node:=mur620d_laser_scan_merger --params-file /tmp/launch_params_gsbpb9kp
1271851 1269360 11.3  0.1       01:03 51060 996740 /home/rosmatch/colcon_ws/install/ira_laser_tools/lib/ira_laser_tools/laserscan_multi_merger --ros-args -r __node:=mur620c_laser_scan_merger --params-file /tmp/launch_params_z_50n186
1270878 1269360 11.1  0.1       01:11 51044 996748 /home/rosmatch/colcon_ws/install/ira_laser_tools/lib/ira_laser_tools/laserscan_multi_merger --ros-args -r __node:=mur620b_laser_scan_merger --params-file /tmp/launch_params_d_iyn0ge
1269510 1269360 10.7  0.1       01:19 51156 996860 /home/rosmatch/colcon_ws/install/ira_laser_tools/lib/ira_laser_tools/laserscan_multi_merger --ros-args -r __node:=mur620a_laser_scan_merger --params-file /tmp/launch_params_5ql58u9c
1273163 1269360 10.3  0.2       00:52 96876 1045596 /opt/ros/jazzy/lib/nav2_amcl/amcl --ros-args -r __node:=amcl -r __ns:=/mur620d --params-file /tmp/launch_params_1l18631n
1272317 1269360 10.1  0.2       01:00 97124 1045472 /opt/ros/jazzy/lib/nav2_amcl/amcl --ros-args -r __node:=amcl -r __ns:=/mur620c --params-file /tmp/launch_params_d2_k5urv
1271360 1269360  9.8  0.2       01:08 97140 1045568 /opt/ros/jazzy/lib/nav2_amcl/amcl --ros-args -r __node:=amcl -r __ns:=/mur620b --params-file /tmp/launch_params_jq0kn98p
1270156 1269360  9.4  0.2       01:16 97292 1045480 /opt/ros/jazzy/lib/nav2_amcl/amcl --ros-args -r __node:=amcl -r __ns:=/mur620a --params-file /tmp/launch_params_lufcw56u
1271845 1269360  7.4  0.1       01:03 49424 848984 /opt/ros/jazzy/lib/robot_state_publisher/robot_state_publisher --ros-args -r __node:=mur620c_rsp -r __ns:=/mur620c --params-file /tmp/launch_params_oww2e_du --params-file /tmp/launch_params_ks2i_h15 --params-file /tmp/launch_params_21msz6mz
1272715 1269360  7.3  0.1       00:55 49076 848884 /opt/ros/jazzy/lib/robot_state_publisher/robot_state_publisher --ros-args -r __node:=mur620d_rsp -r __ns:=/mur620d --params-file /tmp/launch_params_9knnem3n --params-file /tmp/launch_params_45prj49h --params-file /tmp/launch_params_cnge0cg0
1270871 1269360  7.2  0.1       01:11 49204 848896 /opt/ros/jazzy/lib/robot_state_publisher/robot_state_publisher --ros-args -r __node:=mur620b_rsp -r __ns:=/mur620b --params-file /tmp/launch_params_95pz2f9x --params-file /tmp/launch_params_5gim6sto --params-file /tmp/launch_params_s7vvoa4j
1272320 1269360  7.0  0.1       01:00 51512 1000852 /opt/ros/jazzy/lib/nav2_lifecycle_manager/lifecycle_manager --ros-args -r __node:=lifecycle_manager_localization -r __ns:=/mur620c --params-file /tmp/launch_params_66b6_49s
1269504 1269360  7.0  0.1       01:19 49216 849012 /opt/ros/jazzy/lib/robot_state_publisher/robot_state_publisher --ros-args -r __node:=mur620a_rsp -r __ns:=/mur620a --params-file /tmp/launch_params_ms2qltd4 --params-file /tmp/launch_params_5uhqcgvb --params-file /tmp/launch_params_n0u6cz13
1269417 1269360  6.7  0.2       01:19 71240 917900 /opt/ros/jazzy/lib/nav2_map_server/map_server --ros-args -r __node:=map_server --params-file /tmp/launch_params_i7959kug
1269419 1269360  6.6  0.1       01:19 51420 1000852 /opt/ros/jazzy/lib/nav2_lifecycle_manager/lifecycle_manager --ros-args -r __node:=lifecycle_manager_map --params-file /tmp/launch_params_zo7ysdz6
1270157 1269360  6.6  0.1       01:16 51548 927112 /opt/ros/jazzy/lib/nav2_lifecycle_manager/lifecycle_manager --ros-args -r __node:=lifecycle_manager_localization -r __ns:=/mur620a --params-file /tmp/launch_params_8pr7110u
1271361 1269360  6.6  0.1       01:08 51368 1000864 /opt/ros/jazzy/lib/nav2_lifecycle_manager/lifecycle_manager --ros-args -r __node:=lifecycle_manager_localization -r __ns:=/mur620b --params-file /tmp/launch_params__a5l1r6w
1273164 1269360  6.5  0.1       00:52 51340 1000852 /opt/ros/jazzy/lib/nav2_lifecycle_manager/lifecycle_manager --ros-args -r __node:=lifecycle_manager_localization -r __ns:=/mur620d --params-file /tmp/launch_params_8r_9newu
1271846 1269360  6.5  0.1       01:03 48956 848868 /opt/ros/jazzy/lib/robot_state_publisher/robot_state_publisher --ros-args -r __node:=mur620c_global_rsp --params-file /tmp/launch_params_pt9lntau --params-file /tmp/launch_params__ob8lqke --params-file /tmp/launch_params_wqhs14t4 -r /tf:=unused_tf -r /tf_static:=unused_tf_static
1270872 1269360  6.2  0.1       01:11 48652 848852 /opt/ros/jazzy/lib/robot_state_publisher/robot_state_publisher --ros-args -r __node:=mur620b_global_rsp --params-file /tmp/launch_params_is_7uacw --params-file /tmp/launch_params_e1vuxu4j --params-file /tmp/launch_params_tnyuw6lq -r /tf:=unused_tf -r /tf_static:=unused_tf_static
1272716 1269360  6.2  0.1       00:55 48840 848868 /opt/ros/jazzy/lib/robot_state_publisher/robot_state_publisher --ros-args -r __node:=mur620d_global_rsp --params-file /tmp/launch_params_hnw485h4 --params-file /tmp/launch_params_kp_qrao8 --params-file /tmp/launch_params_ezhk19s2 -r /tf:=unused_tf -r /tf_static:=unused_tf_static
1269505 1269360  6.1  0.1       01:19 48976 849008 /opt/ros/jazzy/lib/robot_state_publisher/robot_state_publisher --ros-args -r __node:=mur620a_global_rsp --params-file /tmp/launch_params_qa6o5uzp --params-file /tmp/launch_params_6_fxwkgp --params-file /tmp/launch_params_q8sd_511 -r /tf:=unused_tf -r /tf_static:=unused_tf_static
1269507 1269360  3.8  0.2       01:19 68244 1115712 /opt/ros/jazzy/lib/ros_gz_bridge/parameter_bridge /mur620a/f_scan@sensor_msgs/msg/LaserScan@gz.msgs.LaserScan /mur620a/b_scan@sensor_msgs/msg/LaserScan@gz.msgs.LaserScan --ros-args -r __node:=mur620a_lidar_bridge -r /mur620a/f_scan:=/mur620a/f_scan_raw -r /mur620a/b_scan:=/mur620a/b_scan_raw
1270875 1269360  3.8  0.2       01:11 68040 1115724 /opt/ros/jazzy/lib/ros_gz_bridge/parameter_bridge /mur620b/f_scan@sensor_msgs/msg/LaserScan@gz.msgs.LaserScan /mur620b/b_scan@sensor_msgs/msg/LaserScan@gz.msgs.LaserScan --ros-args -r __node:=mur620b_lidar_bridge -r /mur620b/f_scan:=/mur620b/f_scan_raw -r /mur620b/b_scan:=/mur620b/b_scan_raw
1271848 1269360  3.7  0.2       01:03 68252 1115704 /opt/ros/jazzy/lib/ros_gz_bridge/parameter_bridge /mur620c/f_scan@sensor_msgs/msg/LaserScan@gz.msgs.LaserScan /mur620c/b_scan@sensor_msgs/msg/LaserScan@gz.msgs.LaserScan --ros-args -r __node:=mur620c_lidar_bridge -r /mur620c/f_scan:=/mur620c/f_scan_raw -r /mur620c/b_scan:=/mur620c/b_scan_raw
1272718 1269360  3.5  0.2       00:55 67708 1115696 /opt/ros/jazzy/lib/ros_gz_bridge/parameter_bridge /mur620d/f_scan@sensor_msgs/msg/LaserScan@gz.msgs.LaserScan /mur620d/b_scan@sensor_msgs/msg/LaserScan@gz.msgs.LaserScan --ros-args -r __node:=mur620d_lidar_bridge -r /mur620d/f_scan:=/mur620d/f_scan_raw -r /mur620d/b_scan:=/mur620d/b_scan_raw
1269418 1269415  0.1  0.1       01:19 63816 245796 gz sim scale.world -v 4 -r
1269415 1269360  0.0  0.0       01:19  1844   2816 /bin/sh -c ruby /opt/ros/jazzy/opt/gz_tools_vendor/bin/gz sim scale.world -v 4 -r --force-version 8

== Top Samples ==
top - 17:01:16 up  4:21,  1 user,  load average: 15.24, 6.51, 5.69
Tasks: 542 total,   6 running, 535 sleeping,   0 stopped,   1 zombie
%Cpu(s): 52.8 us, 12.5 sy,  0.0 ni, 34.7 id,  0.0 wa,  0.0 hi,  0.0 si,  0.0 st 
MiB Mem :  31866.1 total,   9571.7 free,  16214.3 used,   6383.3 buff/cache     
MiB Swap:   8192.0 total,   8192.0 free,      0.0 used.  15651.8 avail Mem 

    PID USER      PR  NI    VIRT    RES    SHR S  %CPU  %MEM     TIME+ COMMAND
1269481 rosmatch  20   0   12.5g   1.1g 548124 R 250.0   3.6   2:33.68 ruby
   9067 rosmatch  20   0   14.3g   2.7g 570860 S 170.0   8.6 189:16.83 firefox
1269482 rosmatch  20   0 6650288 973260 450388 S  90.0   3.0   0:57.73 ruby
   5072 rosmatch  20   0 1411.3g 595596  89984 S  60.0   1.8 102:48.99 code
1270879 rosmatch  20   0  902448  85412  41928 S  50.0   0.3   0:20.78 python3
1269508 rosmatch  20   0  902420  84996  41732 S  40.0   0.3   0:22.92 python3
1269511 rosmatch  20   0  902436  85088  41736 S  40.0   0.3   0:22.79 python3
1271852 rosmatch  20   0  902436  85092  41792 S  40.0   0.3   0:18.76 python3
1272722 rosmatch  20   0  902728  85260  41804 R  40.0   0.3   0:16.36 python3
1269509 rosmatch  20   0  902420  85236  41844 S  30.0   0.3   0:22.98 python3
1270876 rosmatch  20   0  902452  84968  41664 S  30.0   0.3   0:21.04 python3
1270877 rosmatch  20   0  902456  84912  41616 S  30.0   0.3   0:20.75 python3
1271849 rosmatch  20   0  902504  85100  41720 S  30.0   0.3   0:18.91 python3
1271850 rosmatch  20   0  902568  85112  41724 S  30.0   0.3   0:18.99 python3
1272719 rosmatch  20   0  902860  85184  41664 R  30.0   0.3   0:16.61 python3
1272720 rosmatch  20   0  902704  85108  41604 R  30.0   0.3   0:16.47 python3
1269416 rosmatch  20   0 1114512  66968  46636 S  20.0   0.2   0:13.13 paramet+
1269510 rosmatch  20   0  996860  51156  31292 S  20.0   0.2   0:08.56 lasersc+
1270625 rosmatch  20   0 1683240 261064 158280 R  20.0   0.8   0:20.72 rviz2
1271846 rosmatch  20   0  848868  48956  31408 S  20.0   0.2   0:04.16 robot_s+
1272317 rosmatch  20   0 1045472  97124  38716 S  20.0   0.3   0:06.12 amcl
1272715 rosmatch  20   0  848884  49076  31580 S  20.0   0.2   0:04.06 robot_s+
1272721 rosmatch  20   0  996648  50704  31356 S  20.0   0.2   0:06.38 lasersc+
     47 root      rt   0       0      0      0 S  10.0   0.0   0:21.78 migrati+
   3663 rosmatch  20   0   26.0g 667564 506068 S  10.0   2.0  15:21.39 Xorg
   3940 rosmatch  20   0 5779464   1.2g 188764 S  10.0   3.9  10:17.10 gnome-s+
1269505 rosmatch  20   0  849008  48976  31584 S  10.0   0.2   0:04.85 robot_s+
1270156 rosmatch  20   0 1045480  97292  38756 S  10.0   0.3   0:07.20 amcl
1270870 rosmatch  20   0 1168672  53988  35140 S  10.0   0.2   0:05.52 gz_grou+
1270872 rosmatch  20   0  848852  48652  31384 S  10.0   0.1   0:04.47 robot_s+
1270878 rosmatch  20   0  996748  51044  31220 S  10.0   0.2   0:07.94 lasersc+
1271360 rosmatch  20   0 1045568  97140  38676 S  10.0   0.3   0:06.74 amcl
1271361 rosmatch  20   0 1000864  51368  33764 S  10.0   0.2   0:04.54 lifecyc+
1271848 rosmatch  20   0 1115704  68252  48160 S  10.0   0.2   0:02.35 paramet+
1271851 rosmatch  20   0  996740  51060  31336 S  10.0   0.2   0:07.19 lasersc+
1272320 rosmatch  20   0 1000852  51512  33796 S  10.0   0.2   0:04.28 lifecyc+
1272714 rosmatch  20   0 1168684  54080  35192 S  10.0   0.2   0:04.38 gz_grou+
1273163 rosmatch  20   0 1045596  96876  38712 S  10.0   0.3   0:05.45 amcl

== Gazebo Transport ==

$ gz topic -l
/clock
/gazebo/resource_paths
/gui/camera/pose
/gui/currently_tracked
/gui/track
/mur620a/b_scan
/mur620a/b_scan/points
/mur620a/f_scan
/mur620a/f_scan/points
/mur620b/b_scan
/mur620b/b_scan/points
/mur620b/f_scan
/mur620b/f_scan/points
/mur620c/b_scan
/mur620c/b_scan/points
/mur620c/f_scan
/mur620c/f_scan/points
/mur620d/b_scan
/mur620d/b_scan/points
/mur620d/f_scan
/mur620d/f_scan/points
/sensors/marker
/stats
/world/default/clock
/world/default/dynamic_pose/info
/world/default/pose/info
/world/default/scene/deletion
/world/default/scene/info
/world/default/state
/world/default/stats
/world/default/light_config
/world/default/material_color
/world/scale/pose/info
-- Gazebo /stats
sim_time {
  sec: 58
  nsec: 631000000
}
real_time {
  sec: 83
  nsec: 355681499
}
iterations: 58631
real_time_factor: 0.88183577043345751
step_size {
  nsec: 1000000
}

sim_time {
  sec: 58
  nsec: 632000000
}
real_time {
  sec: 83
  nsec: 356795546
}
iterations: 58632
real_time_factor: 0.89762819701502716
step_size {
  nsec: 1000000
}

sim_time {
  sec: 58
  nsec: 633000000
}
real_time {
  sec: 83
  nsec: 358193259
}
iterations: 58633
real_time_factor: 0.71545446025042336
step_size {
  nsec: 1000000
}

sim_time {
  sec: 58
  nsec: 634000000
}
real_time {
  sec: 83
  nsec: 359362079
}
iterations: 58634
real_time_factor: 0.85556373094231786
step_size {
  nsec: 1000000
}

sim_time {
  sec: 58
  nsec: 635000000
}
real_time {
  sec: 83
  nsec: 360508942
}
iterations: 58635
real_time_factor: 0.87194372823955435
step_size {
  nsec: 1000000
}

-- Gazebo /clock frequency


interval [0]:    0.000465253s
interval [1]:    0.00105893s
interval [2]:    0.00109252s
interval [3]:    0.000952552s
interval [4]:    0.00118711s
interval [5]:    0.00129383s
interval [6]:    0.00205319s
interval [7]:    0.0024432s
interval [8]:    0.00170053s
interval [9]:    0.00134106s
average rate: 735.934
min: 0.000465253s max: 0.0024432s std dev: 0.00054159s window: 10


interval [0]:    0.0014342s
interval [1]:    0.00134381s
interval [2]:    0.00156635s
interval [3]:    0.00134102s
interval [4]:    0.00121788s
interval [5]:    0.0013344s
interval [6]:    0.00143012s
interval [7]:    0.00151971s
interval [8]:    0.00146703s
interval [9]:    0.00129806s
average rate: 716.713
min: 0.00121788s max: 0.00156635s std dev: 0.000101413s window: 10


interval [0]:    0.00163047s
interval [1]:    0.00232024s
interval [2]:    0.00172575s
interval [3]:    0.00177414s
interval [4]:    0.00160083s
interval [5]:    0.00145057s
interval [6]:    0.00125701s
interval [7]:    0.00110542s
interval [8]:    0.00143246s
interval [9]:    0.00123321s
average rate: 643.911
min: 0.00110542s max: 0.00232024s std dev: 0.00033029s window: 10


interval [0]:    0.00107963s
interval [1]:    0.00101689s
interval [2]:    0.0013856s
interval [3]:    0.00136382s
interval [4]:    0.00139708s
interval [5]:    0.00147502s
interval [6]:    0.00150179s
interval [7]:    0.00147136s
interval [8]:    0.00157832s
interval [9]:    0.00123941s
average rate: 740.252
min: 0.00101689s max: 0.00157832s std dev: 0.000174781s window: 10


interval [0]:    0.00107309s
interval [1]:    0.000947989s
interval [2]:    0.000962419s
interval [3]:    0.000896392s
interval [4]:    0.00110065s
interval [5]:    0.00115375s
interval [6]:    0.00118747s
interval [7]:    0.00151028s
interval [8]:    0.00143122s
interval [9]:    0.00155202s
average rate: 846.362
min: 0.000896392s max: 0.00155202s std dev: 0.000225975s window: 10


interval [0]:    0.000947704s
interval [1]:    0.000891484s
interval [2]:    0.000847793s
interval [3]:    0.000971116s
interval [4]:    0.00118924s
interval [5]:    0.00117347s
interval [6]:    0.00101614s
interval [7]:    0.00103696s
interval [8]:    0.00112557s
interval [9]:    0.00160219s
average rate: 925.783
min: 0.000847793s max: 0.00160219s std dev: 0.000204983s window: 10


interval [0]:    0.00124437s
interval [1]:    0.00128126s
interval [2]:    0.00135707s
interval [3]:    0.00116404s
interval [4]:    0.00110603s
interval [5]:    0.000979907s
interval [6]:    0.00103078s
interval [7]:    0.000990335s
interval [8]:    0.000961382s
interval [9]:    0.00103492s
average rate: 896.854
min: 0.000961382s max: 0.00135707s std dev: 0.000132799s window: 10


interval [0]:    0.00124669s
interval [1]:    0.00141675s
interval [2]:    0.00175736s
interval [3]:    0.00147989s
interval [4]:    0.00122256s
interval [5]:    0.00138617s
interval [6]:    0.00118307s
interval [7]:    0.00114799s
interval [8]:    0.00138808s
interval [9]:    0.0013861s
average rate: 734.502
min: 0.00114799s max: 0.00175736s std dev: 0.000168997s window: 10


interval [0]:    0.00163069s
interval [1]:    0.00154354s
interval [2]:    0.00211951s
interval [3]:    0.00136754s
interval [4]:    0.00129347s
interval [5]:    0.00101838s
interval [6]:    0.000999982s
interval [7]:    0.000931341s
interval [8]:    0.00117639s
interval [9]:    0.00142868s
average rate: 740.218
min: 0.000931341s max: 0.00211951s std dev: 0.000339997s window: 10


interval [0]:    0.00165935s
interval [1]:    0.0015928s
interval [2]:    0.0016249s
interval [3]:    0.00130747s
interval [4]:    0.00128877s
interval [5]:    0.00135278s
interval [6]:    0.00115034s
interval [7]:    0.0012373s
interval [8]:    0.00137126s
interval [9]:    0.0010939s
average rate: 731.054
min: 0.0010939s max: 0.00165935s std dev: 0.0001874s window: 10


interval [0]:    0.00141847s
interval [1]:    0.00131896s
interval [2]:    0.00151871s
interval [3]:    0.00150752s
interval [4]:    0.00167757s
interval [5]:    0.00175045s
interval [6]:    0.00127961s
interval [7]:    0.00105929s
interval [8]:    0.00126435s
interval [9]:    0.00122314s
average rate: 713.366
min: 0.00105929s max: 0.00175045s std dev: 0.000203136s window: 10


interval [0]:    0.00139816s
interval [1]:    0.00111631s
interval [2]:    0.0010948s
interval [3]:    0.00109241s
interval [4]:    0.00114275s
interval [5]:    0.00126292s
interval [6]:    0.00101427s
interval [7]:    0.00100874s
interval [8]:    0.00100636s
interval [9]:    0.000948724s
average rate: 902.085
min: 0.000948724s max: 0.00139816s std dev: 0.000128148s window: 10


interval [0]:    0.00118368s
interval [1]:    0.00142403s
interval [2]:    0.00159392s
interval [3]:    0.00154903s
interval [4]:    0.00127718s
interval [5]:    0.0011055s
interval [6]:    0.000981719s
interval [7]:    0.00100399s
interval [8]:    0.00110839s
interval [9]:    0.000965611s
average rate: 820.14
min: 0.000965611s max: 0.00159392s std dev: 0.000220909s window: 10


interval [0]:    0.000974355s
interval [1]:    0.000993379s
interval [2]:    0.00106492s
interval [3]:    0.0013082s
interval [4]:    0.00154266s
interval [5]:    0.00153419s
interval [6]:    0.00128831s
interval [7]:    0.00116046s
interval [8]:    0.00117535s
interval [9]:    0.00104046s
average rate: 827.658
min: 0.000974355s max: 0.00154266s std dev: 0.000196827s window: 10


interval [0]:    0.00137862s
interval [1]:    0.00142867s
interval [2]:    0.00123403s
interval [3]:    0.00109801s
interval [4]:    0.00139945s
interval [5]:    0.00166192s
interval [6]:    0.00167988s
interval [7]:    0.00139383s
interval [8]:    0.0015386s
interval [9]:    0.00154496s
average rate: 696.478
min: 0.00109801s max: 0.00167988s std dev: 0.000171582s window: 10


interval [0]:    0.00147884s
interval [1]:    0.00174916s
interval [2]:    0.00149438s
interval [3]:    0.00173589s
interval [4]:    0.00146385s
interval [5]:    0.00129615s
interval [6]:    0.00120738s
interval [7]:    0.00121739s
interval [8]:    0.00145122s
interval [9]:    0.00129404s
average rate: 695.009
min: 0.00120738s max: 0.00174916s std dev: 0.000182739s window: 10


interval [0]:    0.00124735s
interval [1]:    0.00106776s
interval [2]:    0.0013376s
interval [3]:    0.00157094s
interval [4]:    0.00170901s
interval [5]:    0.00190066s
interval [6]:    0.0016369s
interval [7]:    0.00152553s
interval [8]:    0.00117322s
interval [9]:    0.00110953s
average rate: 700.354
min: 0.00106776s max: 0.00190066s std dev: 0.000266996s window: 10


interval [0]:    0.00121773s
interval [1]:    0.00138786s
interval [2]:    0.0013443s
interval [3]:    0.00155215s
interval [4]:    0.00163061s
interval [5]:    0.00174494s
interval [6]:    0.00150715s
interval [7]:    0.100933s
interval [8]:    1.5014e-05s
interval [9]:    3.495e-06s
average rate: 89.8177
min: 3.495e-06s max: 0.100933s std dev: 0.0299392s window: 10


interval [0]:    3.65e-06s
interval [1]:    3.805e-06s
interval [2]:    4.113e-06s
interval [3]:    3.939e-06s
interval [4]:    4.804e-06s
interval [5]:    3.836e-06s
interval [6]:    3.541e-06s
interval [7]:    3.956e-06s
interval [8]:    3.355e-06s
interval [9]:    2.711e-06s
average rate: 265182
min: 2.711e-06s max: 4.804e-06s std dev: 5.11476e-07s window: 10


interval [0]:    3.78e-06s
interval [1]:    3.457e-06s
interval [2]:    3.25e-06s
interval [3]:    4.171e-06s
interval [4]:    3.866e-06s
interval [5]:    4.358e-06s
interval [6]:    3.466e-06s
interval [7]:    7.061e-06s
interval [8]:    3.609e-06s
interval [9]:    3.838e-06s
average rate: 244762
min: 3.25e-06s max: 7.061e-06s std dev: 1.04124e-06s window: 10


interval [0]:    4.298e-06s
interval [1]:    3.585e-06s
interval [2]:    3.722e-06s
interval [3]:    4.992e-06s
interval [4]:    3.249e-06s
interval [5]:    3.906e-06s
interval [6]:    3.56e-06s
interval [7]:    0.100171s
interval [8]:    2.1476e-05s
interval [9]:    5.685e-06s
average rate: 99.7751
min: 3.249e-06s max: 0.100171s std dev: 0.0300495s window: 10


interval [0]:    2.785e-06s
interval [1]:    2.988e-06s
interval [2]:    3.126e-06s
interval [3]:    3.213e-06s
interval [4]:    2.619e-06s
interval [5]:    2.283e-06s
interval [6]:    2.271e-06s
interval [7]:    2.592e-06s
interval [8]:    2.118e-06s
interval [9]:    2.08e-06s
average rate: 383509
min: 2.08e-06s max: 3.213e-06s std dev: 3.93514e-07s window: 10


interval [0]:    2.377e-06s
interval [1]:    2.108e-06s
interval [2]:    2.47e-06s
interval [3]:    2.253e-06s
interval [4]:    6.345e-06s
interval [5]:    2.043e-06s
interval [6]:    2.16e-06s
interval [7]:    2.018e-06s
interval [8]:    2.089e-06s
interval [9]:    2.382e-06s
average rate: 381025
min: 2.018e-06s max: 6.345e-06s std dev: 1.24897e-06s window: 10


interval [0]:    2.556e-06s
interval [1]:    2.621e-06s
interval [2]:    2.278e-06s
interval [3]:    2.415e-06s
interval [4]:    2.613e-06s
interval [5]:    2.092e-06s
interval [6]:    2.014e-06s
interval [7]:    2.497e-06s
interval [8]:    2.113e-06s
interval [9]:    2.32e-06s
average rate: 425188
min: 2.014e-06s max: 2.621e-06s std dev: 2.12734e-07s window: 10


interval [0]:    2.088e-06s
interval [1]:    2.378e-06s
interval [2]:    2.172e-06s
interval [3]:    2.652e-06s
interval [4]:    2.104e-06s
interval [5]:    2.429e-06s
interval [6]:    2.404e-06s
interval [7]:    2.126e-06s
interval [8]:    2.441e-06s
interval [9]:    2.211e-06s
average rate: 434688
min: 2.088e-06s max: 2.652e-06s std dev: 1.77557e-07s window: 10


interval [0]:    2.247e-06s
interval [1]:    2.193e-06s
interval [2]:    3.231e-06s
interval [3]:    2.642e-06s
interval [4]:    3.299e-06s
interval [5]:    3.08e-06s
interval [6]:    3.986e-06s
interval [7]:    2.563e-06s
interval [8]:    2.577e-06s
interval [9]:    2.836e-06s
average rate: 348991
min: 2.193e-06s max: 3.986e-06s std dev: 5.18016e-07s window: 10


interval [0]:    3.26e-06s
interval [1]:    2.719e-06s
interval [2]:    2.905e-06s
interval [3]:    3.231e-06s
interval [4]:    5.518e-06s
interval [5]:    3.744e-06s
interval [6]:    3.062e-06s
interval [7]:    3.055e-06s
interval [8]:    3.539e-06s
interval [9]:    3.214e-06s
average rate: 291996
min: 2.719e-06s max: 5.518e-06s std dev: 7.51152e-07s window: 10


interval [0]:    3.486e-06s
interval [1]:    3.52e-06s
interval [2]:    3.882e-06s
interval [3]:    3.387e-06s
interval [4]:    3.617e-06s
interval [5]:    4.706e-06s
interval [6]:    4.078e-06s
interval [7]:    4.338e-06s
interval [8]:    3.513e-06s
interval [9]:    3e-06s
average rate: 266475
min: 3e-06s max: 4.706e-06s std dev: 4.77005e-07s window: 10


interval [0]:    4.221e-06s
interval [1]:    3.807e-06s
interval [2]:    4.553e-06s
interval [3]:    4.556e-06s
interval [4]:    3.131e-06s
interval [5]:    3.516e-06s
interval [6]:    4.188e-06s
interval [7]:    3.831e-06s
interval [8]:    4.266e-06s
interval [9]:    4.226e-06s
average rate: 248170
min: 3.131e-06s max: 4.556e-06s std dev: 4.32144e-07s window: 10


interval [0]:    3.365e-06s
interval [1]:    3.674e-06s
interval [2]:    3.847e-06s
interval [3]:    3.945e-06s
interval [4]:    2.909e-06s
interval [5]:    2.777e-06s
interval [6]:    3.699e-06s
interval [7]:    2.977e-06s
interval [8]:    3.369e-06s
interval [9]:    3.165e-06s
average rate: 296498
min: 2.777e-06s max: 3.945e-06s std dev: 3.89796e-07s window: 10


interval [0]:    4.522e-06s
interval [1]:    5.201e-06s
interval [2]:    0.000108732s
interval [3]:    0.000143991s
interval [4]:    0.00145188s
interval [5]:    0.00186033s
interval [6]:    0.00129476s
interval [7]:    0.0011477s
interval [8]:    0.00115125s
interval [9]:    0.00108645s
average rate: 1211.41
min: 4.522e-06s max: 0.00186033s std dev: 0.000654717s window: 10


interval [0]:    0.00127341s
interval [1]:    0.00120995s
interval [2]:    0.00109325s
interval [3]:    0.00122634s
interval [4]:    0.00125561s
interval [5]:    0.00113094s
interval [6]:    0.00107225s
interval [7]:    0.00106323s
interval [8]:    0.00101288s
interval [9]:    0.000931099s
average rate: 887.394
min: 0.000931099s max: 0.00127341s std dev: 0.000106932s window: 10


interval [0]:    0.00102299s
interval [1]:    0.00132508s
interval [2]:    0.00166201s
interval [3]:    0.00160113s
interval [4]:    0.00142888s
interval [5]:    0.00144386s
interval [6]:    0.00118442s
interval [7]:    0.000951556s
interval [8]:    0.000957406s
interval [9]:    0.00086147s
average rate: 803.936
min: 0.00086147s max: 0.00166201s std dev: 0.000273744s window: 10


interval [0]:    0.00100472s
interval [1]:    0.00126245s
interval [2]:    0.00104527s
interval [3]:    0.00113283s
interval [4]:    0.00132092s
interval [5]:    0.00144331s
interval [6]:    0.00144235s
interval [7]:    0.00121031s
interval [8]:    0.00143573s
interval [9]:    0.00156751s
average rate: 777.279
min: 0.00100472s max: 0.00156751s std dev: 0.000178575s window: 10


interval [0]:    0.00113686s
interval [1]:    0.00150428s
interval [2]:    0.00131775s
interval [3]:    0.00132053s
interval [4]:    0.00131184s
interval [5]:    0.00141272s
interval [6]:    0.00150084s
interval [7]:    0.00176608s
interval [8]:    0.00149775s
interval [9]:    0.00150535s
average rate: 700.575
min: 0.00113686s max: 0.00176608s std dev: 0.000160769s window: 10


interval [0]:    0.00133674s
interval [1]:    0.00118595s
interval [2]:    0.00100217s
interval [3]:    0.00129244s
interval [4]:    0.00178541s
interval [5]:    0.00155188s
interval [6]:    0.00174865s
interval [7]:    0.00136443s
interval [8]:    0.00137902s
interval [9]:    0.00150474s
average rate: 706.643
min: 0.00100217s max: 0.00178541s std dev: 0.000228737s window: 10


interval [0]:    0.00114981s
interval [1]:    0.00113969s
interval [2]:    0.00138391s
interval [3]:    0.00133441s
interval [4]:    0.00145826s
interval [5]:    0.0017341s
interval [6]:    0.00180173s
interval [7]:    0.00185988s
interval [8]:    0.00155098s
interval [9]:    0.00122213s
average rate: 683.298
min: 0.00113969s max: 0.00185988s std dev: 0.000252375s window: 10


interval [0]:    0.00107726s
interval [1]:    0.00102978s
interval [2]:    0.00113392s
interval [3]:    0.00101321s
interval [4]:    0.000987939s
interval [5]:    0.0013783s
interval [6]:    0.00138404s
interval [7]:    0.00145217s
interval [8]:    0.00139632s
interval [9]:    0.00129324s
average rate: 823.304
min: 0.000987939s max: 0.00145217s std dev: 0.00017396s window: 10


interval [0]:    0.00119424s
interval [1]:    0.00103108s
interval [2]:    0.0010167s
interval [3]:    0.00103882s
interval [4]:    0.00129851s
interval [5]:    0.00120967s
interval [6]:    0.00119313s
interval [7]:    0.00136413s
interval [8]:    0.00171197s
interval [9]:    0.00169368s
average rate: 784.194
min: 0.0010167s max: 0.00171197s std dev: 0.00023963s window: 10


interval [0]:    0.00150716s
interval [1]:    0.000991388s
interval [2]:    0.000999797s
interval [3]:    0.00102171s
interval [4]:    0.000980168s
interval [5]:    0.000997042s
interval [6]:    0.0010984s
interval [7]:    0.0013093s
interval [8]:    0.00147289s
interval [9]:    0.00130633s
average rate: 855.858
min: 0.000980168s max: 0.00150716s std dev: 0.000199328s window: 10


interval [0]:    0.00110518s
interval [1]:    0.0010216s
interval [2]:    0.00119134s
interval [3]:    0.00106737s
interval [4]:    0.00120078s
interval [5]:    0.00108699s
interval [6]:    0.00115532s
interval [7]:    0.00139234s
interval [8]:    0.00148306s
interval [9]:    0.00216162s
average rate: 777.267
min: 0.0010216s max: 0.00216162s std dev: 0.000322513s window: 10


interval [0]:    0.00155656s
interval [1]:    0.00110659s
interval [2]:    0.00154641s
interval [3]:    0.00126049s
interval [4]:    0.00115536s
interval [5]:    0.00118331s
interval [6]:    0.00116484s
interval [7]:    0.00121434s
interval [8]:    0.0014895s
interval [9]:    0.00160766s
average rate: 752.725
min: 0.00110659s max: 0.00160766s std dev: 0.000186572s window: 10


interval [0]:    0.00158594s
interval [1]:    0.00136325s
interval [2]:    0.00155761s
interval [3]:    0.00133731s
interval [4]:    0.00130005s
interval [5]:    0.00165144s
interval [6]:    0.00142258s
interval [7]:    0.0010765s
interval [8]:    0.00160595s
interval [9]:    0.00149373s
average rate: 694.716
min: 0.0010765s max: 0.00165144s std dev: 0.000166948s window: 10


interval [0]:    0.00137486s
interval [1]:    0.00140592s
interval [2]:    0.00168324s
interval [3]:    0.00152241s
interval [4]:    0.00109063s
interval [5]:    0.00133546s
interval [6]:    0.00121049s
interval [7]:    0.00168114s
interval [8]:    0.00221829s
interval [9]:    0.00145592s
average rate: 667.63
min: 0.00109063s max: 0.00221829s std dev: 0.000297944s window: 10


interval [0]:    0.00113057s
interval [1]:    0.00159376s
interval [2]:    0.00121787s
interval [3]:    0.00111431s
interval [4]:    0.00102121s
interval [5]:    0.000968175s
interval [6]:    0.00119528s
interval [7]:    0.00128286s
interval [8]:    0.00144991s
interval [9]:    0.00146969s
average rate: 803.624
min: 0.000968175s max: 0.00159376s std dev: 0.000193813s window: 10


interval [0]:    0.00120241s
interval [1]:    0.000987298s
interval [2]:    0.000948403s
interval [3]:    0.000908353s
interval [4]:    0.00104935s
interval [5]:    0.000952093s
interval [6]:    0.000939785s
interval [7]:    0.000939901s
interval [8]:    0.00119682s
interval [9]:    0.00140061s
average rate: 950.116
min: 0.000908353s max: 0.00140061s std dev: 0.000153566s window: 10


interval [0]:    0.00141278s
interval [1]:    0.00131617s
interval [2]:    0.00117734s
interval [3]:    0.00127582s
interval [4]:    0.00107317s
interval [5]:    0.00108125s
interval [6]:    0.00126028s
interval [7]:    0.00121658s
interval [8]:    0.00115378s
interval [9]:    0.00118174s
average rate: 823.12
min: 0.00107317s max: 0.00141278s std dev: 9.9691e-05s window: 10


interval [0]:    0.00132272s
interval [1]:    0.00123864s
interval [2]:    0.00125772s
interval [3]:    0.00134398s
interval [4]:    0.00181018s
interval [5]:    0.00147249s
interval [6]:    0.00166947s
interval [7]:    0.00151772s
interval [8]:    0.00118125s
interval [9]:    0.00117459s
average rate: 714.859
min: 0.00117459s max: 0.00181018s std dev: 0.000203471s window: 10


interval [0]:    0.0017395s
interval [1]:    0.00155002s
interval [2]:    0.00118132s
interval [3]:    0.00110098s
interval [4]:    0.00132782s
interval [5]:    0.0012145s
interval [6]:    0.00147767s
interval [7]:    0.00125408s
interval [8]:    0.00147327s
interval [9]:    0.0012741s
average rate: 735.658
min: 0.00110098s max: 0.0017395s std dev: 0.000186177s window: 10


interval [0]:    0.00193997s
interval [1]:    0.00181315s
interval [2]:    0.00179056s
interval [3]:    0.00150941s
interval [4]:    0.00128097s
interval [5]:    0.00111456s
interval [6]:    0.00108785s
interval [7]:    0.00112317s
interval [8]:    0.0013256s
interval [9]:    0.00127633s
average rate: 701.185
min: 0.00108785s max: 0.00193997s std dev: 0.00030174s window: 10


interval [0]:    0.00186687s
interval [1]:    0.00176047s
interval [2]:    0.00197573s
interval [3]:    0.00151242s
interval [4]:    0.0011252s
interval [5]:    0.00165375s
interval [6]:    0.00161653s
interval [7]:    0.00160517s
interval [8]:    0.00155076s
interval [9]:    0.00133932s
average rate: 624.757
min: 0.0011252s max: 0.00197573s std dev: 0.000233412s window: 10


interval [0]:    0.00114574s
interval [1]:    0.000991156s
interval [2]:    0.00108323s
interval [3]:    0.00109069s
interval [4]:    0.00105611s
interval [5]:    0.000985297s
interval [6]:    0.00103242s
interval [7]:    0.000920974s
interval [8]:    0.000960026s
interval [9]:    0.000914452s
average rate: 982.309
min: 0.000914452s max: 0.00114574s std dev: 7.26669e-05s window: 10


interval [0]:    0.00138969s
interval [1]:    0.00134089s
interval [2]:    0.00140252s
interval [3]:    0.00115804s
interval [4]:    0.00115243s
interval [5]:    0.00121577s
interval [6]:    0.00105873s
interval [7]:    0.00105352s
interval [8]:    0.00102878s
interval [9]:    0.00112386s
average rate: 838.628
min: 0.00102878s max: 0.00140252s std dev: 0.00013307s window: 10


interval [0]:    0.00118073s
interval [1]:    0.0012335s
interval [2]:    0.00135911s
interval [3]:    0.00161539s
interval [4]:    0.00154113s
interval [5]:    0.00123427s
interval [6]:    0.00111629s
interval [7]:    0.00115495s
interval [8]:    0.00126267s
interval [9]:    0.00111558s
average rate: 780.419
min: 0.00111558s max: 0.00161539s std dev: 0.000164557s window: 10


interval [0]:    0.00132611s
interval [1]:    0.00151921s
interval [2]:    0.00149878s
interval [3]:    0.00142392s
interval [4]:    0.00192602s
interval [5]:    0.00210482s
interval [6]:    0.00170193s
interval [7]:    0.00183818s
interval [8]:    0.00168273s
interval [9]:    0.00145563s
average rate: 606.895
min: 0.00132611s max: 0.00210482s std dev: 0.000235784s window: 10


interval [0]:    0.00118703s
interval [1]:    0.00132699s
interval [2]:    0.00140668s
interval [3]:    0.00148835s
interval [4]:    0.00182139s
interval [5]:    0.00136124s
interval [6]:    0.00132229s
interval [7]:    0.00129537s
interval [8]:    0.00126386s
interval [9]:    0.00118375s
average rate: 732.228
min: 0.00118375s max: 0.00182139s std dev: 0.000175537s window: 10


interval [0]:    0.00110255s
interval [1]:    0.00158941s
interval [2]:    0.00215781s
interval [3]:    0.00181786s
interval [4]:    0.00197444s
interval [5]:    0.00148352s
interval [6]:    0.001385s
interval [7]:    0.00108314s
interval [8]:    0.00138973s
interval [9]:    0.0010615s
average rate: 664.675
min: 0.0010615s max: 0.00215781s std dev: 0.000362811s window: 10


interval [0]:    0.00138668s
interval [1]:    0.00169198s
interval [2]:    0.0023707s
interval [3]:    0.00176858s
interval [4]:    0.00153203s
interval [5]:    0.00152132s
interval [6]:    0.00118038s
interval [7]:    0.0010103s
interval [8]:    0.00103239s
interval [9]:    0.000969225s
average rate: 691.391
min: 0.000969225s max: 0.0023707s std dev: 0.000411704s window: 10


interval [0]:    0.00126325s
interval [1]:    0.00129116s
interval [2]:    0.00128099s
interval [3]:    0.00142715s
interval [4]:    0.00134913s
interval [5]:    0.00130978s
interval [6]:    0.00127424s
interval [7]:    0.00111536s
interval [8]:    0.00123414s
interval [9]:    0.00130166s
average rate: 778.401
min: 0.00111536s max: 0.00142715s std dev: 7.56422e-05s window: 10


interval [0]:    0.000924641s
interval [1]:    0.000923144s
interval [2]:    0.00101933s
interval [3]:    0.00123285s
interval [4]:    0.00160894s
interval [5]:    0.00144554s
interval [6]:    0.00144694s
interval [7]:    0.00110382s
interval [8]:    0.00115214s
interval [9]:    0.00104118s
average rate: 840.44
min: 0.000923144s max: 0.00160894s std dev: 0.000225928s window: 10


interval [0]:    0.00107082s
interval [1]:    0.000933008s
interval [2]:    0.000940659s
interval [3]:    0.00100448s
interval [4]:    0.00131336s
interval [5]:    0.000768048s
interval [6]:    0.00161558s
interval [7]:    0.00207154s
interval [8]:    0.0015208s
interval [9]:    0.00146381s
average rate: 787.271
min: 0.000768048s max: 0.00207154s std dev: 0.000380578s window: 10


interval [0]:    0.00128961s
interval [1]:    0.00111797s
interval [2]:    0.00118126s
interval [3]:    0.0015508s
interval [4]:    0.00164667s
interval [5]:    0.00163869s
interval [6]:    0.00137832s
interval [7]:    0.00192354s
interval [8]:    0.00169558s
interval [9]:    0.00166923s
average rate: 662.617
min: 0.00111797s max: 0.00192354s std dev: 0.000244003s window: 10


interval [0]:    0.00124366s
interval [1]:    0.00130939s
interval [2]:    0.00127336s
interval [3]:    0.00150186s
interval [4]:    0.0013154s
interval [5]:    0.00123088s
interval [6]:    0.00149075s
interval [7]:    0.00199264s
interval [8]:    0.001665s
interval [9]:    0.00145142s
average rate: 690.877
min: 0.00123088s max: 0.00199264s std dev: 0.000224646s window: 10


interval [0]:    0.00164997s
interval [1]:    0.00123986s
interval [2]:    0.00106843s
interval [3]:    0.00113016s
interval [4]:    0.00155657s
interval [5]:    0.00169762s
interval [6]:    0.00162413s
interval [7]:    0.0019065s
interval [8]:    0.00132659s
interval [9]:    0.00120341s
average rate: 694.288
min: 0.00106843s max: 0.0019065s std dev: 0.000268052s window: 10


interval [0]:    0.00102982s
interval [1]:    0.00107118s
interval [2]:    0.0012015s
interval [3]:    0.00107542s
interval [4]:    0.00137565s
interval [5]:    0.00166063s
interval [6]:    0.00150712s
interval [7]:    0.00168274s
interval [8]:    0.00170796s
interval [9]:    0.00146821s
average rate: 725.678
min: 0.00102982s max: 0.00170796s std dev: 0.000253872s window: 10


interval [0]:    0.000960449s
interval [1]:    0.000941384s
interval [2]:    0.000916904s
interval [3]:    0.000920931s
interval [4]:    0.00105691s
interval [5]:    0.00103468s
interval [6]:    0.00203251s
interval [7]:    0.00155477s
interval [8]:    0.00148678s
interval [9]:    0.0014811s
average rate: 807.336
min: 0.000916904s max: 0.00203251s std dev: 0.000359911s window: 10


interval [0]:    0.000975433s
interval [1]:    0.000972314s
interval [2]:    0.00106206s
interval [3]:    0.00121478s
interval [4]:    0.00138216s
interval [5]:    0.00126825s
interval [6]:    0.00115294s
interval [7]:    0.00123187s
interval [8]:    0.00146276s
interval [9]:    0.00137898s
average rate: 826.34
min: 0.000972314s max: 0.00146276s std dev: 0.00016206s window: 10


interval [0]:    0.00144334s
interval [1]:    0.00130839s
interval [2]:    0.00151219s
interval [3]:    0.00154465s
interval [4]:    0.00134422s
interval [5]:    0.00121199s
interval [6]:    0.00124223s
interval [7]:    0.00161566s
interval [8]:    0.00154619s
interval [9]:    0.00136566s
average rate: 707.488
min: 0.00121199s max: 0.00161566s std dev: 0.000132055s window: 10


interval [0]:    0.00143393s
interval [1]:    0.00130737s
interval [2]:    0.00121107s
interval [3]:    0.00147006s
interval [4]:    0.00108821s
interval [5]:    0.00133892s
interval [6]:    0.00133668s
interval [7]:    0.00130003s
interval [8]:    0.00175128s
interval [9]:    0.00178438s
average rate: 713.169
min: 0.00108821s max: 0.00178438s std dev: 0.000208895s window: 10


interval [0]:    0.00136778s
interval [1]:    0.00133757s
interval [2]:    0.00120677s
interval [3]:    0.00113431s
interval [4]:    0.00121864s
interval [5]:    0.00130036s
interval [6]:    0.00139267s
interval [7]:    0.0016361s
interval [8]:    0.00183306s
interval [9]:    0.00200308s
average rate: 692.985
min: 0.00113431s max: 0.00200308s std dev: 0.000272802s window: 10


interval [0]:    0.00134698s
interval [1]:    0.00127612s
interval [2]:    0.00128334s
interval [3]:    0.00114854s
interval [4]:    0.00137921s
interval [5]:    0.00162252s
interval [6]:    0.00128736s
interval [7]:    0.001344s
interval [8]:    0.00149049s
interval [9]:    0.00176373s
average rate: 717.242
min: 0.00114854s max: 0.00176373s std dev: 0.000173472s window: 10


interval [0]:    0.00156097s
interval [1]:    0.00136863s
interval [2]:    0.00139714s
interval [3]:    0.0015307s
interval [4]:    0.00119861s
interval [5]:    0.00122277s
interval [6]:    0.00134462s
interval [7]:    0.00182762s
interval [8]:    0.00140517s
interval [9]:    0.0010434s
average rate: 719.445
min: 0.0010434s max: 0.00182762s std dev: 0.000206898s window: 10


interval [0]:    0.00119324s
interval [1]:    0.00149768s
interval [2]:    0.00132676s
interval [3]:    0.00114676s
interval [4]:    0.00113209s
interval [5]:    0.00112823s
interval [6]:    0.00124024s
interval [7]:    0.00148636s
interval [8]:    0.00150266s
interval [9]:    0.00148346s
average rate: 761.181
min: 0.00112823s max: 0.00150266s std dev: 0.000156047s window: 10


interval [0]:    0.00123906s
interval [1]:    0.00092652s
interval [2]:    0.000925625s
interval [3]:    0.00113358s
interval [4]:    0.000788578s
interval [5]:    0.0009168s
interval [6]:    0.000913787s
interval [7]:    0.000975109s
interval [8]:    0.00126728s
interval [9]:    0.00126995s
average rate: 965.597
min: 0.000788578s max: 0.00126995s std dev: 0.000166498s window: 10


interval [0]:    0.001437s
interval [1]:    0.00163514s
interval [2]:    0.00135834s
interval [3]:    0.00114223s
interval [4]:    0.0012344s
interval [5]:    0.00135647s
interval [6]:    0.00137881s
interval [7]:    0.00142087s
interval [8]:    0.00113877s
interval [9]:    0.00102827s
average rate: 761.597
min: 0.00102827s max: 0.00163514s std dev: 0.000169064s window: 10


interval [0]:    0.00146142s
interval [1]:    0.0013594s
interval [2]:    0.00147966s
interval [3]:    0.0013178s
interval [4]:    0.00142643s
interval [5]:    0.00146591s
interval [6]:    0.0011568s
interval [7]:    0.00113691s
interval [8]:    0.00124904s
interval [9]:    0.00131534s
average rate: 748.015
min: 0.00113691s max: 0.00147966s std dev: 0.000119177s window: 10


interval [0]:    0.00164451s
interval [1]:    0.00157077s
interval [2]:    0.00161392s
interval [3]:    0.00146488s
interval [4]:    0.00144427s
interval [5]:    0.00120205s
interval [6]:    0.00119038s
interval [7]:    0.00104217s
interval [8]:    0.00117535s
interval [9]:    0.00158945s
average rate: 717.476
min: 0.00104217s max: 0.00164451s std dev: 0.000209289s window: 10


interval [0]:    0.00162621s
interval [1]:    0.00153785s
interval [2]:    0.00140152s
interval [3]:    0.00116645s
interval [4]:    0.0011428s
interval [5]:    0.00098584s
interval [6]:    0.00108844s
interval [7]:    0.000973713s
interval [8]:    0.000998475s
interval [9]:    0.000919115s
average rate: 844.565
min: 0.000919115s max: 0.00162621s std dev: 0.000238177s window: 10


interval [0]:    0.00141454s
interval [1]:    0.00171571s
interval [2]:    0.0013665s
interval [3]:    0.00120613s
interval [4]:    0.00118027s
interval [5]:    0.000953862s
interval [6]:    0.00111247s
interval [7]:    0.000976822s
interval [8]:    0.00103068s
interval [9]:    0.00104828s
average rate: 832.968
min: 0.000953862s max: 0.00171571s std dev: 0.000225803s window: 10


interval [0]:    0.000915506s
interval [1]:    0.00105535s
interval [2]:    0.00123815s
interval [3]:    0.0011227s
interval [4]:    0.00121224s
interval [5]:    0.0010382s
interval [6]:    0.00105917s
interval [7]:    0.00122803s
interval [8]:    0.00115618s
interval [9]:    0.00104736s
average rate: 903.108
min: 0.000915506s max: 0.00123815s std dev: 9.77274e-05s window: 10


interval [0]:    0.000839454s
interval [1]:    0.000889716s
interval [2]:    0.00100373s
interval [3]:    0.00141987s
interval [4]:    0.0013541s
interval [5]:    0.00142682s
interval [6]:    0.00135427s
interval [7]:    0.00127786s
interval [8]:    0.00131607s
interval [9]:    0.00162356s
average rate: 799.652
min: 0.000839454s max: 0.00162356s std dev: 0.000241974s window: 10


interval [0]:    0.00113697s
interval [1]:    0.00107791s
interval [2]:    0.00125366s
interval [3]:    0.00137975s
interval [4]:    0.00124718s
interval [5]:    0.00155545s
interval [6]:    0.00142708s
interval [7]:    0.00162092s
interval [8]:    0.00154728s
interval [9]:    0.00137889s
average rate: 733.94
min: 0.00107791s max: 0.00162092s std dev: 0.000173174s window: 10


interval [0]:    0.00135197s
interval [1]:    0.00101376s
interval [2]:    0.00102276s
interval [3]:    0.00101675s
interval [4]:    0.000975815s
interval [5]:    0.00134362s
interval [6]:    0.00154376s
interval [7]:    0.001613s
interval [8]:    0.00178622s
interval [9]:    0.00168993s
average rate: 748.638
min: 0.000975815s max: 0.00178622s std dev: 0.000296947s window: 10


interval [0]:    0.00139284s
interval [1]:    0.00157111s
interval [2]:    0.00116504s
interval [3]:    0.00136239s
interval [4]:    0.00139854s
interval [5]:    0.00140866s
interval [6]:    0.00175567s
interval [7]:    0.00169681s
interval [8]:    0.00143743s
interval [9]:    0.00163534s
average rate: 674.589
min: 0.00116504s max: 0.00175567s std dev: 0.00017016s window: 10


interval [0]:    0.00112727s
interval [1]:    0.00108267s
interval [2]:    0.00108097s
interval [3]:    0.000976485s
interval [4]:    0.000951589s
interval [5]:    0.00109922s
interval [6]:    0.0012941s
interval [7]:    0.00178277s
interval [8]:    0.00133229s
interval [9]:    0.00102749s
average rate: 850.712
min: 0.000951589s max: 0.00178277s std dev: 0.000233405s window: 10


interval [0]:    0.00111074s
interval [1]:    0.000817605s
interval [2]:    0.000881553s
interval [3]:    0.000854048s
interval [4]:    0.000985372s
interval [5]:    0.00117221s
interval [6]:    0.00116675s
interval [7]:    0.00144991s
interval [8]:    0.00137012s
interval [9]:    0.00136415s
average rate: 895.059
min: 0.000817605s max: 0.00144991s std dev: 0.000217505s window: 10


interval [0]:    0.00108962s
interval [1]:    0.00101541s
interval [2]:    0.00115223s
interval [3]:    0.001057s
interval [4]:    0.00100771s
interval [5]:    0.000989321s
interval [6]:    0.000915164s
interval [7]:    0.000936425s
interval [8]:    0.000954615s
interval [9]:    0.00107835s
average rate: 980.793
min: 0.000915164s max: 0.00115223s std dev: 7.10401e-05s window: 10


interval [0]:    0.00232007s
interval [1]:    0.00130407s
interval [2]:    0.00164036s
interval [3]:    0.0014391s
interval [4]:    0.00126011s
interval [5]:    0.00122318s
interval [6]:    0.00122848s
interval [7]:    0.00115093s
interval [8]:    0.00117663s
interval [9]:    0.00118533s
average rate: 717.965
min: 0.00115093s max: 0.00232007s std dev: 0.000339528s window: 10


interval [0]:    0.0019851s
interval [1]:    0.00163519s
interval [2]:    0.00170137s
interval [3]:    0.0014032s
interval [4]:    0.00126864s
interval [5]:    0.00130728s
interval [6]:    0.00140373s
interval [7]:    0.0014468s
interval [8]:    0.00118579s
interval [9]:    0.00095712s
average rate: 699.583
min: 0.00095712s max: 0.0019851s std dev: 0.000273847s window: 10


interval [0]:    0.00170339s
interval [1]:    0.00156333s
interval [2]:    0.00135819s
interval [3]:    0.00107948s
interval [4]:    0.00114989s
interval [5]:    0.0012035s
interval [6]:    0.00126962s
interval [7]:    0.00149477s
interval [8]:    0.00120257s
interval [9]:    0.00123494s
average rate: 754.166
min: 0.00107948s max: 0.00170339s std dev: 0.000190202s window: 10


interval [0]:    0.00177865s
interval [1]:    0.00166015s
interval [2]:    0.0016004s
interval [3]:    0.00145596s
interval [4]:    0.00142245s
interval [5]:    0.00126911s
interval [6]:    0.0010408s
interval [7]:    0.00102278s
interval [8]:    0.00117123s
interval [9]:    0.00115138s
average rate: 736.762
min: 0.00102278s max: 0.00177865s std dev: 0.000252827s window: 10


interval [0]:    0.00167609s
interval [1]:    0.00198662s
interval [2]:    0.00168457s
interval [3]:    0.00138482s
interval [4]:    0.00118833s
interval [5]:    0.00109793s
interval [6]:    0.000984287s
interval [7]:    0.000935791s
interval [8]:    0.000972024s
interval [9]:    0.00103217s
average rate: 772.641
min: 0.000935791s max: 0.00198662s std dev: 0.000351081s window: 10


interval [0]:    0.00110362s
interval [1]:    0.00127213s
interval [2]:    0.00140965s
interval [3]:    0.00113845s
interval [4]:    0.00105524s
interval [5]:    0.000969521s
interval [6]:    0.00102371s
interval [7]:    0.00133162s
interval [8]:    0.00123992s
interval [9]:    0.00101091s
average rate: 865.444
min: 0.000969521s max: 0.00140965s std dev: 0.00014221s window: 10


interval [0]:    0.00105952s
interval [1]:    0.00101186s
interval [2]:    0.00195641s
interval [3]:    0.00135693s
interval [4]:    0.00132357s
interval [5]:    0.00113696s
interval [6]:    0.00100377s
interval [7]:    0.000912284s
interval [8]:    0.0010958s
interval [9]:    0.00142259s
average rate: 814.352
min: 0.000912284s max: 0.00195641s std dev: 0.000290694s window: 10


interval [0]:    0.00112242s
interval [1]:    0.00103703s
interval [2]:    0.00125707s
interval [3]:    0.00120895s
interval [4]:    0.00126414s
interval [5]:    0.00182602s
interval [6]:    0.00160797s
interval [7]:    0.00140761s
interval [8]:    0.00121655s
interval [9]:    0.00112351s
average rate: 765.037
min: 0.00103703s max: 0.00182602s std dev: 0.000230831s window: 10


interval [0]:    0.000996767s
interval [1]:    0.0012054s
interval [2]:    0.00118506s
interval [3]:    0.00108566s
interval [4]:    0.00136803s
interval [5]:    0.00148454s
interval [6]:    0.0019579s
interval [7]:    0.00178679s
interval [8]:    0.00131111s
interval [9]:    0.00130062s
average rate: 730.894
min: 0.000996767s max: 0.0019579s std dev: 0.000286734s window: 10


interval [0]:    0.00139951s
interval [1]:    0.0011535s
interval [2]:    0.00156411s
interval [3]:    0.00151085s
interval [4]:    0.00140466s
interval [5]:    0.00133891s
interval [6]:    0.00209694s
interval [7]:    0.000786758s
interval [8]:    0.00158994s
interval [9]:    0.0015067s
average rate: 696.774
min: 0.000786758s max: 0.00209694s std dev: 0.000316324s window: 10


interval [0]:    0.0015224s
interval [1]:    0.0012514s
interval [2]:    0.00129347s
interval [3]:    0.00168946s
interval [4]:    0.00172469s
interval [5]:    0.00141954s
interval [6]:    0.00140737s
interval [7]:    0.00137533s
interval [8]:    0.00105599s
interval [9]:    0.0010601s
average rate: 724.65
min: 0.00105599s max: 0.00172469s std dev: 0.000216456s window: 10


interval [0]:    0.00102514s
interval [1]:    0.00127645s
interval [2]:    0.000993376s
interval [3]:    0.000981164s
interval [4]:    0.000991251s
interval [5]:    0.00103115s
interval [6]:    0.00119796s
interval [7]:    0.00139869s
interval [8]:    0.00130156s
interval [9]:    0.00117142s
average rate: 879.65
min: 0.000981164s max: 0.00139869s std dev: 0.000144838s window: 10


interval [0]:    0.00102258s
interval [1]:    0.000965163s
interval [2]:    0.000969883s
interval [3]:    0.000977812s
interval [4]:    0.00103272s
interval [5]:    0.000968414s
interval [6]:    0.00104686s
interval [7]:    0.00104366s
interval [8]:    0.0010728s
interval [9]:    0.00114061s
average rate: 976.515
min: 0.000965163s max: 0.00114061s std dev: 5.34591e-05s window: 10


interval [0]:    0.00129137s
interval [1]:    0.00125453s
interval [2]:    0.00115927s
interval [3]:    0.000959628s
interval [4]:    0.00100453s
interval [5]:    0.00119683s
interval [6]:    0.00155935s
interval [7]:    0.00119165s
interval [8]:    0.00116969s
interval [9]:    0.00123651s
average rate: 831.714
min: 0.000959628s max: 0.00155935s std dev: 0.000155043s window: 10


interval [0]:    0.00125375s
interval [1]:    0.00140631s
interval [2]:    0.0015082s
interval [3]:    0.0014746s
interval [4]:    0.00131655s
interval [5]:    0.00145357s
interval [6]:    0.0014041s
interval [7]:    0.00127856s
interval [8]:    0.00105056s
interval [9]:    0.00107345s
average rate: 756.449
min: 0.00105056s max: 0.0015082s std dev: 0.000152036s window: 10


interval [0]:    0.00140131s
interval [1]:    0.00162044s
interval [2]:    0.00141285s
interval [3]:    0.00117915s
interval [4]:    0.00112453s
interval [5]:    0.00144631s
interval [6]:    0.0013474s
interval [7]:    0.00111791s
interval [8]:    0.00118232s
interval [9]:    0.000964159s
average rate: 781.471
min: 0.000964159s max: 0.00162044s std dev: 0.000187183s window: 10


interval [0]:    0.00128283s
interval [1]:    0.00150657s
interval [2]:    0.00168044s
interval [3]:    0.00159683s
interval [4]:    0.0018479s
interval [5]:    0.00145359s
interval [6]:    0.00130192s
interval [7]:    0.00116054s
interval [8]:    0.00105337s
interval [9]:    0.00100911s
average rate: 719.782
min: 0.00100911s max: 0.0018479s std dev: 0.000261674s window: 10


interval [0]:    0.000976601s
interval [1]:    0.00119177s
interval [2]:    0.00168913s
interval [3]:    0.00229316s
interval [4]:    0.00225621s
interval [5]:    0.00120117s
interval [6]:    0.0011527s
interval [7]:    0.0012532s
interval [8]:    0.00110361s
interval [9]:    0.000943907s
average rate: 711.163
min: 0.000943907s max: 0.00229316s std dev: 0.000474846s window: 10


interval [0]:    0.00112372s
interval [1]:    0.000892126s
interval [2]:    0.000964106s
interval [3]:    0.00117871s
interval [4]:    0.00119551s
interval [5]:    0.00144569s
interval [6]:    0.00119258s
interval [7]:    0.00119271s
interval [8]:    0.00136049s
interval [9]:    0.00129374s
average rate: 844.64
min: 0.000892126s max: 0.00144569s std dev: 0.000157848s window: 10


interval [0]:    0.000945543s
interval [1]:    0.000957337s
interval [2]:    0.000995774s
interval [3]:    0.00117085s
interval [4]:    0.00177457s
interval [5]:    0.00147603s
interval [6]:    0.00128387s
interval [7]:    0.00106861s
interval [8]:    0.000968633s
interval [9]:    0.00102329s
average rate: 857.302
min: 0.000945543s max: 0.00177457s std dev: 0.000258905s window: 10


interval [0]:    0.00108617s
interval [1]:    0.00114738s
interval [2]:    0.00105598s
interval [3]:    0.00108561s
interval [4]:    0.00117528s
interval [5]:    0.00116089s
interval [6]:    0.00111882s
interval [7]:    0.00141026s
interval [8]:    0.00171441s
interval [9]:    0.00139873s
average rate: 809.486
min: 0.00105598s max: 0.00171441s std dev: 0.00019852s window: 10


interval [0]:    0.00113087s
interval [1]:    0.000993955s
interval [2]:    0.00131633s
interval [3]:    0.00105143s
interval [4]:    0.000909249s
interval [5]:    0.00100638s
interval [6]:    0.00104336s
interval [7]:    0.00107258s
interval [8]:    0.00128183s
interval [9]:    0.0017841s
average rate: 862.806
min: 0.000909249s max: 0.0017841s std dev: 0.000240148s window: 10


interval [0]:    0.00157102s
interval [1]:    0.0012774s
interval [2]:    0.00112607s
interval [3]:    0.00141944s
interval [4]:    0.00118542s
interval [5]:    0.00116062s
interval [6]:    0.00147632s
interval [7]:    0.00128484s
interval [8]:    0.001357s
interval [9]:    0.00163827s
average rate: 740.938
min: 0.00112607s max: 0.00163827s std dev: 0.000165947s window: 10


interval [0]:    0.00165135s
interval [1]:    0.00184871s
interval [2]:    0.00135762s
interval [3]:    0.00137753s
interval [4]:    0.00110311s
interval [5]:    0.00128866s
interval [6]:    0.00120843s
interval [7]:    0.0016419s
interval [8]:    0.00150827s
interval [9]:    0.00116424s
average rate: 706.723
min: 0.00110311s max: 0.00184871s std dev: 0.000229702s window: 10


interval [0]:    0.001407s
interval [1]:    0.00135482s
interval [2]:    0.00127109s
interval [3]:    0.00121807s
interval [4]:    0.000999391s
interval [5]:    0.00090663s
interval [6]:    0.000911754s
interval [7]:    0.000918881s
interval [8]:    0.00114487s
interval [9]:    0.00116677s
average rate: 885.013
min: 0.00090663s max: 0.001407s std dev: 0.00017767s window: 10


interval [0]:    0.00198285s
interval [1]:    0.0014209s
interval [2]:    0.00117427s
interval [3]:    0.00100651s
interval [4]:    0.000857571s
interval [5]:    0.000969594s
interval [6]:    0.000919335s
interval [7]:    0.0011014s
interval [8]:    0.000906963s
interval [9]:    0.001011s
average rate: 881.027
min: 0.000857571s max: 0.00198285s std dev: 0.000322179s window: 10


interval [0]:    0.00143343s
interval [1]:    0.00162555s
interval [2]:    0.00134459s
interval [3]:    0.00120555s
interval [4]:    0.0010953s
interval [5]:    0.00103736s
interval [6]:    0.000929491s
interval [7]:    0.000881742s
interval [8]:    0.00113228s
interval [9]:    0.00143219s
average rate: 825.255
min: 0.000881742s max: 0.00162555s std dev: 0.000229242s window: 10


interval [0]:    0.00183834s
interval [1]:    0.001657s
interval [2]:    0.00140452s
interval [3]:    0.00155608s
interval [4]:    0.00184745s
interval [5]:    0.00155048s
interval [6]:    0.00154616s
interval [7]:    0.00137358s
interval [8]:    0.00133243s
interval [9]:    0.00113966s
average rate: 655.922
min: 0.00113966s max: 0.00184745s std dev: 0.000210868s window: 10


interval [0]:    0.00177111s
interval [1]:    0.00136786s
interval [2]:    0.00128519s
interval [3]:    0.00213098s
interval [4]:    0.00130178s
interval [5]:    0.0013734s
interval [6]:    0.00136261s
interval [7]:    0.00132204s
interval [8]:    0.00148264s
interval [9]:    0.00162163s
average rate: 665.813
min: 0.00128519s max: 0.00213098s std dev: 0.000256157s window: 10


interval [0]:    0.00182371s
interval [1]:    0.00177022s
interval [2]:    0.00145085s
interval [3]:    0.00123884s
interval [4]:    0.00134308s
interval [5]:    0.00106387s
interval [6]:    0.00125701s
interval [7]:    0.00136367s
interval [8]:    0.00121108s
interval [9]:    0.00104474s
average rate: 737.078
min: 0.00104474s max: 0.00182371s std dev: 0.000250259s window: 10


interval [0]:    0.00162022s
interval [1]:    0.00173861s
interval [2]:    0.00110869s
interval [3]:    0.000935407s
interval [4]:    0.000899559s
interval [5]:    0.000998149s
interval [6]:    0.000982665s
interval [7]:    0.000998227s
interval [8]:    0.00125549s
interval [9]:    0.00112866s
average rate: 857.216
min: 0.000899559s max: 0.00173861s std dev: 0.000275858s window: 10


interval [0]:    0.00122606s
interval [1]:    0.00120649s
interval [2]:    0.00155219s
interval [3]:    0.00131158s
interval [4]:    0.00109963s
interval [5]:    0.00102441s
interval [6]:    0.00103692s
interval [7]:    0.00107141s
interval [8]:    0.0011313s
interval [9]:    0.00102403s
average rate: 855.871
min: 0.00102403s max: 0.00155219s std dev: 0.000157145s window: 10


interval [0]:    0.000991068s
interval [1]:    0.00106729s
interval [2]:    0.00120512s
interval [3]:    0.00116886s
interval [4]:    0.00104794s
interval [5]:    0.00109855s
interval [6]:    0.000992318s
interval [7]:    0.00110667s
interval [8]:    0.00100015s
interval [9]:    0.00103719s
average rate: 933.257
min: 0.000991068s max: 0.00120512s std dev: 6.9914e-05s window: 10


interval [0]:    0.00100522s
interval [1]:    0.000878621s
interval [2]:    0.00103909s
interval [3]:    0.00103019s
interval [4]:    0.00106532s
interval [5]:    0.00127786s
interval [6]:    0.00141736s
interval [7]:    0.00146581s
interval [8]:    0.00147435s
interval [9]:    0.00134539s
average rate: 833.388
min: 0.000878621s max: 0.00147435s std dev: 0.000208437s window: 10


interval [0]:    0.00106666s
interval [1]:    0.000989411s
interval [2]:    0.00093877s
interval [3]:    0.00127465s
interval [4]:    0.00132077s
interval [5]:    0.00137898s
interval [6]:    0.00128949s
interval [7]:    0.001505s
interval [8]:    0.00199677s
interval [9]:    0.00145244s
average rate: 756.835
min: 0.00093877s max: 0.00199677s std dev: 0.000288969s window: 10


interval [0]:    0.00116382s
interval [1]:    0.00138955s
interval [2]:    0.00124828s
interval [3]:    0.00126693s
interval [4]:    0.00143148s
interval [5]:    0.00128073s
interval [6]:    0.00134461s
interval [7]:    0.00150316s
interval [8]:    0.00139942s
interval [9]:    0.0014615s
average rate: 741.319
min: 0.00116382s max: 0.00150316s std dev: 0.00010162s window: 10


interval [0]:    0.00148252s
interval [1]:    0.00126963s
interval [2]:    0.00111513s
interval [3]:    0.001058s
interval [4]:    0.00111794s
interval [5]:    0.00123712s
interval [6]:    0.00126637s
interval [7]:    0.00179222s
interval [8]:    0.00200683s
interval [9]:    0.00103033s
average rate: 747.602
min: 0.00103033s max: 0.00200683s std dev: 0.000310752s window: 10


interval [0]:    0.00115788s
interval [1]:    0.0013031s
interval [2]:    0.00126529s
interval [3]:    0.00112853s
interval [4]:    0.00104891s
interval [5]:    0.000928461s
interval [6]:    0.00102978s
interval [7]:    0.00152656s
interval [8]:    0.00157523s
interval [9]:    0.001647s
average rate: 792.975
min: 0.000928461s max: 0.001647s std dev: 0.000236063s window: 10


interval [0]:    0.00103328s
interval [1]:    0.000973233s
interval [2]:    0.000948398s
interval [3]:    0.000829548s
interval [4]:    0.000993161s
interval [5]:    0.00100822s
interval [6]:    0.000977461s
interval [7]:    0.00100748s
interval [8]:    0.00099367s
interval [9]:    0.00100593s
average rate: 1023.5
min: 0.000829548s max: 0.00103328s std dev: 5.38719e-05s window: 10


interval [0]:    0.00159296s
interval [1]:    0.0015516s
interval [2]:    0.00137282s
interval [3]:    0.00172393s
interval [4]:    0.00120615s
interval [5]:    0.000960238s
interval [6]:    0.00088653s
interval [7]:    0.00102464s
interval [8]:    0.00120122s
interval [9]:    0.00123997s
average rate: 783.697
min: 0.00088653s max: 0.00172393s std dev: 0.000266978s window: 10


interval [0]:    0.00108334s
interval [1]:    0.00113082s
interval [2]:    0.0018444s
interval [3]:    0.00212731s
interval [4]:    0.00174143s
interval [5]:    0.00137121s
interval [6]:    0.00159134s
interval [7]:    0.00137679s
interval [8]:    0.00108842s
interval [9]:    0.00124535s
average rate: 684.912
min: 0.00108334s max: 0.00212731s std dev: 0.000337447s window: 10


interval [0]:    0.00151621s
interval [1]:    0.00149975s
interval [2]:    0.0014019s
interval [3]:    0.00126539s
interval [4]:    0.0012459s
interval [5]:    0.00133952s
interval [6]:    0.00176039s
interval [7]:    0.00150488s
interval [8]:    0.00141737s
interval [9]:    0.00124346s
average rate: 704.485
min: 0.00124346s max: 0.00176039s std dev: 0.000151947s window: 10


interval [0]:    0.00154069s
interval [1]:    0.00162596s
interval [2]:    0.00201189s
interval [3]:    0.00149463s
interval [4]:    0.00136387s
interval [5]:    0.000996729s
interval [6]:    0.0011008s
interval [7]:    0.00125454s
interval [8]:    0.00110323s
interval [9]:    0.00115717s
average rate: 732.627
min: 0.000996729s max: 0.00201189s std dev: 0.000293869s window: 10


interval [0]:    0.00178267s
interval [1]:    0.00159594s
interval [2]:    0.00189186s
interval [3]:    0.00151741s
interval [4]:    0.00142689s
interval [5]:    0.00117708s
interval [6]:    0.00109178s
interval [7]:    0.00106649s
interval [8]:    0.00107537s
interval [9]:    0.00115004s
average rate: 725.925
min: 0.00106649s max: 0.00189186s std dev: 0.000293258s window: 10


interval [0]:    0.00107481s
interval [1]:    0.00118452s
interval [2]:    0.00111296s
interval [3]:    0.00113284s
interval [4]:    0.00106501s
interval [5]:    0.0011455s
interval [6]:    0.00123272s
interval [7]:    0.00110849s
interval [8]:    0.00112255s
interval [9]:    0.00122977s
average rate: 876.489
min: 0.00106501s max: 0.00123272s std dev: 5.53278e-05s window: 10


interval [0]:    0.00120213s
interval [1]:    0.000990081s
interval [2]:    0.00107161s
interval [3]:    0.00135006s
interval [4]:    0.00131918s
interval [5]:    0.00105648s
interval [6]:    0.00102468s
interval [7]:    0.00101644s
interval [8]:    0.00113161s
interval [9]:    0.00105034s
average rate: 891.853
min: 0.000990081s max: 0.00135006s std dev: 0.000121401s window: 10


interval [0]:    0.00103323s
interval [1]:    0.000962605s
interval [2]:    0.000985233s
interval [3]:    0.000902502s
interval [4]:    0.000974366s
interval [5]:    0.00113941s
interval [6]:    0.00101046s
interval [7]:    0.00119367s
interval [8]:    0.00167168s
interval [9]:    0.00178776s
average rate: 857.565
min: 0.000902502s max: 0.00178776s std dev: 0.000294245s window: 10


interval [0]:    0.00120863s
interval [1]:    0.00103652s
interval [2]:    0.00110525s
interval [3]:    0.00106166s
interval [4]:    0.00107868s
interval [5]:    0.0012041s
interval [6]:    0.00127636s
interval [7]:    0.00144584s
interval [8]:    0.00155542s
interval [9]:    0.00152406s
average rate: 800.223
min: 0.00103652s max: 0.00155542s std dev: 0.000185095s window: 10


interval [0]:    0.00179555s
interval [1]:    0.00129105s
interval [2]:    0.00128215s
interval [3]:    0.00119247s
interval [4]:    0.00126344s
interval [5]:    0.00142951s
interval [6]:    0.00123006s
interval [7]:    0.00128598s
interval [8]:    0.00145593s
interval [9]:    0.00140548s
average rate: 733.588
min: 0.00119247s max: 0.00179555s std dev: 0.000166217s window: 10


interval [0]:    0.00125903s
interval [1]:    0.00139432s
interval [2]:    0.00173448s
interval [3]:    0.00151235s
interval [4]:    0.00128112s
interval [5]:    0.00101214s
interval [6]:    0.00109554s
interval [7]:    0.00127271s
interval [8]:    0.001807s
interval [9]:    0.0015745s
average rate: 717.195
min: 0.00101214s max: 0.001807s std dev: 0.00024772s window: 10


interval [0]:    0.00135452s
interval [1]:    0.00160539s
interval [2]:    0.00125723s
interval [3]:    0.00108454s
interval [4]:    0.00107658s
interval [5]:    0.000993092s
interval [6]:    0.00090548s
interval [7]:    0.000997009s
interval [8]:    0.00103619s
interval [9]:    0.00120749s
average rate: 868.242
min: 0.00090548s max: 0.00160539s std dev: 0.000198601s window: 10


interval [0]:    0.00125179s
interval [1]:    0.00125098s
interval [2]:    0.00146307s
interval [3]:    0.00135703s
interval [4]:    0.00133848s
interval [5]:    0.00101203s
interval [6]:    0.00104343s
interval [7]:    0.000875894s
interval [8]:    0.000942569s
interval [9]:    0.00142702s
average rate: 835.96
min: 0.000875894s max: 0.00146307s std dev: 0.00020022s window: 10


interval [0]:    0.00174119s
interval [1]:    0.00157765s
interval [2]:    0.0012013s
interval [3]:    0.00111253s
interval [4]:    0.00115451s
interval [5]:    0.00113436s
interval [6]:    0.00107586s
interval [7]:    0.00107449s
interval [8]:    0.00111597s
interval [9]:    0.00127885s
average rate: 802.136
min: 0.00107449s max: 0.00174119s std dev: 0.000217301s window: 10


interval [0]:    0.00162901s
interval [1]:    0.00160469s
interval [2]:    0.00116564s
interval [3]:    0.00103262s
interval [4]:    0.00119398s
interval [5]:    0.00138158s
interval [6]:    0.00134845s
interval [7]:    0.00142605s
interval [8]:    0.00125699s
interval [9]:    0.000982086s
average rate: 767.985
min: 0.000982086s max: 0.00162901s std dev: 0.000207277s window: 10


interval [0]:    0.00161182s
interval [1]:    0.00173972s
interval [2]:    0.00191116s
interval [3]:    0.00135274s
interval [4]:    0.00109858s
interval [5]:    0.00120457s
interval [6]:    0.00130976s
interval [7]:    0.00111826s
interval [8]:    0.00123249s
interval [9]:    0.00122336s
average rate: 724.508
min: 0.00109858s max: 0.00191116s std dev: 0.000263764s window: 10


interval [0]:    0.00153088s
interval [1]:    0.00168614s
interval [2]:    0.00161919s
interval [3]:    0.00184426s
interval [4]:    0.00158973s
interval [5]:    0.00142597s
interval [6]:    0.00116405s
interval [7]:    0.00112262s
interval [8]:    0.00141277s
interval [9]:    0.00109434s
average rate: 690.134
min: 0.00109434s max: 0.00184426s std dev: 0.000241515s window: 10


interval [0]:    0.0015801s
interval [1]:    0.00174096s
interval [2]:    0.00164724s
interval [3]:    0.00146423s
interval [4]:    0.00144558s
interval [5]:    0.00127705s
interval [6]:    0.00122037s
interval [7]:    0.00117317s
interval [8]:    0.00112027s
interval [9]:    0.0014619s
average rate: 707.671
min: 0.00112027s max: 0.00174096s std dev: 0.000198802s window: 10


interval [0]:    0.00137416s
interval [1]:    0.00142434s
interval [2]:    0.00135215s
interval [3]:    0.00111262s
interval [4]:    0.00130739s
interval [5]:    0.00116566s
interval [6]:    0.00118416s
interval [7]:    0.00122366s
interval [8]:    0.00102666s
interval [9]:    0.000981218s
average rate: 822.907
min: 0.000981218s max: 0.00142434s std dev: 0.000141623s window: 10


interval [0]:    0.00115153s
interval [1]:    0.001212s
interval [2]:    0.00152762s
interval [3]:    0.00171706s
interval [4]:    0.00127225s
interval [5]:    0.00128654s
interval [6]:    0.00110457s
interval [7]:    0.00113457s
interval [8]:    0.00108548s
interval [9]:    0.000950367s
average rate: 803.73
min: 0.000950367s max: 0.00171706s std dev: 0.000214283s window: 10


interval [0]:    0.000962152s
interval [1]:    0.00103564s
interval [2]:    0.00137376s
interval [3]:    0.00146122s
interval [4]:    0.00138087s
interval [5]:    0.00150492s
interval [6]:    0.00154584s
interval [7]:    0.00153492s
interval [8]:    0.00130461s
interval [9]:    0.000965904s
average rate: 765.121
min: 0.000962152s max: 0.00154584s std dev: 0.000221534s window: 10


interval [0]:    0.0011159s
interval [1]:    0.00132882s
interval [2]:    0.00167884s
interval [3]:    0.00155633s
interval [4]:    0.00123042s
interval [5]:    0.00131758s
interval [6]:    0.00130231s
interval [7]:    0.00152829s
interval [8]:    0.00140596s
interval [9]:    0.00142098s
average rate: 720.179
min: 0.0011159s max: 0.00167884s std dev: 0.000157697s window: 10


interval [0]:    0.00119795s
interval [1]:    0.00112129s
interval [2]:    0.00123901s
interval [3]:    0.00121199s
interval [4]:    0.00134313s
interval [5]:    0.00210668s
interval [6]:    0.00138235s
interval [7]:    0.00121239s
interval [8]:    0.00132906s
interval [9]:    0.00173674s
average rate: 720.431
min: 0.00112129s max: 0.00210668s std dev: 0.000288948s window: 10


interval [0]:    0.00140185s
interval [1]:    0.00136779s
interval [2]:    0.00115963s
interval [3]:    0.00126496s
interval [4]:    0.00157459s
interval [5]:    0.00175678s
interval [6]:    0.00204341s
interval [7]:    0.00162835s
interval [8]:    0.00153096s
interval [9]:    0.00138281s
average rate: 661.763
min: 0.00115963s max: 0.00204341s std dev: 0.000243913s window: 10


interval [0]:    0.00109062s
interval [1]:    0.00106233s
interval [2]:    0.00115144s
interval [3]:    0.00109731s
interval [4]:    0.00153895s
interval [5]:    0.00164581s
interval [6]:    0.00171597s
interval [7]:    0.00156727s
interval [8]:    0.00187215s
interval [9]:    0.00131642s
average rate: 711.325
min: 0.00106233s max: 0.00187215s std dev: 0.000282889s window: 10


interval [0]:    0.00121285s
interval [1]:    0.00120886s
interval [2]:    0.00127011s
interval [3]:    0.00162806s
interval [4]:    0.00165386s
interval [5]:    0.0013087s
interval [6]:    0.0015863s
interval [7]:    0.00136744s
interval [8]:    0.00106625s
interval [9]:    0.00106074s
average rate: 748.326
min: 0.00106074s max: 0.00165386s std dev: 0.000208547s window: 10


interval [0]:    0.00118499s
interval [1]:    0.00114681s
interval [2]:    0.00129031s
interval [3]:    0.00118412s
interval [4]:    0.00133691s
interval [5]:    0.00136813s
interval [6]:    0.00153661s
interval [7]:    0.00138706s
interval [8]:    0.00131652s
interval [9]:    0.00120947s
average rate: 771.55
min: 0.00114681s max: 0.00153661s std dev: 0.00011318s window: 10


interval [0]:    0.00113727s
interval [1]:    0.0010656s
interval [2]:    0.000980684s
interval [3]:    0.00105892s
interval [4]:    0.000991299s
interval [5]:    0.000974345s
interval [6]:    0.0013734s
interval [7]:    0.00143323s
interval [8]:    0.0017543s
interval [9]:    0.00159808s
average rate: 808.595
min: 0.000974345s max: 0.0017543s std dev: 0.000268549s window: 10


interval [0]:    0.00102846s
interval [1]:    0.00107458s
interval [2]:    0.000955007s
interval [3]:    0.000968842s
interval [4]:    0.00106887s
interval [5]:    0.00118845s
interval [6]:    0.00155737s
interval [7]:    0.00137814s
interval [8]:    0.00159981s
interval [9]:    0.00183975s
average rate: 789.934
min: 0.000955007s max: 0.00183975s std dev: 0.000293437s window: 10


interval [0]:    0.00115525s
interval [1]:    0.00120323s
interval [2]:    0.00146621s
interval [3]:    0.00124285s
interval [4]:    0.00142742s
interval [5]:    0.00152429s
interval [6]:    0.00125785s
interval [7]:    0.00110769s
interval [8]:    0.00178577s
interval [9]:    0.00204845s
average rate: 703.284
min: 0.00110769s max: 0.00204845s std dev: 0.000285316s window: 10


interval [0]:    0.00172724s
interval [1]:    0.00162793s
interval [2]:    0.00122308s
interval [3]:    0.00137295s
interval [4]:    0.00165146s
interval [5]:    0.0015144s
interval [6]:    0.00151563s
interval [7]:    0.00190764s
interval [8]:    0.00141017s
interval [9]:    0.00136345s
average rate: 652.999
min: 0.00122308s max: 0.00190764s std dev: 0.000191638s window: 10


interval [0]:    0.00143783s
interval [1]:    0.00126615s
interval [2]:    0.00124313s
interval [3]:    0.00116431s
interval [4]:    0.00135946s
interval [5]:    0.00148015s
interval [6]:    0.00146464s
interval [7]:    0.00183957s
interval [8]:    0.00129328s
interval [9]:    0.00142326s
average rate: 715.728
min: 0.00116431s max: 0.00183957s std dev: 0.000177996s window: 10


interval [0]:    0.00106119s
interval [1]:    0.00123834s
interval [2]:    0.00106697s
interval [3]:    0.00100323s
interval [4]:    0.00107483s
interval [5]:    0.00116114s
interval [6]:    0.00107394s
interval [7]:    0.0012358s
interval [8]:    0.00170857s
interval [9]:    0.00173849s
average rate: 808.898
min: 0.00100323s max: 0.00173849s std dev: 0.000254358s window: 10


interval [0]:    0.00126488s
interval [1]:    0.00117079s
interval [2]:    0.00107381s
interval [3]:    0.00103411s
interval [4]:    0.00105469s
interval [5]:    0.00104079s
interval [6]:    0.000997362s
interval [7]:    0.000911498s
interval [8]:    0.00115821s
interval [9]:    0.00144683s
average rate: 896.622
min: 0.000911498s max: 0.00144683s std dev: 0.000144979s window: 10


interval [0]:    0.00119523s
interval [1]:    0.00145881s
interval [2]:    0.00127209s
interval [3]:    0.00118561s
interval [4]:    0.00122159s
interval [5]:    0.00136607s
interval [6]:    0.0012074s
interval [7]:    0.00114477s
interval [8]:    0.00126943s
interval [9]:    0.00135091s
average rate: 789.147
min: 0.00114477s max: 0.00145881s std dev: 9.27427e-05s window: 10


interval [0]:    0.00133505s
interval [1]:    0.00134511s
interval [2]:    0.00157124s
interval [3]:    0.00139265s
interval [4]:    0.00139714s
interval [5]:    0.00135639s
interval [6]:    0.00109763s
interval [7]:    0.00112853s
interval [8]:    0.00131921s
interval [9]:    0.00123599s
average rate: 758.786
min: 0.00109763s max: 0.00157124s std dev: 0.000130252s window: 10


interval [0]:    0.00140653s
interval [1]:    0.00152438s
interval [2]:    0.00126527s
interval [3]:    0.00121114s
interval [4]:    0.00113936s
interval [5]:    0.00103962s
interval [6]:    0.00105534s
interval [7]:    0.00124928s
interval [8]:    0.00122045s
interval [9]:    0.00234581s
average rate: 743.097
min: 0.00103962s max: 0.00234581s std dev: 0.000361383s window: 10


interval [0]:    0.00158395s
interval [1]:    0.00166218s
interval [2]:    0.00107822s
interval [3]:    0.00135183s
interval [4]:    0.001136s
interval [5]:    0.00104532s
interval [6]:    0.00113469s
interval [7]:    0.00117822s
interval [8]:    0.00142495s
interval [9]:    0.0013198s
average rate: 774.284
min: 0.00104532s max: 0.00166218s std dev: 0.000203193s window: 10


interval [0]:    0.00143296s
interval [1]:    0.00138409s
interval [2]:    0.00128026s
interval [3]:    0.00121971s
interval [4]:    0.00129814s
interval [5]:    0.00109385s
interval [6]:    0.00104476s
interval [7]:    0.0010927s
interval [8]:    0.00106221s
interval [9]:    0.000998635s
average rate: 839.82
min: 0.000998635s max: 0.00143296s std dev: 0.000144975s window: 10


interval [0]:    0.00146992s
interval [1]:    0.0012941s
interval [2]:    0.00128775s
interval [3]:    0.00114815s
interval [4]:    0.00104957s
interval [5]:    0.000922594s
interval [6]:    0.000917208s
interval [7]:    0.00102317s
interval [8]:    0.00095345s
interval [9]:    0.000848362s
average rate: 916.231
min: 0.000848362s max: 0.00146992s std dev: 0.000192219s window: 10


interval [0]:    0.00171541s
interval [1]:    0.00129793s
interval [2]:    0.00166795s
interval [3]:    0.00159311s
interval [4]:    0.00128111s
interval [5]:    0.00102342s
interval [6]:    0.00104473s
interval [7]:    0.000988933s
interval [8]:    0.000997686s
interval [9]:    0.00127227s
average rate: 776.244
min: 0.000988933s max: 0.00171541s std dev: 0.000268967s window: 10


interval [0]:    0.00106265s
interval [1]:    0.00134569s
interval [2]:    0.00130578s
interval [3]:    0.00151606s
interval [4]:    0.00159003s
interval [5]:    0.00141978s
interval [6]:    0.00166273s
interval [7]:    0.0013486s
interval [8]:    0.0014716s
interval [9]:    0.00176664s
average rate: 690.153
min: 0.00106265s max: 0.00176664s std dev: 0.000190488s window: 10


interval [0]:    0.00108464s
interval [1]:    0.00127872s
interval [2]:    0.00166279s
interval [3]:    0.00152033s
interval [4]:    0.0016626s
interval [5]:    0.00148849s
interval [6]:    0.00123862s
interval [7]:    0.00121197s
interval [8]:    0.00138936s
interval [9]:    0.00159754s
average rate: 707.461
min: 0.00108464s max: 0.00166279s std dev: 0.000193185s window: 10


interval [0]:    0.00125343s
interval [1]:    0.00141263s
interval [2]:    0.0016542s
interval [3]:    0.00188671s
interval [4]:    0.00204649s
interval [5]:    0.00212218s
interval [6]:    0.00125204s
interval [7]:    0.00119371s
interval [8]:    0.0010727s
interval [9]:    0.00124261s
average rate: 660.646
min: 0.0010727s max: 0.00212218s std dev: 0.000364662s window: 10


interval [0]:    0.00132751s
interval [1]:    0.00163347s
interval [2]:    0.0016536s
interval [3]:    0.00183334s
interval [4]:    0.0015948s
interval [5]:    0.00144985s
interval [6]:    0.00148317s
interval [7]:    0.00119584s
interval [8]:    0.00156329s
interval [9]:    0.00118165s
average rate: 670.398
min: 0.00118165s max: 0.00183334s std dev: 0.000197797s window: 10


interval [0]:    0.00122444s
interval [1]:    0.00139751s
interval [2]:    0.00116785s
interval [3]:    0.00118006s
interval [4]:    0.00133402s
interval [5]:    0.0011297s
interval [6]:    0.00105242s
interval [7]:    0.00118582s
interval [8]:    0.00105091s
interval [9]:    0.00100378s
average rate: 852.768
min: 0.00100378s max: 0.00139751s std dev: 0.000117972s window: 10


interval [0]:    0.00112891s
interval [1]:    0.00119881s
interval [2]:    0.00102417s
interval [3]:    0.00132191s
interval [4]:    0.00141666s
interval [5]:    0.00129773s
interval [6]:    0.00113907s
interval [7]:    0.00107206s
interval [8]:    0.00103817s
interval [9]:    0.00108944s
average rate: 852.737
min: 0.00102417s max: 0.00141666s std dev: 0.000125843s window: 10


interval [0]:    0.00110549s
interval [1]:    0.00103228s
interval [2]:    0.00100475s
interval [3]:    0.00124004s
interval [4]:    0.00140694s
interval [5]:    0.00102153s
interval [6]:    0.00156785s
interval [7]:    0.001448s
interval [8]:    0.00144789s
interval [9]:    0.00152235s
average rate: 781.426
min: 0.00100475s max: 0.00156785s std dev: 0.000212156s window: 10


interval [0]:    0.0010155s
interval [1]:    0.00100602s
interval [2]:    0.00111176s
interval [3]:    0.00113629s
interval [4]:    0.00137065s
interval [5]:    0.00133612s
interval [6]:    0.0013s
interval [7]:    0.00149818s
interval [8]:    0.00160417s
interval [9]:    0.00170771s
average rate: 764.151
min: 0.00100602s max: 0.00170771s std dev: 0.000230905s window: 10


interval [0]:    0.00133271s
interval [1]:    0.0012299s
interval [2]:    0.00144828s
interval [3]:    0.00163635s
interval [4]:    0.00153728s
interval [5]:    0.00131832s
interval [6]:    0.00116567s
interval [7]:    0.00103684s
interval [8]:    0.00141333s
interval [9]:    0.00187785s
average rate: 714.464
min: 0.00103684s max: 0.00187785s std dev: 0.000230757s window: 10


interval [0]:    0.00124968s
interval [1]:    0.00135126s
interval [2]:    0.00163237s
interval [3]:    0.00142353s
interval [4]:    0.00126818s
interval [5]:    0.00115096s
interval [6]:    0.00130601s
interval [7]:    0.0014789s
interval [8]:    0.00158738s
interval [9]:    0.00136356s
average rate: 724.017
min: 0.00115096s max: 0.00163237s std dev: 0.000143832s window: 10


interval [0]:    0.00135664s
interval [1]:    0.00164352s
interval [2]:    0.00155215s
interval [3]:    0.00143704s
interval [4]:    0.0013871s
interval [5]:    0.00123715s
interval [6]:    0.00119466s
interval [7]:    0.00172055s
interval [8]:    0.00132438s
interval [9]:    0.00115553s
average rate: 713.841
min: 0.00115553s max: 0.00172055s std dev: 0.000179662s window: 10


interval [0]:    0.00103554s
interval [1]:    0.00105644s
interval [2]:    0.0010725s
interval [3]:    0.00104826s
interval [4]:    0.000980046s
interval [5]:    0.000952147s
interval [6]:    0.000962544s
interval [7]:    0.00100033s
interval [8]:    0.000932577s
interval [9]:    0.00132995s
average rate: 964.289
min: 0.000932577s max: 0.00132995s std dev: 0.000107622s window: 10


interval [0]:    0.00154045s
interval [1]:    0.00153338s
interval [2]:    0.00134616s
interval [3]:    0.00108363s
interval [4]:    0.00116186s
interval [5]:    0.00116006s
interval [6]:    0.00106052s
interval [7]:    0.00118267s
interval [8]:    0.00105792s
interval [9]:    0.00115609s
average rate: 814.151
min: 0.00105792s max: 0.00154045s std dev: 0.000172882s window: 10


interval [0]:    0.00126122s
interval [1]:    0.00144515s
interval [2]:    0.00119987s
interval [3]:    0.00117957s
interval [4]:    0.00223358s
interval [5]:    0.00121964s
interval [6]:    0.00122752s
interval [7]:    0.00113951s
interval [8]:    0.00120818s
interval [9]:    0.0011724s
average rate: 752.636
min: 0.00113951s max: 0.00223358s std dev: 0.000311872s window: 10


interval [0]:    0.00187733s
interval [1]:    0.00191018s
interval [2]:    0.00168739s
interval [3]:    0.00169778s
interval [4]:    0.0016235s
interval [5]:    0.00126996s
interval [6]:    0.00118032s
interval [7]:    0.00109811s
interval [8]:    0.00142282s
interval [9]:    0.00129473s
average rate: 663.917
min: 0.00109811s max: 0.00191018s std dev: 0.000276487s window: 10


interval [0]:    0.00209946s
interval [1]:    0.00153774s
interval [2]:    0.00105806s
interval [3]:    0.00123626s
interval [4]:    0.001177s
interval [5]:    0.00106296s
interval [6]:    0.00113291s
interval [7]:    0.00128723s
interval [8]:    0.00139307s
interval [9]:    0.00144916s
average rate: 744.389
min: 0.00105806s max: 0.00209946s std dev: 0.000294912s window: 10


interval [0]:    0.001701s
interval [1]:    0.00167021s
interval [2]:    0.00172499s
interval [3]:    0.0012128s
interval [4]:    0.00112459s
interval [5]:    0.001057s
interval [6]:    0.00131274s
interval [7]:    0.0014357s
interval [8]:    0.00170574s
interval [9]:    0.00150749s
average rate: 691.933
min: 0.001057s max: 0.00172499s std dev: 0.000243153s window: 10


interval [0]:    0.00114135s
interval [1]:    0.00102993s
interval [2]:    0.00101336s
interval [3]:    0.00112676s
interval [4]:    0.00105146s
interval [5]:    0.000968611s
interval [6]:    0.00109835s
interval [7]:    0.00107078s
interval [8]:    0.000991482s
interval [9]:    0.001092s
average rate: 944.816
min: 0.000968611s max: 0.00114135s std dev: 5.46433e-05s window: 10


interval [0]:    0.00186827s
interval [1]:    0.00104641s
interval [2]:    0.00140996s
interval [3]:    0.00118662s
interval [4]:    0.00145558s
interval [5]:    0.00116992s
interval [6]:    0.0010451s
interval [7]:    0.000967248s
interval [8]:    0.00101863s
interval [9]:    0.000990288s
average rate: 822.501
min: 0.000967248s max: 0.00186827s std dev: 0.000270779s window: 10


interval [0]:    0.00111458s
interval [1]:    0.00147236s
interval [2]:    0.00128848s
interval [3]:    0.00116166s
interval [4]:    0.00116808s
interval [5]:    0.00120672s
interval [6]:    0.0011782s
interval [7]:    0.00105412s
interval [8]:    0.0010187s
interval [9]:    0.000986485s
average rate: 858.414
min: 0.000986485s max: 0.00147236s std dev: 0.000134074s window: 10


interval [0]:    0.00101924s
interval [1]:    0.00116815s
interval [2]:    0.00124266s
interval [3]:    0.00146924s
interval [4]:    0.0015128s
interval [5]:    0.00207622s
interval [6]:    0.00191314s
interval [7]:    0.00155138s
interval [8]:    0.00147879s
interval [9]:    0.0016529s
average rate: 662.931
min: 0.00101924s max: 0.00207622s std dev: 0.000306113s window: 10


interval [0]:    0.00121458s
interval [1]:    0.00113514s
interval [2]:    0.00122585s
interval [3]:    0.0012776s
interval [4]:    0.00142931s
interval [5]:    0.00149973s
interval [6]:    0.00136248s
interval [7]:    0.00132454s
interval [8]:    0.00142671s
interval [9]:    0.00162584s
average rate: 739.548
min: 0.00113514s max: 0.00162584s std dev: 0.000140211s window: 10


interval [0]:    0.00102545s
interval [1]:    0.00126427s
interval [2]:    0.00152471s
interval [3]:    0.00147088s
interval [4]:    0.00157973s
interval [5]:    0.00139628s
interval [6]:    0.00161688s
interval [7]:    0.00138655s
interval [8]:    0.00147622s
interval [9]:    0.0013261s
average rate: 710.88
min: 0.00102545s max: 0.00161688s std dev: 0.000164208s window: 10


interval [0]:    0.00113609s
interval [1]:    0.00122104s
interval [2]:    0.00141742s
interval [3]:    0.00144847s
interval [4]:    0.00188712s
interval [5]:    0.00165899s
interval [6]:    0.00182004s
interval [7]:    0.00159647s
interval [8]:    0.00122284s
interval [9]:    0.00109095s
average rate: 689.682
min: 0.00109095s max: 0.00188712s std dev: 0.000269386s window: 10


interval [0]:    0.00116479s
interval [1]:    0.00117757s
interval [2]:    0.00129876s
interval [3]:    0.00176527s
interval [4]:    0.00193573s
interval [5]:    0.00146358s
interval [6]:    0.00132583s
interval [7]:    0.00120242s
interval [8]:    0.0010113s
interval [9]:    0.00099426s
average rate: 749.652
min: 0.00099426s max: 0.00193573s std dev: 0.0002926s window: 10


interval [0]:    0.0010846s
interval [1]:    0.00111758s
interval [2]:    0.000969669s
interval [3]:    0.00095145s
interval [4]:    0.00129878s
interval [5]:    0.00121183s
interval [6]:    0.00130531s
interval [7]:    0.00122399s
interval [8]:    0.00108686s
interval [9]:    0.00121847s
average rate: 871.951
min: 0.00095145s max: 0.00130531s std dev: 0.000118912s window: 10


interval [0]:    0.00126295s
interval [1]:    0.00110474s
interval [2]:    0.00108044s
interval [3]:    0.00107322s
interval [4]:    0.00102467s
interval [5]:    0.00109877s
interval [6]:    0.00153401s
interval [7]:    0.00153936s
interval [8]:    0.00121358s
interval [9]:    0.00132495s
average rate: 815.881
min: 0.00102467s max: 0.00153936s std dev: 0.000178978s window: 10


interval [0]:    0.00140425s
interval [1]:    0.00170168s
interval [2]:    0.0013703s
interval [3]:    0.00114987s
interval [4]:    0.00116038s
interval [5]:    0.00124612s
interval [6]:    0.00158039s
interval [7]:    0.0016266s
interval [8]:    0.00167187s
interval [9]:    0.0014334s
average rate: 697.114
min: 0.00114987s max: 0.00170168s std dev: 0.0001956s window: 10


interval [0]:    0.00171745s
interval [1]:    0.00130215s
interval [2]:    0.00123802s
interval [3]:    0.00129924s
interval [4]:    0.00157269s
interval [5]:    0.00165836s
interval [6]:    0.00164363s
interval [7]:    0.00175828s
interval [8]:    0.00157767s
interval [9]:    0.00158739s
average rate: 651.259
min: 0.00123802s max: 0.00175828s std dev: 0.00017724s window: 10


interval [0]:    0.00146922s
interval [1]:    0.00137549s
interval [2]:    0.00142026s
interval [3]:    0.00122655s
interval [4]:    0.00145543s
interval [5]:    0.00148221s
interval [6]:    0.00147776s
interval [7]:    0.00160219s
interval [8]:    0.00143465s
interval [9]:    0.00141596s
average rate: 696.392
min: 0.00122655s max: 0.00160219s std dev: 9.00895e-05s window: 10


interval [0]:    0.00154868s
interval [1]:    0.00124497s
interval [2]:    0.00133608s
interval [3]:    0.00148704s
interval [4]:    0.00153854s
interval [5]:    0.00185936s
interval [6]:    0.00166842s
interval [7]:    0.00137119s
interval [8]:    0.00116191s
interval [9]:    0.00113371s
average rate: 696.869
min: 0.00113371s max: 0.00185936s std dev: 0.00021823s window: 10


interval [0]:    0.00105665s
interval [1]:    0.00125196s
interval [2]:    0.00102082s
interval [3]:    0.00100368s
interval [4]:    0.00108394s
interval [5]:    0.00123753s
interval [6]:    0.0012477s
interval [7]:    0.00155299s
interval [8]:    0.0014342s
interval [9]:    0.00117965s
average rate: 828.561
min: 0.00100368s max: 0.00155299s std dev: 0.000170423s window: 10


interval [0]:    0.00119918s
interval [1]:    0.0010228s
interval [2]:    0.00102096s
interval [3]:    0.000935986s
interval [4]:    0.00105031s
interval [5]:    0.00102198s
interval [6]:    0.00119172s
interval [7]:    0.00143568s
interval [8]:    0.0013712s
interval [9]:    0.00169868s
average rate: 836.926
min: 0.000935986s max: 0.00169868s std dev: 0.000228166s window: 10


interval [0]:    0.00116954s
interval [1]:    0.000956342s
interval [2]:    0.000928517s
interval [3]:    0.000905435s
interval [4]:    0.000966732s
interval [5]:    0.00116609s
interval [6]:    0.00125576s
interval [7]:    0.00137903s
interval [8]:    0.00102423s
interval [9]:    0.00134986s
average rate: 900.777
min: 0.000905435s max: 0.00137903s std dev: 0.000168558s window: 10


interval [0]:    0.00150291s
interval [1]:    0.00131139s
interval [2]:    0.0019352s
interval [3]:    0.00157704s
interval [4]:    0.00146853s
interval [5]:    0.00117958s
interval [6]:    0.00130709s
interval [7]:    0.0014081s
interval [8]:    0.00186763s
interval [9]:    0.0017384s
average rate: 653.772
min: 0.00117958s max: 0.0019352s std dev: 0.000237374s window: 10


interval [0]:    0.00112861s
interval [1]:    0.00102224s
interval [2]:    0.00114759s
interval [3]:    0.00115486s
interval [4]:    0.00111227s
interval [5]:    0.00121401s
interval [6]:    0.00117795s
interval [7]:    0.00105655s
interval [8]:    0.00103412s
interval [9]:    0.00103215s
average rate: 902.5
min: 0.00102224s max: 0.00121401s std dev: 6.44597e-05s window: 10


interval [0]:    0.00176267s
interval [1]:    0.0014368s
interval [2]:    0.00193757s
interval [3]:    0.00133255s
interval [4]:    0.00133673s
interval [5]:    0.00116242s
interval [6]:    0.00107093s
interval [7]:    0.000913965s
interval [8]:    0.0011943s
interval [9]:    0.00124934s
average rate: 746.42
min: 0.000913965s max: 0.00193757s std dev: 0.000293269s window: 10


interval [0]:    0.00175217s
interval [1]:    0.00157644s
interval [2]:    0.00160499s
interval [3]:    0.00131864s
interval [4]:    0.00108126s
interval [5]:    0.0011962s
interval [6]:    0.00105898s
interval [7]:    0.00100047s
interval [8]:    0.000943615s
interval [9]:    0.00120127s
average rate: 785.298
min: 0.000943615s max: 0.00175217s std dev: 0.000266525s window: 10


interval [0]:    0.00120043s
interval [1]:    0.00122384s
interval [2]:    0.00115727s
interval [3]:    0.00104821s
interval [4]:    0.00115291s
interval [5]:    0.00131744s
interval [6]:    0.0012505s
interval [7]:    0.00120123s
interval [8]:    0.00110977s
interval [9]:    0.00104102s
average rate: 854.509
min: 0.00104102s max: 0.00131744s std dev: 8.28055e-05s window: 10


interval [0]:    0.00121289s
interval [1]:    0.00146307s
interval [2]:    0.00116046s
interval [3]:    0.00132497s
interval [4]:    0.00133274s
interval [5]:    0.00111479s
interval [6]:    0.00109157s
interval [7]:    0.00103545s
interval [8]:    0.000933442s
interval [9]:    0.000856467s
average rate: 867.616
min: 0.000856467s max: 0.00146307s std dev: 0.000178004s window: 10


interval [0]:    0.00138853s
interval [1]:    0.00121848s
interval [2]:    0.00122648s
interval [3]:    0.00130296s
interval [4]:    0.0015273s
interval [5]:    0.00183846s
interval [6]:    0.0013544s
interval [7]:    0.00165326s
interval [8]:    0.00121775s
interval [9]:    0.00117513s
average rate: 719.282
min: 0.00117513s max: 0.00183846s std dev: 0.000207392s window: 10


interval [0]:    0.00105658s
interval [1]:    0.00109237s
interval [2]:    0.00104176s
interval [3]:    0.00125347s
interval [4]:    0.00147123s
interval [5]:    0.00166322s
interval [6]:    0.00184816s
interval [7]:    0.00148138s
interval [8]:    0.00133383s
interval [9]:    0.00124973s
average rate: 741.195
min: 0.00104176s max: 0.00184816s std dev: 0.000254035s window: 10


interval [0]:    0.00119586s
interval [1]:    0.00117459s
interval [2]:    0.00118661s
interval [3]:    0.00117247s
interval [4]:    0.00125933s
interval [5]:    0.00129873s
interval [6]:    0.00190804s
interval [7]:    0.00170784s
interval [8]:    0.00134661s
interval [9]:    0.00130978s
average rate: 737.47
min: 0.00117247s max: 0.00190804s std dev: 0.000237555s window: 10


interval [0]:    0.0012332s
interval [1]:    0.00103429s
interval [2]:    0.00104044s
interval [3]:    0.00128742s
interval [4]:    0.00136555s
interval [5]:    0.00129248s
interval [6]:    0.00176834s
interval [7]:    0.00150868s
interval [8]:    0.00134525s
interval [9]:    0.00111754s
average rate: 769.635
min: 0.00103429s max: 0.00176834s std dev: 0.000210991s window: 10


interval [0]:    0.00143522s
interval [1]:    0.00116765s
interval [2]:    0.00135394s
interval [3]:    0.00102077s
interval [4]:    0.00111571s
interval [5]:    0.00116972s
interval [6]:    0.00139305s
interval [7]:    0.00151497s
interval [8]:    0.00135696s
interval [9]:    0.00133592s
average rate: 777.369
min: 0.00102077s max: 0.00151497s std dev: 0.000150057s window: 10


interval [0]:    0.000922986s
interval [1]:    0.000940696s
interval [2]:    0.000908703s
interval [3]:    0.00095376s
interval [4]:    0.000877839s
interval [5]:    0.000851286s
interval [6]:    0.000905682s
interval [7]:    0.00111104s
interval [8]:    0.00101175s
interval [9]:    0.00135913s
average rate: 1015.96
min: 0.000851286s max: 0.00135913s std dev: 0.000143118s window: 10


interval [0]:    0.00140676s
interval [1]:    0.00132732s
interval [2]:    0.00116851s
interval [3]:    0.00104005s
interval [4]:    0.00107102s
interval [5]:    0.00116966s
interval [6]:    0.00124416s
interval [7]:    0.00113327s
interval [8]:    0.00110405s
interval [9]:    0.00112676s
average rate: 848.065
min: 0.00104005s max: 0.00140676s std dev: 0.000109416s window: 10


interval [0]:    0.00160766s
interval [1]:    0.0018967s
interval [2]:    0.00158128s
interval [3]:    0.00139205s
interval [4]:    0.00160138s
interval [5]:    0.00147712s
interval [6]:    0.001042s
interval [7]:    0.00133762s
interval [8]:    0.00119007s
interval [9]:    0.00136776s
average rate: 689.958
min: 0.001042s max: 0.0018967s std dev: 0.000228485s window: 10


interval [0]:    0.00125589s
interval [1]:    0.0010731s
interval [2]:    0.0012813s
interval [3]:    0.00129342s
interval [4]:    0.00125651s
interval [5]:    0.00122107s
interval [6]:    0.00118975s
interval [7]:    0.00117233s
interval [8]:    0.00110448s
interval [9]:    0.00121837s
average rate: 828.76
min: 0.0010731s max: 0.00129342s std dev: 6.93516e-05s window: 10


interval [0]:    0.00185647s
interval [1]:    0.0017663s
interval [2]:    0.00131584s
interval [3]:    0.00119514s
interval [4]:    0.001224s
interval [5]:    0.00110755s
interval [6]:    0.00103836s
interval [7]:    0.00108995s
interval [8]:    0.0011441s
interval [9]:    0.00124389s
average rate: 770.321
min: 0.00103836s max: 0.00185647s std dev: 0.000268543s window: 10


interval [0]:    0.00178285s
interval [1]:    0.00169518s
interval [2]:    0.00143932s
interval [3]:    0.00109178s
interval [4]:    0.000964274s
interval [5]:    0.000894665s
interval [6]:    0.00104665s
interval [7]:    0.000988292s
interval [8]:    0.00113655s
interval [9]:    0.00111457s
average rate: 822.766
min: 0.000894665s max: 0.00178285s std dev: 0.000296646s window: 10


interval [0]:    0.00145757s
interval [1]:    0.00126077s
interval [2]:    0.00138856s
interval [3]:    0.00121371s
interval [4]:    0.00127504s
interval [5]:    0.00114567s
interval [6]:    0.00106018s
interval [7]:    0.000978872s
interval [8]:    0.00109993s
interval [9]:    0.00101096s
average rate: 840.954
min: 0.000978872s max: 0.00145757s std dev: 0.000150791s window: 10


interval [0]:    0.00101605s
interval [1]:    0.00117279s
interval [2]:    0.00123587s
interval [3]:    0.00124814s
interval [4]:    0.00114365s
interval [5]:    0.0010131s
interval [6]:    0.0009647s
interval [7]:    0.00115927s
interval [8]:    0.00109756s
interval [9]:    0.00103026s
average rate: 902.415
min: 0.0009647s max: 0.00124814s std dev: 9.39348e-05s window: 10


interval [0]:    0.000885841s
interval [1]:    0.000992387s
interval [2]:    0.00100783s
interval [3]:    0.0011297s
interval [4]:    0.00147587s
interval [5]:    0.00175731s
interval [6]:    0.00169123s
interval [7]:    0.00134384s
interval [8]:    0.00143285s
interval [9]:    0.00128201s
average rate: 769.298
min: 0.000885841s max: 0.00175731s std dev: 0.000281698s window: 10


interval [0]:    0.0012406s
interval [1]:    0.000976926s
interval [2]:    0.00114228s
interval [3]:    0.00138106s
interval [4]:    0.00124133s
interval [5]:    0.00136422s
interval [6]:    0.00132325s
interval [7]:    0.00163625s
interval [8]:    0.00158226s
interval [9]:    0.00136504s
average rate: 754.534
min: 0.000976926s max: 0.00163625s std dev: 0.000183853s window: 10


interval [0]:    0.00102188s
interval [1]:    0.00111922s
interval [2]:    0.00129056s
interval [3]:    0.00124749s
interval [4]:    0.00132954s
interval [5]:    0.00108173s
interval [6]:    0.00118064s
interval [7]:    0.00139161s
interval [8]:    0.00157931s
interval [9]:    0.00136909s
average rate: 792.954
min: 0.00102188s max: 0.00157931s std dev: 0.000158648s window: 10


interval [0]:    0.00156053s
interval [1]:    0.0014178s
interval [2]:    0.00119935s
interval [3]:    0.00104248s
interval [4]:    0.00100856s
interval [5]:    0.00131511s
interval [6]:    0.00146836s
interval [7]:    0.00124694s
interval [8]:    0.00170812s
interval [9]:    0.00153165s
average rate: 740.802
min: 0.00100856s max: 0.00170812s std dev: 0.000216763s window: 10


interval [0]:    0.00113174s
interval [1]:    0.00128562s
interval [2]:    0.00156243s
interval [3]:    0.00142673s
interval [4]:    0.00158372s
interval [5]:    0.00130556s
interval [6]:    0.00163517s
interval [7]:    0.00147435s
interval [8]:    0.00148912s
interval [9]:    0.00141318s
average rate: 698.928
min: 0.00113174s max: 0.00163517s std dev: 0.000146393s window: 10


interval [0]:    0.00143615s
interval [1]:    0.0011728s
interval [2]:    0.000957138s
interval [3]:    0.000907038s
interval [4]:    0.00091816s
interval [5]:    0.000990997s
interval [6]:    0.00107465s
interval [7]:    0.000928894s
interval [8]:    0.00104348s
interval [9]:    0.00146154s
average rate: 918.203
min: 0.000907038s max: 0.00146154s std dev: 0.000195837s window: 10


interval [0]:    0.00123592s
interval [1]:    0.00110099s
interval [2]:    0.00106631s
interval [3]:    0.000962235s
interval [4]:    0.0010513s
interval [5]:    0.00107034s
interval [6]:    0.00110246s
interval [7]:    0.00120383s
interval [8]:    0.00107336s
interval [9]:    0.000995992s
average rate: 920.578
min: 0.000962235s max: 0.00123592s std dev: 7.89123e-05s window: 10


interval [0]:    0.00154458s
interval [1]:    0.00155944s
interval [2]:    0.00170345s
interval [3]:    0.00152195s
interval [4]:    0.00131067s
interval [5]:    0.00129314s
interval [6]:    0.00143835s
interval [7]:    0.001047s
interval [8]:    0.000962675s
interval [9]:    0.00107056s
average rate: 743.394
min: 0.000962675s max: 0.00170345s std dev: 0.000238431s window: 10


interval [0]:    0.00144043s
interval [1]:    0.00151256s
interval [2]:    0.00129021s
interval [3]:    0.00144306s
interval [4]:    0.00114542s
interval [5]:    0.00122991s
interval [6]:    0.00127503s
interval [7]:    0.00141794s
interval [8]:    0.00165791s
interval [9]:    0.00137082s
average rate: 725.516
min: 0.00114542s max: 0.00165791s std dev: 0.00014162s window: 10


interval [0]:    0.00115906s
interval [1]:    0.00147274s
interval [2]:    0.00221763s
interval [3]:    0.00141756s
interval [4]:    0.00146493s
interval [5]:    0.00112582s
interval [6]:    0.00121964s
interval [7]:    0.00101638s
interval [8]:    0.000950579s
interval [9]:    0.00113554s
average rate: 758.733
min: 0.000950579s max: 0.00221763s std dev: 0.000345819s window: 10


interval [0]:    0.00129185s
interval [1]:    0.0013731s
interval [2]:    0.00186284s
interval [3]:    0.00197988s
interval [4]:    0.0020032s
interval [5]:    0.001562s
interval [6]:    0.00138072s
interval [7]:    0.00146192s
interval [8]:    0.00166401s
interval [9]:    0.00134323s
average rate: 628.032
min: 0.00129185s max: 0.0020032s std dev: 0.00025699s window: 10


interval [0]:    0.000944005s
interval [1]:    0.0010824s
interval [2]:    0.00136608s
interval [3]:    0.00107163s
interval [4]:    0.00100637s
interval [5]:    0.00102762s
interval [6]:    0.00113929s
interval [7]:    0.00118226s
interval [8]:    0.00118304s
interval [9]:    0.00136705s
average rate: 879.528
min: 0.000944005s max: 0.00136705s std dev: 0.000135318s window: 10


interval [0]:    0.0011108s
interval [1]:    0.00101074s
interval [2]:    0.00114378s
interval [3]:    0.00128024s
interval [4]:    0.00170155s
interval [5]:    0.00124924s
interval [6]:    0.00101698s
interval [7]:    0.000983557s
interval [8]:    0.00105662s
interval [9]:    0.00100036s
average rate: 865.511
min: 0.000983557s max: 0.00170155s std dev: 0.000206931s window: 10


interval [0]:    0.00103196s
interval [1]:    0.00101327s
interval [2]:    0.000918591s
interval [3]:    0.000966914s
interval [4]:    0.000973115s
interval [5]:    0.000965399s
interval [6]:    0.00139907s
interval [7]:    0.00154647s
interval [8]:    0.00155199s
interval [9]:    0.00121316s
average rate: 863.562
min: 0.000918591s max: 0.00155199s std dev: 0.000238587s window: 10


interval [0]:    0.00105184s
interval [1]:    0.00103407s
interval [2]:    0.00117658s
interval [3]:    0.00104507s
interval [4]:    0.00102455s
interval [5]:    0.00136067s
interval [6]:    0.00143145s
interval [7]:    0.00171149s
interval [8]:    0.00191425s
interval [9]:    0.00164252s
average rate: 746.687
min: 0.00102455s max: 0.00191425s std dev: 0.000309499s window: 10


interval [0]:    0.00179641s
interval [1]:    0.00210247s
interval [2]:    0.00186836s
interval [3]:    0.00149021s
interval [4]:    0.00130961s
interval [5]:    0.00158867s
interval [6]:    0.00142894s
interval [7]:    0.00163732s
interval [8]:    0.00166904s
interval [9]:    0.00115825s
average rate: 623.081
min: 0.00115825s max: 0.00210247s std dev: 0.000262659s window: 10


interval [0]:    0.00159842s
interval [1]:    0.00137328s
interval [2]:    0.00110823s
interval [3]:    0.000935556s
interval [4]:    0.00116176s
interval [5]:    0.00133551s
interval [6]:    0.00132935s
interval [7]:    0.001414s
interval [8]:    0.00139568s
interval [9]:    0.00151734s
average rate: 759.352
min: 0.000935556s max: 0.00159842s std dev: 0.000187559s window: 10


interval [0]:    0.00152189s
interval [1]:    0.00125889s
interval [2]:    0.00139107s
interval [3]:    0.00115964s
interval [4]:    0.00106436s
interval [5]:    0.00142001s
interval [6]:    0.00152291s
interval [7]:    0.00149034s
interval [8]:    0.0016358s
interval [9]:    0.00144704s
average rate: 718.807
min: 0.00106436s max: 0.0016358s std dev: 0.000169112s window: 10


interval [0]:    0.00103584s
interval [1]:    0.000992762s
interval [2]:    0.000936254s
interval [3]:    0.000926548s
interval [4]:    0.00117186s
interval [5]:    0.000963647s
interval [6]:    0.000934897s
interval [7]:    0.00114701s
interval [8]:    0.00136498s
interval [9]:    0.00151704s
average rate: 909.849
min: 0.000926548s max: 0.00151704s std dev: 0.00019232s window: 10


interval [0]:    0.00145344s
interval [1]:    0.0011691s
interval [2]:    0.00107515s
interval [3]:    0.000945932s
interval [4]:    0.000910722s
interval [5]:    0.000857923s
interval [6]:    0.00110041s
interval [7]:    0.00111534s
interval [8]:    0.00129901s
interval [9]:    0.00112016s
average rate: 905.208
min: 0.000857923s max: 0.00145344s std dev: 0.000169853s window: 10


interval [0]:    0.001255s
interval [1]:    0.00109029s
interval [2]:    0.0012512s
interval [3]:    0.00131735s
interval [4]:    0.00106506s
interval [5]:    0.0012749s
interval [6]:    0.00116163s
interval [7]:    0.00132171s
interval [8]:    0.00129438s
interval [9]:    0.00131937s
average rate: 809.658
min: 0.00106506s max: 0.00132171s std dev: 9.07756e-05s window: 10


interval [0]:    0.00148941s
interval [1]:    0.00132759s
interval [2]:    0.0014232s
interval [3]:    0.00119869s
interval [4]:    0.00131956s
interval [5]:    0.001362s
interval [6]:    0.00125606s
interval [7]:    0.00129969s
interval [8]:    0.00122487s
interval [9]:    0.00157334s
average rate: 742.148
min: 0.00119869s max: 0.00157334s std dev: 0.00011229s window: 10


interval [0]:    0.00179388s
interval [1]:    0.00192885s
interval [2]:    0.00144538s
interval [3]:    0.00144505s
interval [4]:    0.00125279s
interval [5]:    0.00124192s
interval [6]:    0.0010541s
interval [7]:    0.000965351s
interval [8]:    0.00107493s
interval [9]:    0.00113533s
average rate: 749.761
min: 0.000965351s max: 0.00192885s std dev: 0.0003043s window: 10


interval [0]:    0.00168635s
interval [1]:    0.00216347s
interval [2]:    0.00203157s
interval [3]:    0.0017645s
interval [4]:    0.00128445s
interval [5]:    0.0011929s
interval [6]:    0.00105296s
interval [7]:    0.00125038s
interval [8]:    0.00143167s
interval [9]:    0.00130359s
average rate: 659.551
min: 0.00105296s max: 0.00216347s std dev: 0.000356511s window: 10


interval [0]:    0.00113907s
interval [1]:    0.0011493s
interval [2]:    0.0011143s
interval [3]:    0.00101473s
interval [4]:    0.0011257s
interval [5]:    0.0011218s
interval [6]:    0.0011972s
interval [7]:    0.00139303s
interval [8]:    0.00141336s
interval [9]:    0.00115467s
average rate: 845.797
min: 0.00101473s max: 0.00141336s std dev: 0.000118871s window: 10


interval [0]:    0.00123055s
interval [1]:    0.00152287s
interval [2]:    0.00124982s
interval [3]:    0.00109337s
interval [4]:    0.0011861s
interval [5]:    0.00112246s
interval [6]:    0.00111436s
interval [7]:    0.001021s
interval [8]:    0.00100602s
interval [9]:    0.000962913s
average rate: 868.85
min: 0.000962913s max: 0.00152287s std dev: 0.000153096s window: 10


interval [0]:    0.000825071s
interval [1]:    0.000857606s
interval [2]:    0.000981073s
interval [3]:    0.00106411s
interval [4]:    0.00143892s
interval [5]:    0.00154702s
interval [6]:    0.0014579s
interval [7]:    0.00103845s
interval [8]:    0.00113146s
interval [9]:    0.000958305s
average rate: 884.963
min: 0.000825071s max: 0.00154702s std dev: 0.000246661s window: 10


interval [0]:    0.000910739s
interval [1]:    0.00104193s
interval [2]:    0.00115909s
interval [3]:    0.00114826s
interval [4]:    0.00111126s
interval [5]:    0.00124709s
interval [6]:    0.00144167s
interval [7]:    0.00143839s
interval [8]:    0.001521s
interval [9]:    0.00162699s
average rate: 790.737
min: 0.000910739s max: 0.00162699s std dev: 0.000219526s window: 10


interval [0]:    0.00130988s
interval [1]:    0.00141634s
interval [2]:    0.00165976s
interval [3]:    0.00133748s
interval [4]:    0.00130976s
interval [5]:    0.00114826s
interval [6]:    0.00114653s
interval [7]:    0.00126188s
interval [8]:    0.0016671s
interval [9]:    0.00177002s
average rate: 712.91
min: 0.00114653s max: 0.00177002s std dev: 0.000210426s window: 10


interval [0]:    0.00155716s
interval [1]:    0.00144759s
interval [2]:    0.0012598s
interval [3]:    0.00109433s
interval [4]:    0.000955989s
interval [5]:    0.000901456s
interval [6]:    0.00148506s
interval [7]:    0.0015623s
interval [8]:    0.00154292s
interval [9]:    0.00148873s
average rate: 752.143
min: 0.000901456s max: 0.0015623s std dev: 0.000244534s window: 10


interval [0]:    0.00112048s
interval [1]:    0.000982942s
interval [2]:    0.00114672s
interval [3]:    0.00103614s
interval [4]:    0.00117753s
interval [5]:    0.00128963s
interval [6]:    0.00114712s
interval [7]:    0.00119822s
interval [8]:    0.00134296s
interval [9]:    0.0014388s
average rate: 841.713
min: 0.000982942s max: 0.0014388s std dev: 0.000130576s window: 10


interval [0]:    0.00145246s
interval [1]:    0.00157827s
interval [2]:    0.00140399s
interval [3]:    0.00102835s
interval [4]:    0.000979423s
interval [5]:    0.00103741s
interval [6]:    0.00101528s
interval [7]:    0.000888226s
interval [8]:    0.000936761s
interval [9]:    0.000966217s
average rate: 886.023
min: 0.000888226s max: 0.00157827s std dev: 0.00023608s window: 10


interval [0]:    0.00123559s
interval [1]:    0.00125995s
interval [2]:    0.00140697s
interval [3]:    0.001494s
interval [4]:    0.00119822s
interval [5]:    0.00103838s
interval [6]:    0.000893834s
interval [7]:    0.000854674s
interval [8]:    0.000978411s
interval [9]:    0.000986496s
average rate: 881.327
min: 0.000854674s max: 0.001494s std dev: 0.000206211s window: 10


interval [0]:    0.00123368s
interval [1]:    0.00140451s
interval [2]:    0.00130114s
interval [3]:    0.00129889s
interval [4]:    0.00105571s
interval [5]:    0.000908252s
interval [6]:    0.000962428s
interval [7]:    0.000957789s
interval [8]:    0.00111693s
interval [9]:    0.00142491s
average rate: 857.322
min: 0.000908252s max: 0.00142491s std dev: 0.00018172s window: 10


interval [0]:    0.00123357s
interval [1]:    0.00128071s
interval [2]:    0.0014552s
interval [3]:    0.00142502s
interval [4]:    0.00151868s
interval [5]:    0.00124551s
interval [6]:    0.0011365s
interval [7]:    0.00120619s
interval [8]:    0.000988531s
interval [9]:    0.00104838s
average rate: 797.557
min: 0.000988531s max: 0.00151868s std dev: 0.000164265s window: 10


interval [0]:    0.00105813s
interval [1]:    0.00114929s
interval [2]:    0.00118833s
interval [3]:    0.00123232s
interval [4]:    0.00143121s
interval [5]:    0.00156391s
interval [6]:    0.00181418s
interval [7]:    0.00146138s
interval [8]:    0.00156087s
interval [9]:    0.00113947s
average rate: 735.343
min: 0.00105813s max: 0.00181418s std dev: 0.000230972s window: 10


interval [0]:    0.0015544s
interval [1]:    0.00145293s
interval [2]:    0.00123607s
interval [3]:    0.00133061s
interval [4]:    0.001424s
interval [5]:    0.00139804s
interval [6]:    0.00150542s
interval [7]:    0.00129641s
interval [8]:    0.00124195s
interval [9]:    0.0012681s
average rate: 729.505
min: 0.00123607s max: 0.0015544s std dev: 0.000107051s window: 10


interval [0]:    0.00153217s
interval [1]:    0.00113005s
interval [2]:    0.00121599s
interval [3]:    0.0012881s
interval [4]:    0.00113324s
interval [5]:    0.00170305s
interval [6]:    0.00184057s
interval [7]:    0.00139522s
interval [8]:    0.00110051s
interval [9]:    0.00100012s
average rate: 749.68
min: 0.00100012s max: 0.00184057s std dev: 0.00026453s window: 10


interval [0]:    0.000966674s
interval [1]:    0.0010513s
interval [2]:    0.00105375s
interval [3]:    0.000965374s
interval [4]:    0.00100826s
interval [5]:    0.0011723s
interval [6]:    0.00119477s
interval [7]:    0.00138737s
interval [8]:    0.00167305s
interval [9]:    0.00158096s
average rate: 829.613
min: 0.000965374s max: 0.00167305s std dev: 0.000243778s window: 10


interval [0]:    0.00125754s
interval [1]:    0.00102078s
interval [2]:    0.000875678s
interval [3]:    0.000807311s
interval [4]:    0.000803733s
interval [5]:    0.00111639s
interval [6]:    0.00104067s
interval [7]:    0.00132229s
interval [8]:    0.00110734s
interval [9]:    0.00138639s
average rate: 931.261
min: 0.000803733s max: 0.00138639s std dev: 0.000195773s window: 10


interval [0]:    0.0012453s
interval [1]:    0.00101785s
interval [2]:    0.000895568s
interval [3]:    0.000869095s
interval [4]:    0.000985531s
interval [5]:    0.00117941s
interval [6]:    0.00126324s
interval [7]:    0.00146939s
interval [8]:    0.00128989s
interval [9]:    0.00127775s
average rate: 870.093
min: 0.000869095s max: 0.00146939s std dev: 0.000186767s window: 10


interval [0]:    0.00175171s
interval [1]:    0.0014548s
interval [2]:    0.00149687s
interval [3]:    0.00127829s
interval [4]:    0.00128957s
interval [5]:    0.00122093s
interval [6]:    0.00108027s
interval [7]:    0.000963224s
interval [8]:    0.00106536s
interval [9]:    0.00122464s
average rate: 779.687
min: 0.000963224s max: 0.00175171s std dev: 0.000222033s window: 10


interval [0]:    0.00168878s
interval [1]:    0.00133469s
interval [2]:    0.00131891s
interval [3]:    0.00148487s
interval [4]:    0.00126042s
interval [5]:    0.00113659s
interval [6]:    0.0011094s
interval [7]:    0.0012078s
interval [8]:    0.00106966s
interval [9]:    0.00132978s
average rate: 772.744
min: 0.00106966s max: 0.00168878s std dev: 0.000177083s window: 10


interval [0]:    0.0016073s
interval [1]:    0.00145698s
interval [2]:    0.00149941s
interval [3]:    0.00121542s
interval [4]:    0.00103255s
interval [5]:    0.00100559s
interval [6]:    0.000975465s
interval [7]:    0.0010124s
interval [8]:    0.00108892s
interval [9]:    0.0012325s
average rate: 824.638
min: 0.000975465s max: 0.0016073s std dev: 0.00022024s window: 10


interval [0]:    0.00189575s
interval [1]:    0.00179515s
interval [2]:    0.00195228s
interval [3]:    0.00122108s
interval [4]:    0.00118242s
interval [5]:    0.00107897s
interval [6]:    0.00155932s
interval [7]:    0.00123138s
interval [8]:    0.00123232s
interval [9]:    0.00140516s
average rate: 687.104
min: 0.00107897s max: 0.00195228s std dev: 0.000306696s window: 10


interval [0]:    0.00131276s
interval [1]:    0.00107485s
interval [2]:    0.00103769s
interval [3]:    0.00109631s
interval [4]:    0.000764168s
interval [5]:    0.00104325s
interval [6]:    0.00138986s
interval [7]:    0.00129843s
interval [8]:    0.001093s
interval [9]:    0.000984957s
average rate: 901.285
min: 0.000764168s max: 0.00138986s std dev: 0.000173656s window: 10


interval [0]:    0.0011134s
interval [1]:    0.00113966s
interval [2]:    0.00131853s
interval [3]:    0.00178957s
interval [4]:    0.00143789s
interval [5]:    0.00122412s
interval [6]:    0.000981768s
interval [7]:    0.000885138s
interval [8]:    0.000866029s
interval [9]:    0.000863396s
average rate: 860.623
min: 0.000863396s max: 0.00178957s std dev: 0.00028055s window: 10


interval [0]:    0.00101918s
interval [1]:    0.0010388s
interval [2]:    0.00109191s
interval [3]:    0.00147098s
interval [4]:    0.00126189s
interval [5]:    0.00242139s
interval [6]:    0.00188133s
interval [7]:    0.00142853s
interval [8]:    0.00116973s
interval [9]:    0.00122291s
average rate: 713.946
min: 0.00101918s max: 0.00242139s std dev: 0.000418884s window: 10


interval [0]:    0.00119474s
interval [1]:    0.00126258s
interval [2]:    0.00149071s
interval [3]:    0.00157744s
interval [4]:    0.00161934s
interval [5]:    0.00187942s
interval [6]:    0.00178827s
interval [7]:    0.00131527s
interval [8]:    0.00150463s
interval [9]:    0.00128619s
average rate: 670.304
min: 0.00119474s max: 0.00187942s std dev: 0.000218205s window: 10


interval [0]:    0.00113891s
interval [1]:    0.0010288s
interval [2]:    0.00120884s
interval [3]:    0.00132652s
interval [4]:    0.00146037s
interval [5]:    0.00143307s
interval [6]:    0.00169861s
interval [7]:    0.00134804s
interval [8]:    0.00128733s
interval [9]:    0.00159299s
average rate: 739.455
min: 0.0010288s max: 0.00169861s std dev: 0.000192804s window: 10


interval [0]:    0.00136003s
interval [1]:    0.00131929s
interval [2]:    0.00136274s
interval [3]:    0.00152526s
interval [4]:    0.00205857s
interval [5]:    0.00171693s
interval [6]:    0.00182037s
interval [7]:    0.00152247s
interval [8]:    0.00121458s
interval [9]:    0.00112563s
average rate: 665.519
min: 0.00112563s max: 0.00205857s std dev: 0.000274858s window: 10


interval [0]:    0.000978151s
interval [1]:    0.000912136s
interval [2]:    0.00131763s
interval [3]:    0.00147896s
interval [4]:    0.00144574s
interval [5]:    0.00162234s
interval [6]:    0.00139309s
interval [7]:    0.0011966s
interval [8]:    0.00103648s
interval [9]:    0.00109532s
average rate: 801.51
min: 0.000912136s max: 0.00162234s std dev: 0.000226888s window: 10


interval [0]:    0.00107128s
interval [1]:    0.00111113s
interval [2]:    0.00107599s
interval [3]:    0.00118404s
interval [4]:    0.00116258s
interval [5]:    0.00149637s
interval [6]:    0.00159121s
interval [7]:    0.00111501s
interval [8]:    0.00117835s
interval [9]:    0.00119092s
average rate: 821.229
min: 0.00107128s max: 0.00159121s std dev: 0.000169418s window: 10


interval [0]:    0.00103836s
interval [1]:    0.00112155s
interval [2]:    0.000867217s
interval [3]:    0.000906888s
interval [4]:    0.000987066s
interval [5]:    0.000986222s
interval [6]:    0.00108879s
interval [7]:    0.0013444s
interval [8]:    0.00164545s
interval [9]:    0.00175454s
average rate: 851.754
min: 0.000867217s max: 0.00175454s std dev: 0.000291962s window: 10


interval [0]:    0.00164928s
interval [1]:    0.00136426s
interval [2]:    0.00138421s
interval [3]:    0.00129021s
interval [4]:    0.001207s
interval [5]:    0.00122373s
interval [6]:    0.00155548s
interval [7]:    0.00142698s
interval [8]:    0.00216338s
interval [9]:    0.00190801s
average rate: 659.085
min: 0.001207s max: 0.00216338s std dev: 0.000295344s window: 10


interval [0]:    0.00135024s
interval [1]:    0.00129694s
interval [2]:    0.0010911s
interval [3]:    0.000966917s
interval [4]:    0.00118554s
interval [5]:    0.00124026s
interval [6]:    0.00214623s
interval [7]:    0.00184732s
interval [8]:    0.00172274s
interval [9]:    0.00167069s
average rate: 688.801
min: 0.000966917s max: 0.00214623s std dev: 0.000357093s window: 10


interval [0]:    0.00149235s
interval [1]:    0.00137995s
interval [2]:    0.00150661s
interval [3]:    0.00149632s
interval [4]:    0.00141258s
interval [5]:    0.00148138s
interval [6]:    0.00144148s
interval [7]:    0.00138906s
interval [8]:    0.00136908s
interval [9]:    0.00138646s
average rate: 696.608
min: 0.00136908s max: 0.00150661s std dev: 5.16845e-05s window: 10


interval [0]:    0.00158263s
interval [1]:    0.00111829s
interval [2]:    0.00139247s
interval [3]:    0.00143588s
interval [4]:    0.00133176s
interval [5]:    0.0014836s
interval [6]:    0.00139663s
interval [7]:    0.000975054s
interval [8]:    0.00120159s
interval [9]:    0.000981984s
average rate: 775.201
min: 0.000975054s max: 0.00158263s std dev: 0.000199844s window: 10


interval [0]:    0.00128124s
interval [1]:    0.00113181s
interval [2]:    0.00107066s
interval [3]:    0.00110455s
interval [4]:    0.0012178s
interval [5]:    0.00116879s
interval [6]:    0.00121081s
interval [7]:    0.0013944s
interval [8]:    0.00148398s
interval [9]:    0.00157224s
average rate: 791.372
min: 0.00107066s max: 0.00157224s std dev: 0.00015969s window: 10


interval [0]:    0.000969063s
interval [1]:    0.00105904s
interval [2]:    0.00102208s
interval [3]:    0.000891641s
interval [4]:    0.000980058s
interval [5]:    0.000932701s
interval [6]:    0.00104546s
interval [7]:    0.00130939s
interval [8]:    0.00145455s
interval [9]:    0.00192814s
average rate: 862.655
min: 0.000891641s max: 0.00192814s std dev: 0.000305607s window: 10


interval [0]:    0.00120681s
interval [1]:    0.00116482s
interval [2]:    0.00107732s
interval [3]:    0.00110777s
interval [4]:    0.00111728s
interval [5]:    0.00118961s
interval [6]:    0.00134348s
interval [7]:    0.0011885s
interval [8]:    0.00127242s
interval [9]:    0.00144168s
average rate: 825.785
min: 0.00107732s max: 0.00144168s std dev: 0.000107221s window: 10


interval [0]:    0.00130513s
interval [1]:    0.00139945s
interval [2]:    0.00151909s
interval [3]:    0.00157131s
interval [4]:    0.00176837s
interval [5]:    0.00213429s
interval [6]:    0.00133854s
interval [7]:    0.00149195s
interval [8]:    0.00150102s
interval [9]:    0.00142175s
average rate: 647.211
min: 0.00130513s max: 0.00213429s std dev: 0.000232337s window: 10


interval [0]:    0.00119006s
interval [1]:    0.00113282s
interval [2]:    0.00131332s
interval [3]:    0.00139896s
interval [4]:    0.00142857s
interval [5]:    0.00116659s
interval [6]:    0.00115481s
interval [7]:    0.0011413s
interval [8]:    0.00127446s
interval [9]:    0.0013738s
average rate: 795.248
min: 0.00113282s max: 0.00142857s std dev: 0.000108909s window: 10


interval [0]:    0.00177354s
interval [1]:    0.00164302s
interval [2]:    0.0013505s
interval [3]:    0.0011386s
interval [4]:    0.00144017s
interval [5]:    0.00114546s
interval [6]:    0.00105117s
interval [7]:    0.001105s
interval [8]:    0.00116077s
interval [9]:    0.0014996s
average rate: 751.438
min: 0.00105117s max: 0.00177354s std dev: 0.000237429s window: 10


interval [0]:    0.00158451s
interval [1]:    0.00141585s
interval [2]:    0.00157528s
interval [3]:    0.0010437s
interval [4]:    0.00106155s
interval [5]:    0.00114637s
interval [6]:    0.00127168s
interval [7]:    0.0012486s
interval [8]:    0.00154135s
interval [9]:    0.00117682s
average rate: 765.362
min: 0.0010437s max: 0.00158451s std dev: 0.000198174s window: 10


interval [0]:    0.00130646s
interval [1]:    0.000935887s
interval [2]:    0.000997411s
interval [3]:    0.000940695s
interval [4]:    0.00102767s
interval [5]:    0.00107901s
interval [6]:    0.00100715s
interval [7]:    0.000991663s
interval [8]:    0.00103109s
interval [9]:    0.00122443s
average rate: 948.634
min: 0.000935887s max: 0.00130646s std dev: 0.000114322s window: 10


interval [0]:    0.00114334s
interval [1]:    0.00112714s
interval [2]:    0.00161546s
interval [3]:    0.00145529s
interval [4]:    0.00143749s
interval [5]:    0.00115375s
interval [6]:    0.00136065s
interval [7]:    0.000983667s
interval [8]:    0.00105409s
interval [9]:    0.000939645s
average rate: 814.96
min: 0.000939645s max: 0.00161546s std dev: 0.000214292s window: 10


interval [0]:    0.00114107s
interval [1]:    0.00125612s
interval [2]:    0.00140091s
interval [3]:    0.00150846s
interval [4]:    0.00146779s
interval [5]:    0.00127641s
interval [6]:    0.00110689s
interval [7]:    0.00113183s
interval [8]:    0.00135429s
interval [9]:    0.00117411s
average rate: 780.159
min: 0.00110689s max: 0.00150846s std dev: 0.000138053s window: 10


interval [0]:    0.00128353s
interval [1]:    0.00133443s
interval [2]:    0.00151654s
interval [3]:    0.00144179s
interval [4]:    0.00193857s
interval [5]:    0.00203754s
interval [6]:    0.00119797s
interval [7]:    0.0010117s
interval [8]:    0.00106693s
interval [9]:    0.00124536s
average rate: 710.512
min: 0.0010117s max: 0.00203754s std dev: 0.0003249s window: 10


interval [0]:    0.00125187s
interval [1]:    0.00189045s
interval [2]:    0.00165643s
interval [3]:    0.00148922s
interval [4]:    0.00117823s
interval [5]:    0.00121363s
interval [6]:    0.00130829s
interval [7]:    0.00125158s
interval [8]:    0.00169381s
interval [9]:    0.00133167s
average rate: 701.009
min: 0.00117823s max: 0.00189045s std dev: 0.000231196s window: 10


interval [0]:    0.00118898s
interval [1]:    0.00106228s
interval [2]:    0.00154297s
interval [3]:    0.00215185s
interval [4]:    0.001964s
interval [5]:    0.00179955s
interval [6]:    0.00160721s
interval [7]:    0.00127647s
interval [8]:    0.00116854s
interval [9]:    0.00101616s
average rate: 676.681
min: 0.00101616s max: 0.00215185s std dev: 0.000376909s window: 10


interval [0]:    0.00102757s
interval [1]:    0.00101184s
interval [2]:    0.00106951s
interval [3]:    0.00128041s
interval [4]:    0.00132746s
interval [5]:    0.00147175s
interval [6]:    0.00154466s
interval [7]:    0.00141939s
interval [8]:    0.00121063s
interval [9]:    0.00100653s
average rate: 808.424
min: 0.00100653s max: 0.00154466s std dev: 0.00019223s window: 10


interval [0]:    0.00105748s
interval [1]:    0.00120287s
interval [2]:    0.00152234s
interval [3]:    0.00117847s
interval [4]:    0.00154572s
interval [5]:    0.0014352s
interval [6]:    0.00151992s
interval [7]:    0.00146303s
interval [8]:    0.00136836s
interval [9]:    0.00133752s
average rate: 733.627
min: 0.00105748s max: 0.00154572s std dev: 0.00015885s window: 10


interval [0]:    0.00105128s
interval [1]:    0.000899321s
interval [2]:    0.000995494s
interval [3]:    0.000936761s
interval [4]:    0.000964358s
interval [5]:    0.000942631s
interval [6]:    0.00112229s
interval [7]:    0.00120021s
interval [8]:    0.00131197s
interval [9]:    0.00190273s
average rate: 882.842
min: 0.000899321s max: 0.00190273s std dev: 0.000285049s window: 10


interval [0]:    0.00119361s
interval [1]:    0.00185438s
interval [2]:    0.00079226s
interval [3]:    0.00118006s
interval [4]:    0.00127987s
interval [5]:    0.00110659s
interval [6]:    0.00104792s
interval [7]:    0.00140551s
interval [8]:    0.00148955s
interval [9]:    0.00183009s
average rate: 758.735
min: 0.00079226s max: 0.00185438s std dev: 0.000318907s window: 10


interval [0]:    0.00121904s
interval [1]:    0.00140139s
interval [2]:    0.00141929s
interval [3]:    0.00118953s
interval [4]:    0.00139898s
interval [5]:    0.00112196s
interval [6]:    0.00103487s
interval [7]:    0.00125954s
interval [8]:    0.00149068s
interval [9]:    0.00163109s
average rate: 759.512
min: 0.00103487s max: 0.00163109s std dev: 0.000173178s window: 10


interval [0]:    0.0012888s
interval [1]:    0.00111604s
interval [2]:    0.00113591s
interval [3]:    0.00121534s
interval [4]:    0.00130522s
interval [5]:    0.00121828s
interval [6]:    0.00121482s
interval [7]:    0.00113363s
interval [8]:    0.00148343s
interval [9]:    0.00158736s
average rate: 787.474
min: 0.00111604s max: 0.00158736s std dev: 0.000147258s window: 10


interval [0]:    0.00188188s
interval [1]:    0.00169481s
interval [2]:    0.00108729s
interval [3]:    0.0013489s
interval [4]:    0.00118837s
interval [5]:    0.00118921s
interval [6]:    0.00127204s
interval [7]:    0.0013743s
interval [8]:    0.00118488s
interval [9]:    0.00147415s
average rate: 730.15
min: 0.00108729s max: 0.00188188s std dev: 0.00023839s window: 10


interval [0]:    0.00109603s
interval [1]:    0.00104181s
interval [2]:    0.00101054s
interval [3]:    0.000971623s
interval [4]:    0.000995636s
interval [5]:    0.00107702s
interval [6]:    0.00102546s
interval [7]:    0.00113461s
interval [8]:    0.00125083s
interval [9]:    0.00141629s
average rate: 907.453
min: 0.000971623s max: 0.00141629s std dev: 0.000129927s window: 10


interval [0]:    0.00152891s
interval [1]:    0.00135809s
interval [2]:    0.00104322s
interval [3]:    0.00122151s
interval [4]:    0.00124048s
interval [5]:    0.000942123s
interval [6]:    0.00118103s
interval [7]:    0.000988568s
interval [8]:    0.000981675s
interval [9]:    0.0010691s
average rate: 865.448
min: 0.000942123s max: 0.00152891s std dev: 0.000177874s window: 10


interval [0]:    0.00147005s
interval [1]:    0.00144849s
interval [2]:    0.00120615s
interval [3]:    0.00111632s
interval [4]:    0.00108936s
interval [5]:    0.00153406s
interval [6]:    0.00162765s
interval [7]:    0.00174881s
interval [8]:    0.00119554s
interval [9]:    0.00114531s
average rate: 736.283
min: 0.00108936s max: 0.00174881s std dev: 0.000224155s window: 10


interval [0]:    0.00161337s
interval [1]:    0.00195792s
interval [2]:    0.00180431s
interval [3]:    0.00149209s
interval [4]:    0.00154095s
interval [5]:    0.00150919s
interval [6]:    0.00131949s
interval [7]:    0.00113035s
interval [8]:    0.00105641s
interval [9]:    0.00101574s
average rate: 692.53
min: 0.00101574s max: 0.00195792s std dev: 0.000297674s window: 10


interval [0]:    0.00163008s
interval [1]:    0.00157418s
interval [2]:    0.00144925s
interval [3]:    0.00148087s
interval [4]:    0.00146562s
interval [5]:    0.0012927s
interval [6]:    0.00116377s
interval [7]:    0.00133904s
interval [8]:    0.00146928s
interval [9]:    0.00135501s
average rate: 703.244
min: 0.00116377s max: 0.00163008s std dev: 0.00013022s window: 10


interval [0]:    0.00186502s
interval [1]:    0.00150601s
interval [2]:    0.00155708s
interval [3]:    0.00144374s
interval [4]:    0.00120159s
interval [5]:    0.0010186s
interval [6]:    0.001174s
interval [7]:    0.00101862s
interval [8]:    0.00105543s
interval [9]:    0.00145972s
average rate: 751.89
min: 0.0010186s max: 0.00186502s std dev: 0.000266214s window: 10


interval [0]:    0.00166884s
interval [1]:    0.00170162s
interval [2]:    0.00218061s
interval [3]:    0.00154951s
interval [4]:    0.00144044s
interval [5]:    0.00130456s
interval [6]:    0.00116406s
interval [7]:    0.00132556s
interval [8]:    0.00116444s
interval [9]:    0.00105261s
average rate: 687.179
min: 0.00105261s max: 0.00218061s std dev: 0.000318211s window: 10


interval [0]:    0.00159202s
interval [1]:    0.00119645s
interval [2]:    0.00105787s
interval [3]:    0.000962847s
interval [4]:    0.00139276s
interval [5]:    0.00126306s
interval [6]:    0.00105679s
interval [7]:    0.00113064s
interval [8]:    0.00100672s
interval [9]:    0.00103932s
average rate: 854.812
min: 0.000962847s max: 0.00159202s std dev: 0.000187263s window: 10


interval [0]:    0.00115055s
interval [1]:    0.0013507s
interval [2]:    0.00154938s
interval [3]:    0.00126558s
interval [4]:    0.00119621s
interval [5]:    0.00123299s
interval [6]:    0.00114602s
interval [7]:    0.00117065s
interval [8]:    0.00115579s
interval [9]:    0.00112963s
average rate: 809.88
min: 0.00112963s max: 0.00154938s std dev: 0.000122977s window: 10


interval [0]:    0.00107965s
interval [1]:    0.00107824s
interval [2]:    0.0012098s
interval [3]:    0.0016938s
interval [4]:    0.00211538s
interval [5]:    0.00147516s
interval [6]:    0.00121311s
interval [7]:    0.00109137s
interval [8]:    0.0011645s
interval [9]:    0.00105679s
average rate: 758.851
min: 0.00105679s max: 0.00211538s std dev: 0.000328923s window: 10


interval [0]:    0.0010726s
interval [1]:    0.00110847s
interval [2]:    0.00132085s
interval [3]:    0.00195725s
interval [4]:    0.00132591s
interval [5]:    0.00170881s
interval [6]:    0.00151153s
interval [7]:    0.00152548s
interval [8]:    0.00181304s
interval [9]:    0.00179386s
average rate: 660.597
min: 0.0010726s max: 0.00195725s std dev: 0.00028884s window: 10


interval [0]:    0.00128005s
interval [1]:    0.00132613s
interval [2]:    0.00134035s
interval [3]:    0.00188s
interval [4]:    0.00125035s
interval [5]:    0.00140727s
interval [6]:    0.00129638s
interval [7]:    0.00166484s
interval [8]:    0.00187894s
interval [9]:    0.00167702s
average rate: 666.608
min: 0.00125035s max: 0.00188s std dev: 0.000237274s window: 10


interval [0]:    0.00135847s
interval [1]:    0.00187735s
interval [2]:    0.00172641s
interval [3]:    0.00135939s
interval [4]:    0.0012359s
interval [5]:    0.00136826s
interval [6]:    0.001504s
interval [7]:    0.00163698s
interval [8]:    0.00137297s
interval [9]:    0.00122784s
average rate: 681.776
min: 0.00122784s max: 0.00187735s std dev: 0.000204572s window: 10


interval [0]:    0.000957221s
interval [1]:    0.00119645s
interval [2]:    0.00145312s
interval [3]:    0.00125221s
interval [4]:    0.00147066s
interval [5]:    0.00130724s
interval [6]:    0.00135403s
interval [7]:    0.00110354s
interval [8]:    0.000946388s
interval [9]:    0.000874531s
average rate: 839.251
min: 0.000874531s max: 0.00147066s std dev: 0.000203241s window: 10


interval [0]:    0.000997521s
interval [1]:    0.000995284s
interval [2]:    0.00101562s
interval [3]:    0.001083s
interval [4]:    0.00134101s
interval [5]:    0.00140095s
interval [6]:    0.00153449s
interval [7]:    0.00135954s
interval [8]:    0.00128556s
interval [9]:    0.00149708s
average rate: 799.357
min: 0.000995284s max: 0.00153449s std dev: 0.000199438s window: 10


interval [0]:    0.00117199s
interval [1]:    0.00100809s
interval [2]:    0.00101614s
interval [3]:    0.00116063s
interval [4]:    0.00120685s
interval [5]:    0.00100571s
interval [6]:    0.00150357s
interval [7]:    0.00133391s
interval [8]:    0.00130977s
interval [9]:    0.00135911s
average rate: 828.105
min: 0.00100571s max: 0.00150357s std dev: 0.000160512s window: 10


interval [0]:    0.00151891s
interval [1]:    0.00152361s
interval [2]:    0.00125192s
interval [3]:    0.0010462s
interval [4]:    0.000972344s
interval [5]:    0.00122747s
interval [6]:    0.00154829s
interval [7]:    0.00148946s
interval [8]:    0.00168201s
interval [9]:    0.00154655s
average rate: 724.282
min: 0.000972344s max: 0.00168201s std dev: 0.000227254s window: 10


interval [0]:    0.00131033s
interval [1]:    0.00142372s
interval [2]:    0.00138845s
interval [3]:    0.0015282s
interval [4]:    0.00113294s
interval [5]:    0.00167505s
interval [6]:    0.00201882s
interval [7]:    0.0015971s
interval [8]:    0.00152305s
interval [9]:    0.00155314s
average rate: 660.031
min: 0.00113294s max: 0.00201882s std dev: 0.000223627s window: 10


interval [0]:    0.00105398s
interval [1]:    0.000991695s
interval [2]:    0.00119318s
interval [3]:    0.00125417s
interval [4]:    0.00115162s
interval [5]:    0.00143144s
interval [6]:    0.00172576s
interval [7]:    0.00164875s
interval [8]:    0.00158618s
interval [9]:    0.00175658s
average rate: 724.987
min: 0.000991695s max: 0.00175658s std dev: 0.00027179s window: 10


interval [0]:    0.00131703s
interval [1]:    0.00142878s
interval [2]:    0.00140422s
interval [3]:    0.00147917s
interval [4]:    0.00159934s
interval [5]:    0.00128372s
interval [6]:    0.00152731s
interval [7]:    0.00132153s
interval [8]:    0.00129814s
interval [9]:    0.00126297s
average rate: 718.277
min: 0.00126297s max: 0.00159934s std dev: 0.000108704s window: 10


interval [0]:    0.0012193s
interval [1]:    0.0011554s
interval [2]:    0.000934025s
interval [3]:    0.000924197s
interval [4]:    0.000984449s
interval [5]:    0.00109989s
interval [6]:    0.00129454s
interval [7]:    0.00117754s
interval [8]:    0.00167985s
interval [9]:    0.00163975s
average rate: 825.836
min: 0.000924197s max: 0.00167985s std dev: 0.000252497s window: 10


interval [0]:    0.00120508s
interval [1]:    0.00108335s
interval [2]:    0.00110518s
interval [3]:    0.00102358s
interval [4]:    0.00087663s
interval [5]:    0.000867828s
interval [6]:    0.00103783s
interval [7]:    0.00108268s
interval [8]:    0.00124074s
interval [9]:    0.00151122s
average rate: 906.28
min: 0.000867828s max: 0.00151122s std dev: 0.000177184s window: 10


interval [0]:    0.00127303s
interval [1]:    0.00106381s
interval [2]:    0.000995306s
interval [3]:    0.00096432s
interval [4]:    0.00106431s
interval [5]:    0.00111156s
interval [6]:    0.00113522s
interval [7]:    0.00110146s
interval [8]:    0.00117904s
interval [9]:    0.00164143s
average rate: 867.341
min: 0.00096432s max: 0.00164143s std dev: 0.000182929s window: 10


interval [0]:    0.00172769s
interval [1]:    0.00150901s
interval [2]:    0.00139242s
interval [3]:    0.00109666s
interval [4]:    0.00115993s
interval [5]:    0.0012356s
interval [6]:    0.00123029s
interval [7]:    0.00136157s
interval [8]:    0.00130379s
interval [9]:    0.00113205s
average rate: 760.513
min: 0.00109666s max: 0.00172769s std dev: 0.000183005s window: 10


interval [0]:    0.00165153s
interval [1]:    0.00147098s
interval [2]:    0.00156385s
interval [3]:    0.0015773s
interval [4]:    0.00155111s
interval [5]:    0.00138355s
interval [6]:    0.00117344s
interval [7]:    0.00122811s
interval [8]:    0.00141209s
interval [9]:    0.00150728s
average rate: 688.742
min: 0.00117344s max: 0.00165153s std dev: 0.000146719s window: 10


interval [0]:    0.00110291s
interval [1]:    0.00134881s
interval [2]:    0.00133075s
interval [3]:    0.00136381s
interval [4]:    0.00125281s
interval [5]:    0.00117095s
interval [6]:    0.001273s
interval [7]:    0.000959876s
interval [8]:    0.00132662s
interval [9]:    0.00164922s
average rate: 782.548
min: 0.000959876s max: 0.00164922s std dev: 0.000173004s window: 10


interval [0]:    0.00163247s
interval [1]:    0.00133538s
interval [2]:    0.00121623s
interval [3]:    0.00106463s
interval [4]:    0.000990891s
interval [5]:    0.000912715s
interval [6]:    0.000902675s
interval [7]:    0.00107703s
interval [8]:    0.00119613s
interval [9]:    0.0012901s
average rate: 860.716
min: 0.000902675s max: 0.00163247s std dev: 0.000211491s window: 10


interval [0]:    0.00185246s
interval [1]:    0.0014417s
interval [2]:    0.00137021s
interval [3]:    0.001035s
interval [4]:    0.000978359s
interval [5]:    0.00144059s
interval [6]:    0.00126512s
interval [7]:    0.0011487s
interval [8]:    0.00106763s
interval [9]:    0.00101318s
average rate: 792.836
min: 0.000978359s max: 0.00185246s std dev: 0.00025866s window: 10


interval [0]:    0.00153038s
interval [1]:    0.00188357s
interval [2]:    0.00188857s
interval [3]:    0.00161662s
interval [4]:    0.00120127s
interval [5]:    0.00119652s
interval [6]:    0.00112778s
interval [7]:    0.00107791s
interval [8]:    0.00105405s
interval [9]:    0.00105674s
average rate: 733.492
min: 0.00105405s max: 0.00188857s std dev: 0.000319263s window: 10


interval [0]:    0.00149904s
interval [1]:    0.00133268s
interval [2]:    0.00142284s
interval [3]:    0.00138032s
interval [4]:    0.00139376s
interval [5]:    0.00136801s
interval [6]:    0.00142736s
interval [7]:    0.001124s
interval [8]:    0.0010641s
interval [9]:    0.00105828s
average rate: 765.088
min: 0.00105828s max: 0.00149904s std dev: 0.000153762s window: 10


interval [0]:    0.00135721s
interval [1]:    0.00201837s
interval [2]:    0.00155561s
interval [3]:    0.00140798s
interval [4]:    0.00156735s
interval [5]:    0.00123735s
interval [6]:    0.00130033s
interval [7]:    0.000994353s
interval [8]:    0.00107592s
interval [9]:    0.00125502s
average rate: 726.243
min: 0.000994353s max: 0.00201837s std dev: 0.000275348s window: 10


interval [0]:    0.00163257s
interval [1]:    0.00152005s
interval [2]:    0.00213266s
interval [3]:    0.00159544s
interval [4]:    0.00142212s
interval [5]:    0.00128458s
interval [6]:    0.00122773s
interval [7]:    0.00124834s
interval [8]:    0.00115999s
interval [9]:    0.00132863s
average rate: 687.185
min: 0.00115999s max: 0.00213266s std dev: 0.000272433s window: 10


interval [0]:    0.00122171s
interval [1]:    0.00155664s
interval [2]:    0.00140047s
interval [3]:    0.00139603s
interval [4]:    0.00160349s
interval [5]:    0.00177505s
interval [6]:    0.00184941s
interval [7]:    0.00176118s
interval [8]:    0.00153279s
interval [9]:    0.0010223s
average rate: 661.416
min: 0.0010223s max: 0.00184941s std dev: 0.000246148s window: 10


interval [0]:    0.00139428s
interval [1]:    0.00179666s
interval [2]:    0.00155628s
interval [3]:    0.00119746s
interval [4]:    0.00106755s
interval [5]:    0.000997836s
interval [6]:    0.000972175s
interval [7]:    0.000995484s
interval [8]:    0.00102852s
interval [9]:    0.000976618s
average rate: 834.525
min: 0.000972175s max: 0.00179666s std dev: 0.000274247s window: 10


interval [0]:    0.00123279s
interval [1]:    0.00134429s
interval [2]:    0.00137321s
interval [3]:    0.00173632s
interval [4]:    0.00140354s
interval [5]:    0.00146034s
interval [6]:    0.00129456s
interval [7]:    0.00102445s
interval [8]:    0.00102493s
interval [9]:    0.00102964s
average rate: 773.749
min: 0.00102445s max: 0.00173632s std dev: 0.000215123s window: 10


interval [0]:    0.00101653s
interval [1]:    0.000946516s
interval [2]:    0.00102497s
interval [3]:    0.00139092s
interval [4]:    0.00132268s
interval [5]:    0.00142198s
interval [6]:    0.00145979s
interval [7]:    0.0015396s
interval [8]:    0.00163654s
interval [9]:    0.00135534s
average rate: 762.494
min: 0.000946516s max: 0.00163654s std dev: 0.000224176s window: 10


interval [0]:    0.0010941s
interval [1]:    0.00128021s
interval [2]:    0.00123986s
interval [3]:    0.00125325s
interval [4]:    0.00141283s
interval [5]:    0.00159384s
interval [6]:    0.00189314s
interval [7]:    0.00185225s
interval [8]:    0.00151229s
interval [9]:    0.0015334s
average rate: 681.887
min: 0.0010941s max: 0.00189314s std dev: 0.000250343s window: 10


interval [0]:    0.00143211s
interval [1]:    0.00129327s
interval [2]:    0.00138235s
interval [3]:    0.00160502s
interval [4]:    0.00180174s
interval [5]:    0.00130384s
interval [6]:    0.00150256s
interval [7]:    0.001558s
interval [8]:    0.00119792s
interval [9]:    0.00115659s
average rate: 702.573
min: 0.00115659s max: 0.00180174s std dev: 0.000188554s window: 10


interval [0]:    0.00104093s
interval [1]:    0.00119093s
interval [2]:    0.00153231s
interval [3]:    0.00124654s
interval [4]:    0.00176496s
interval [5]:    0.00185413s
interval [6]:    0.00152504s
interval [7]:    0.00149587s
interval [8]:    0.00150992s
interval [9]:    0.00137516s
average rate: 687.957
min: 0.00104093s max: 0.00185413s std dev: 0.000237054s window: 10


interval [0]:    0.00115906s
interval [1]:    0.00128949s
interval [2]:    0.00137285s
interval [3]:    0.00158782s
interval [4]:    0.00173138s
interval [5]:    0.00157137s
interval [6]:    0.00143743s
interval [7]:    0.00148408s
interval [8]:    0.00119168s
interval [9]:    0.0011363s
average rate: 716.257
min: 0.0011363s max: 0.00173138s std dev: 0.000191496s window: 10


interval [0]:    0.00115615s
interval [1]:    0.00114852s
interval [2]:    0.00106526s
interval [3]:    0.00114819s
interval [4]:    0.00122843s
interval [5]:    0.00139351s
interval [6]:    0.00141947s
interval [7]:    0.00117551s
interval [8]:    0.00129595s
interval [9]:    0.00129025s
average rate: 811.607
min: 0.00106526s max: 0.00141947s std dev: 0.0001093s window: 10


interval [0]:    0.00135193s
interval [1]:    0.00103641s
interval [2]:    0.00105114s
interval [3]:    0.00100743s
interval [4]:    0.0013057s
interval [5]:    0.00128018s
interval [6]:    0.00140645s
interval [7]:    0.00125281s
interval [8]:    0.0012299s
interval [9]:    0.00120961s
average rate: 824.296
min: 0.00100743s max: 0.00140645s std dev: 0.000130901s window: 10


interval [0]:    0.000944318s
interval [1]:    0.000962632s
interval [2]:    0.000974406s
interval [3]:    0.000965388s
interval [4]:    0.00103912s
interval [5]:    0.00123154s
interval [6]:    0.00117777s
interval [7]:    0.00160434s
interval [8]:    0.0020843s
interval [9]:    0.00170475s
average rate: 788.112
min: 0.000944318s max: 0.0020843s std dev: 0.000375214s window: 10


interval [0]:    0.00119084s
interval [1]:    0.00110118s
interval [2]:    0.00105749s
interval [3]:    0.00118817s
interval [4]:    0.00127981s
interval [5]:    0.00117883s
interval [6]:    0.00114364s
interval [7]:    0.00137726s
interval [8]:    0.00140405s
interval [9]:    0.00168703s
average rate: 793.127
min: 0.00105749s max: 0.00168703s std dev: 0.000177072s window: 10


interval [0]:    0.00178487s
interval [1]:    0.00119208s
interval [2]:    0.00135173s
interval [3]:    0.00130404s
interval [4]:    0.00149718s
interval [5]:    0.00136866s
interval [6]:    0.00117289s
interval [7]:    0.00132654s
interval [8]:    0.0013045s
interval [9]:    0.0020133s
average rate: 698.529
min: 0.00117289s max: 0.0020133s std dev: 0.000254083s window: 10


interval [0]:    0.00158101s
interval [1]:    0.00141847s
interval [2]:    0.00153062s
interval [3]:    0.00126249s
interval [4]:    0.00133968s
interval [5]:    0.00133562s
interval [6]:    0.00157178s
interval [7]:    0.00170859s
interval [8]:    0.00148794s
interval [9]:    0.00127549s
average rate: 689.099
min: 0.00126249s max: 0.00170859s std dev: 0.000140943s window: 10


interval [0]:    0.00105385s
interval [1]:    0.00119202s
interval [2]:    0.00113798s
interval [3]:    0.00117113s
interval [4]:    0.00101325s
interval [5]:    0.000983039s
interval [6]:    0.0014367s
interval [7]:    0.00168611s
interval [8]:    0.0015953s
interval [9]:    0.00173971s
average rate: 768.693
min: 0.000983039s max: 0.00173971s std dev: 0.000273148s window: 10


interval [0]:    0.00109875s
interval [1]:    0.000981971s
interval [2]:    0.00094566s
interval [3]:    0.000856287s
interval [4]:    0.000925251s
interval [5]:    0.00115656s
interval [6]:    0.00101653s
interval [7]:    0.000936532s
interval [8]:    0.00116395s
interval [9]:    0.00147617s
average rate: 947.179
min: 0.000856287s max: 0.00147617s std dev: 0.000170471s window: 10


interval [0]:    0.00135958s
interval [1]:    0.00124221s
interval [2]:    0.00144009s
interval [3]:    0.00115372s
interval [4]:    0.00103975s
interval [5]:    0.00112505s
interval [6]:    0.00121478s
interval [7]:    0.00123368s
interval [8]:    0.00119715s
interval [9]:    0.00109856s
average rate: 826.134
min: 0.00103975s max: 0.00144009s std dev: 0.000113528s window: 10


interval [0]:    0.00130866s
interval [1]:    0.00144967s
interval [2]:    0.00115192s
interval [3]:    0.00161698s
interval [4]:    0.00143623s
interval [5]:    0.00207023s
interval [6]:    0.00127316s
interval [7]:    0.00103024s
interval [8]:    0.00130802s
interval [9]:    0.001324s
average rate: 715.865
min: 0.00103024s max: 0.00207023s std dev: 0.000271461s window: 10


interval [0]:    0.00155402s
interval [1]:    0.00128762s
interval [2]:    0.0010812s
interval [3]:    0.00116287s
interval [4]:    0.0011889s
interval [5]:    0.00126241s
interval [6]:    0.00124697s
interval [7]:    0.00122808s
interval [8]:    0.00136038s
interval [9]:    0.00146025s
average rate: 779.259
min: 0.0010812s max: 0.00155402s std dev: 0.000134024s window: 10


interval [0]:    0.00212188s
interval [1]:    0.00170048s
interval [2]:    0.00121628s
interval [3]:    0.00137543s
interval [4]:    0.00129572s
interval [5]:    0.00119743s
interval [6]:    0.00110455s
interval [7]:    0.00109013s
interval [8]:    0.00103119s
interval [9]:    0.00152103s
average rate: 732.379
min: 0.00103119s max: 0.00212188s std dev: 0.000319323s window: 10


interval [0]:    0.00164109s
interval [1]:    0.00143938s
interval [2]:    0.00127236s
interval [3]:    0.00108648s
interval [4]:    0.00121759s
interval [5]:    0.0014383s
interval [6]:    0.0014207s
interval [7]:    0.00139593s
interval [8]:    0.00131211s
interval [9]:    0.00147403s
average rate: 730.035
min: 0.00108648s max: 0.00164109s std dev: 0.000146128s window: 10


interval [0]:    0.00112371s
interval [1]:    0.000979544s
interval [2]:    0.0010807s
interval [3]:    0.00110169s
interval [4]:    0.000970617s
interval [5]:    0.000976944s
interval [6]:    0.000915121s
interval [7]:    0.000857932s
interval [8]:    0.000976932s
interval [9]:    0.00101385s
average rate: 1000.3
min: 0.000857932s max: 0.00112371s std dev: 7.8791e-05s window: 10


interval [0]:    0.00121496s
interval [1]:    0.00168703s
interval [2]:    0.00164626s
interval [3]:    0.00144506s
interval [4]:    0.00140357s
interval [5]:    0.00110357s
interval [6]:    0.0010149s
interval [7]:    0.000985291s
interval [8]:    0.00101068s
interval [9]:    0.000997818s
average rate: 799.415
min: 0.000985291s max: 0.00168703s std dev: 0.000260485s window: 10


interval [0]:    0.00116341s
interval [1]:    0.0011869s
interval [2]:    0.00124026s
interval [3]:    0.00151144s
interval [4]:    0.00157096s
interval [5]:    0.00141966s
interval [6]:    0.00125371s
interval [7]:    0.00112228s
interval [8]:    0.00105854s
interval [9]:    0.00122287s
average rate: 784.311
min: 0.00105854s max: 0.00157096s std dev: 0.000160994s window: 10


interval [0]:    0.00140332s
interval [1]:    0.00143619s
interval [2]:    0.00122883s
interval [3]:    0.00115026s
interval [4]:    0.00153786s
interval [5]:    0.00182851s
interval [6]:    0.00157592s
interval [7]:    0.00169224s
interval [8]:    0.00156306s
interval [9]:    0.00158872s
average rate: 666.449
min: 0.00115026s max: 0.00182851s std dev: 0.000193182s window: 10


interval [0]:    0.0015189s
interval [1]:    0.00145642s
interval [2]:    0.00151681s
interval [3]:    0.00171797s
interval [4]:    0.0015303s
interval [5]:    0.00113445s
interval [6]:    0.000937527s
interval [7]:    0.00111807s
interval [8]:    0.00125136s
interval [9]:    0.00128544s
average rate: 742.543
min: 0.000937527s max: 0.00171797s std dev: 0.000227983s window: 10


interval [0]:    0.00121175s
interval [1]:    0.00115092s
interval [2]:    0.00131461s
interval [3]:    0.00153731s
interval [4]:    0.00167226s
interval [5]:    0.00203036s
interval [6]:    0.00151642s
interval [7]:    0.00171611s
interval [8]:    0.00139364s
interval [9]:    0.00152349s
average rate: 663.708
min: 0.00115092s max: 0.00203036s std dev: 0.000246992s window: 10


interval [0]:    0.00140045s
interval [1]:    0.00132468s
interval [2]:    0.00159881s
interval [3]:    0.00181925s
interval [4]:    0.00185604s
interval [5]:    0.00174395s
interval [6]:    0.00139472s
interval [7]:    0.00109083s
interval [8]:    0.000992775s
interval [9]:    0.000937409s
average rate: 706.269
min: 0.000937409s max: 0.00185604s std dev: 0.000319398s window: 10


interval [0]:    0.00105295s
interval [1]:    0.00101787s
interval [2]:    0.00100309s
interval [3]:    0.00107363s
interval [4]:    0.0012425s
interval [5]:    0.00132033s
interval [6]:    0.00134132s
interval [7]:    0.00120551s
interval [8]:    0.00125217s
interval [9]:    0.00143241s
average rate: 837.396
min: 0.00100309s max: 0.00143241s std dev: 0.000142204s window: 10


interval [0]:    0.00126873s
interval [1]:    0.00101944s
interval [2]:    0.00104982s
interval [3]:    0.000992316s
interval [4]:    0.000981856s
interval [5]:    0.00135475s
interval [6]:    0.00153329s
interval [7]:    0.0013235s
interval [8]:    0.00115751s
interval [9]:    0.000970457s
average rate: 858.246
min: 0.000970457s max: 0.00153329s std dev: 0.000185268s window: 10


interval [0]:    0.0010223s
interval [1]:    0.000907956s
interval [2]:    0.000888929s
interval [3]:    0.000910317s
interval [4]:    0.00100154s
interval [5]:    0.00127535s
interval [6]:    0.00184096s
interval [7]:    0.00146595s
interval [8]:    0.00132242s
interval [9]:    0.00154557s
average rate: 820.931
min: 0.000888929s max: 0.00184096s std dev: 0.000309078s window: 10


interval [0]:    0.00141837s
interval [1]:    0.00116767s
interval [2]:    0.00124866s
interval [3]:    0.00122842s
interval [4]:    0.00106976s
interval [5]:    0.00114217s
interval [6]:    0.00114284s
interval [7]:    0.00150414s
interval [8]:    0.00142859s
interval [9]:    0.00164462s
average rate: 769.512
min: 0.00106976s max: 0.00164462s std dev: 0.00017857s window: 10


interval [0]:    0.00183101s
interval [1]:    0.0010787s
interval [2]:    0.00133687s
interval [3]:    0.00152639s
interval [4]:    0.00138671s
interval [5]:    0.00141809s
interval [6]:    0.00126506s
interval [7]:    0.00118517s
interval [8]:    0.0016007s
interval [9]:    0.0013334s
average rate: 716.225
min: 0.0010787s max: 0.00183101s std dev: 0.000204549s window: 10


interval [0]:    0.00187909s
interval [1]:    0.00169372s
interval [2]:    0.00145866s
interval [3]:    0.0013259s
interval [4]:    0.0011001s
interval [5]:    0.00115994s
interval [6]:    0.00146268s
interval [7]:    0.00166437s
interval [8]:    0.00149206s
interval [9]:    0.00138295s
average rate: 684.019
min: 0.0011001s max: 0.00187909s std dev: 0.000227269s window: 10


interval [0]:    0.00102916s
interval [1]:    0.00164652s
interval [2]:    0.0011176s
interval [3]:    0.000979084s
interval [4]:    0.00100284s
interval [5]:    0.0009861s
interval [6]:    0.000973196s
interval [7]:    0.00106707s
interval [8]:    0.00129666s
interval [9]:    0.00145077s
average rate: 865.876
min: 0.000973196s max: 0.00164652s std dev: 0.00022131s window: 10


interval [0]:    0.00147318s
interval [1]:    0.00126251s
interval [2]:    0.00104168s
interval [3]:    0.00107317s
interval [4]:    0.00105129s
interval [5]:    0.00103101s
interval [6]:    0.00102187s
interval [7]:    0.000984703s
interval [8]:    0.000946537s
interval [9]:    0.00103982s
average rate: 915.267
min: 0.000946537s max: 0.00147318s std dev: 0.000149313s window: 10


interval [0]:    0.00168038s
interval [1]:    0.0014518s
interval [2]:    0.0012495s
interval [3]:    0.00119973s
interval [4]:    0.000985254s
interval [5]:    0.00100316s
interval [6]:    0.00110178s
interval [7]:    0.00102292s
interval [8]:    0.000961034s
interval [9]:    0.00107904s
average rate: 852.181
min: 0.000961034s max: 0.00168038s std dev: 0.000220721s window: 10


interval [0]:    0.00107448s
interval [1]:    0.00134425s
interval [2]:    0.00135042s
interval [3]:    0.00177423s
interval [4]:    0.00149354s
interval [5]:    0.001497s
interval [6]:    0.0014083s
interval [7]:    0.00130773s
interval [8]:    0.00163996s
interval [9]:    0.00133625s
average rate: 702.93
min: 0.00107448s max: 0.00177423s std dev: 0.000182987s window: 10


interval [0]:    0.00148017s
interval [1]:    0.0015092s
interval [2]:    0.00133076s
interval [3]:    0.00125066s
interval [4]:    0.00110223s
interval [5]:    0.00114115s
interval [6]:    0.00136938s
interval [7]:    0.00118865s
interval [8]:    0.00122898s
interval [9]:    0.0015188s
average rate: 762.196
min: 0.00110223s max: 0.0015188s std dev: 0.000145823s window: 10


interval [0]:    0.00151221s
interval [1]:    0.00158314s
interval [2]:    0.00221735s
interval [3]:    0.00172325s
interval [4]:    0.00154174s
interval [5]:    0.00131029s
interval [6]:    0.00124581s
interval [7]:    0.00127623s
interval [8]:    0.00112269s
interval [9]:    0.00131749s
average rate: 673.392
min: 0.00112269s max: 0.00221735s std dev: 0.000299556s window: 10


interval [0]:    0.0011846s
interval [1]:    0.00153571s
interval [2]:    0.00161675s
interval [3]:    0.0016047s
interval [4]:    0.0017829s
interval [5]:    0.00182791s
interval [6]:    0.00107367s
interval [7]:    0.00137722s
interval [8]:    0.00129481s
interval [9]:    0.00136355s
average rate: 682.043
min: 0.00107367s max: 0.00182791s std dev: 0.000236435s window: 10


interval [0]:    0.00109749s
interval [1]:    0.00148137s
interval [2]:    0.00177603s
interval [3]:    0.00178379s
interval [4]:    0.00117664s
interval [5]:    0.00123424s
interval [6]:    0.00108563s
interval [7]:    0.00105397s
interval [8]:    0.000962653s
interval [9]:    0.000885838s
average rate: 797.598
min: 0.000885838s max: 0.00178379s std dev: 0.000304063s window: 10


interval [0]:    0.00119838s
interval [1]:    0.00103998s
interval [2]:    0.00111698s
interval [3]:    0.00132884s
interval [4]:    0.00130021s
interval [5]:    0.00114334s
interval [6]:    0.00112954s
interval [7]:    0.00112134s
interval [8]:    0.00102058s
interval [9]:    0.00100214s
average rate: 877.091
min: 0.00100214s max: 0.00132884s std dev: 0.000104405s window: 10


interval [0]:    0.00106982s
interval [1]:    0.00111138s
interval [2]:    0.00119774s
interval [3]:    0.00111097s
interval [4]:    0.00121394s
interval [5]:    0.00126594s
interval [6]:    0.00141073s
interval [7]:    0.00139148s
interval [8]:    0.00149491s
interval [9]:    0.00138878s
average rate: 790.158
min: 0.00106982s max: 0.00149491s std dev: 0.000140699s window: 10


interval [0]:    0.00106184s
interval [1]:    0.00104135s
interval [2]:    0.00114681s
interval [3]:    0.00117793s
interval [4]:    0.00145433s
interval [5]:    0.00150824s
interval [6]:    0.00168548s
interval [7]:    0.00178842s
interval [8]:    0.00149676s
interval [9]:    0.00177255s
average rate: 707.529
min: 0.00104135s max: 0.00178842s std dev: 0.000273827s window: 10


interval [0]:    0.00126135s
interval [1]:    0.00147322s
interval [2]:    0.00154422s
interval [3]:    0.00131034s
interval [4]:    0.00118226s
interval [5]:    0.00161997s
interval [6]:    0.00152215s
interval [7]:    0.00203513s
interval [8]:    0.0014695s
interval [9]:    0.00139071s
average rate: 675.271
min: 0.00118226s max: 0.00203513s std dev: 0.000225171s window: 10


interval [0]:    0.00118816s
interval [1]:    0.0011344s
interval [2]:    0.00119978s
interval [3]:    0.00140826s
interval [4]:    0.00143861s
interval [5]:    0.00176229s
interval [6]:    0.00149316s
interval [7]:    0.00125174s
interval [8]:    0.00115031s
interval [9]:    0.00155887s
average rate: 736.074
min: 0.0011344s max: 0.00176229s std dev: 0.00019733s window: 10


interval [0]:    0.00135081s
interval [1]:    0.00152755s
interval [2]:    0.00129669s
interval [3]:    0.00136399s
interval [4]:    0.00184364s
interval [5]:    0.00148409s
interval [6]:    0.00156866s
interval [7]:    0.00162713s
interval [8]:    0.00131397s
interval [9]:    0.00109201s
average rate: 691.154
min: 0.00109201s max: 0.00184364s std dev: 0.000198717s window: 10


interval [0]:    0.000953538s
interval [1]:    0.000878926s
interval [2]:    0.00102433s
interval [3]:    0.00100399s
interval [4]:    0.00100357s
interval [5]:    0.00118411s
interval [6]:    0.00120307s
interval [7]:    0.00117573s
interval [8]:    0.00154029s
interval [9]:    0.00132488s
average rate: 885.55
min: 0.000878926s max: 0.00154029s std dev: 0.000188116s window: 10


interval [0]:    0.00113084s
interval [1]:    0.000977957s
interval [2]:    0.000929826s
interval [3]:    0.000974212s
interval [4]:    0.00109586s
interval [5]:    0.00122921s
interval [6]:    0.00125786s
interval [7]:    0.00114499s
interval [8]:    0.00118811s
interval [9]:    0.00129251s
average rate: 891.157
min: 0.000929826s max: 0.00129251s std dev: 0.000120086s window: 10


interval [0]:    0.00151309s
interval [1]:    0.00118039s
interval [2]:    0.00114327s
interval [3]:    0.00108987s
interval [4]:    0.00109364s
interval [5]:    0.00130608s
interval [6]:    0.00118604s
interval [7]:    0.00117345s
interval [8]:    0.00132204s
interval [9]:    0.00163299s
average rate: 791.087
min: 0.00108987s max: 0.00163299s std dev: 0.000172781s window: 10


interval [0]:    0.00145022s
interval [1]:    0.00164709s
interval [2]:    0.0014542s
interval [3]:    0.00132455s
interval [4]:    0.00143295s
interval [5]:    0.00130383s
interval [6]:    0.00141666s
interval [7]:    0.00133601s
interval [8]:    0.00136349s
interval [9]:    0.00150176s
average rate: 702.704
min: 0.00130383s max: 0.00164709s std dev: 9.65789e-05s window: 10


interval [0]:    0.00180809s
interval [1]:    0.00118371s
interval [2]:    0.00108842s
interval [3]:    0.0014075s
interval [4]:    0.00125117s
interval [5]:    0.00115281s
interval [6]:    0.00125984s
interval [7]:    0.00129915s
interval [8]:    0.00147403s
interval [9]:    0.00151119s
average rate: 744.275
min: 0.00108842s max: 0.00180809s std dev: 0.000202373s window: 10


interval [0]:    0.00159025s
interval [1]:    0.00140354s
interval [2]:    0.00138784s
interval [3]:    0.00137546s
interval [4]:    0.00142417s
interval [5]:    0.00147968s
interval [6]:    0.00144691s
interval [7]:    0.00107026s
interval [8]:    0.00139083s
interval [9]:    0.00231792s
average rate: 671.734
min: 0.00107026s max: 0.00231792s std dev: 0.000303121s window: 10


interval [0]:    0.0016786s
interval [1]:    0.00121537s
interval [2]:    0.00120453s
interval [3]:    0.00105316s
interval [4]:    0.00105347s
interval [5]:    0.00101987s
interval [6]:    0.00106832s
interval [7]:    0.00117331s
interval [8]:    0.00135978s
interval [9]:    0.00125974s
average rate: 827.393
min: 0.00101987s max: 0.0016786s std dev: 0.000187405s window: 10


interval [0]:    0.00115556s
interval [1]:    0.0011182s
interval [2]:    0.00104856s
interval [3]:    0.000938944s
interval [4]:    0.00107566s
interval [5]:    0.0011361s
interval [6]:    0.00101469s
interval [7]:    0.00103601s
interval [8]:    0.000979418s
interval [9]:    0.000953392s
average rate: 956.34
min: 0.000938944s max: 0.00115556s std dev: 7.19505e-05s window: 10


interval [0]:    0.00131275s
interval [1]:    0.00156326s
interval [2]:    0.0014126s
interval [3]:    0.00118046s
interval [4]:    0.00115221s
interval [5]:    0.00102175s
interval [6]:    0.00101897s
interval [7]:    0.00112848s
interval [8]:    0.00095435s
interval [9]:    0.000991482s
average rate: 852.057
min: 0.00095435s max: 0.00156326s std dev: 0.000189491s window: 10


interval [0]:    0.00101544s
interval [1]:    0.00135501s
interval [2]:    0.00156306s
interval [3]:    0.00165277s
interval [4]:    0.00169152s
interval [5]:    0.00178937s
interval [6]:    0.0013655s
interval [7]:    0.00175475s
interval [8]:    0.00156968s
interval [9]:    0.00149968s
average rate: 655.446
min: 0.00101544s max: 0.00178937s std dev: 0.000220181s window: 10


interval [0]:    0.00114264s
interval [1]:    0.0015868s
interval [2]:    0.00151165s
interval [3]:    0.00180681s
interval [4]:    0.00170666s
interval [5]:    0.00170219s
interval [6]:    0.00176243s
interval [7]:    0.00143236s
interval [8]:    0.0011959s
interval [9]:    0.00120778s
average rate: 664.221
min: 0.00114264s max: 0.00180681s std dev: 0.000237511s window: 10


interval [0]:    0.00142962s
interval [1]:    0.00162759s
interval [2]:    0.00179042s
interval [3]:    0.00160296s
interval [4]:    0.00176636s
interval [5]:    0.00159609s
interval [6]:    0.00141354s
interval [7]:    0.001533s
interval [8]:    0.00123538s
interval [9]:    0.00114193s
average rate: 660.637
min: 0.00114193s max: 0.00179042s std dev: 0.00020032s window: 10


interval [0]:    0.00131565s
interval [1]:    0.00155682s
interval [2]:    0.00182248s
interval [3]:    0.00166124s
interval [4]:    0.00157878s
interval [5]:    0.00132615s
interval [6]:    0.00109634s
interval [7]:    0.00142097s
interval [8]:    0.00113467s
interval [9]:    0.00121601s
average rate: 707.759
min: 0.00109634s max: 0.00182248s std dev: 0.000226075s window: 10


interval [0]:    0.00156917s
interval [1]:    0.00172196s
interval [2]:    0.00139028s
interval [3]:    0.00120164s
interval [4]:    0.00124364s
interval [5]:    0.00117378s
interval [6]:    0.00100406s
interval [7]:    0.000956091s
interval [8]:    0.00102068s
interval [9]:    0.00103058s
average rate: 812.224
min: 0.000956091s max: 0.00172196s std dev: 0.000244242s window: 10


interval [0]:    0.0011135s
interval [1]:    0.00168924s
interval [2]:    0.00145539s
interval [3]:    0.00132837s
interval [4]:    0.00140548s
interval [5]:    0.00129651s
interval [6]:    0.00114197s
interval [7]:    0.00121033s
interval [8]:    0.00119235s
interval [9]:    0.000915954s
average rate: 784.37
min: 0.000915954s max: 0.00168924s std dev: 0.000202034s window: 10


interval [0]:    0.00122609s
interval [1]:    0.00115419s
interval [2]:    0.00115666s
interval [3]:    0.00131224s
interval [4]:    0.00126838s
interval [5]:    0.00116529s
interval [6]:    0.00107977s
interval [7]:    0.0011452s
interval [8]:    0.00102958s
interval [9]:    0.00120129s
average rate: 851.885
min: 0.00102958s max: 0.00131224s std dev: 7.9253e-05s window: 10


interval [0]:    0.000963406s
interval [1]:    0.000890655s
interval [2]:    0.00108954s
interval [3]:    0.00129894s
interval [4]:    0.00147043s
interval [5]:    0.0018493s
interval [6]:    0.00196398s
interval [7]:    0.00164824s
interval [8]:    0.00119955s
interval [9]:    0.00117276s
average rate: 738.182
min: 0.000890655s max: 0.00196398s std dev: 0.000348489s window: 10


interval [0]:    0.00113661s
interval [1]:    0.00114752s
interval [2]:    0.00115958s
interval [3]:    0.00143872s
interval [4]:    0.00162348s
interval [5]:    0.00212303s
interval [6]:    0.00222262s
interval [7]:    0.00160014s
interval [8]:    0.00123126s
interval [9]:    0.00117258s
average rate: 673.15
min: 0.00113661s max: 0.00222262s std dev: 0.000385861s window: 10


interval [0]:    0.00154637s
interval [1]:    0.00140151s
interval [2]:    0.00139848s
interval [3]:    0.00131346s
interval [4]:    0.00135928s
interval [5]:    0.00174822s
interval [6]:    0.00164841s
interval [7]:    0.00149992s
interval [8]:    0.00137575s
interval [9]:    0.00136658s
average rate: 682.222
min: 0.00131346s max: 0.00174822s std dev: 0.000134885s window: 10


interval [0]:    0.00123848s
interval [1]:    0.0011975s
interval [2]:    0.001626s
interval [3]:    0.00180208s
interval [4]:    0.00153647s
interval [5]:    0.00159291s
interval [6]:    0.0011257s
interval [7]:    0.000991986s
interval [8]:    0.000987327s
interval [9]:    0.000934789s
average rate: 767.269
min: 0.000934789s max: 0.00180208s std dev: 0.000295067s window: 10


interval [0]:    0.000908031s
interval [1]:    0.000933228s
interval [2]:    0.000974298s
interval [3]:    0.000895162s
interval [4]:    0.000985401s
interval [5]:    0.00100855s
interval [6]:    0.00121446s
interval [7]:    0.00115245s
interval [8]:    0.00127371s
interval [9]:    0.00124874s
average rate: 943.928
min: 0.000895162s max: 0.00127371s std dev: 0.000139852s window: 10


interval [0]:    0.00115643s
interval [1]:    0.000995821s
interval [2]:    0.000949867s
interval [3]:    0.000897886s
interval [4]:    0.000963436s
interval [5]:    0.00107148s
interval [6]:    0.00109271s
interval [7]:    0.00102109s
interval [8]:    0.00131801s
interval [9]:    0.00120297s
average rate: 937.233
min: 0.000897886s max: 0.00131801s std dev: 0.000122634s window: 10


interval [0]:    0.0013961s
interval [1]:    0.00124156s
interval [2]:    0.00119897s
interval [3]:    0.00101492s
interval [4]:    0.000998942s
interval [5]:    0.00135645s
interval [6]:    0.0011896s
interval [7]:    0.00135651s
interval [8]:    0.0014275s
interval [9]:    0.00125342s
average rate: 804.249
min: 0.000998942s max: 0.0014275s std dev: 0.000141323s window: 10


interval [0]:    0.00165346s
interval [1]:    0.00150925s
interval [2]:    0.00151687s
interval [3]:    0.00144895s
interval [4]:    0.00136959s
interval [5]:    0.00123399s
interval [6]:    0.00113524s
interval [7]:    0.00120651s
interval [8]:    0.00148715s
interval [9]:    0.00128709s
average rate: 722.121
min: 0.00113524s max: 0.00165346s std dev: 0.000156935s window: 10


interval [0]:    0.001359s
interval [1]:    0.00140395s
interval [2]:    0.00109917s
interval [3]:    0.00113574s
interval [4]:    0.00126995s
interval [5]:    0.00109398s
interval [6]:    0.00127012s
interval [7]:    0.00113902s
interval [8]:    0.00132043s
interval [9]:    0.00124038s
average rate: 810.915
min: 0.00109398s max: 0.00140395s std dev: 0.000105391s window: 10


interval [0]:    0.0014664s
interval [1]:    0.00183735s
interval [2]:    0.00170216s
interval [3]:    0.00146966s
interval [4]:    0.00125028s
interval [5]:    0.00115255s
interval [6]:    0.00118176s
interval [7]:    0.00105111s
interval [8]:    0.00120467s
interval [9]:    0.00116405s
average rate: 741.84
min: 0.00105111s max: 0.00183735s std dev: 0.000247309s window: 10


interval [0]:    0.00140711s
interval [1]:    0.00143445s
interval [2]:    0.0016379s
interval [3]:    0.00180688s
interval [4]:    0.00160393s
interval [5]:    0.00130478s
interval [6]:    0.00121636s
interval [7]:    0.00120781s
interval [8]:    0.00117046s
interval [9]:    0.00159867s
average rate: 695.007
min: 0.00117046s max: 0.00180688s std dev: 0.000205373s window: 10


interval [0]:    0.00108886s
interval [1]:    0.00135551s
interval [2]:    0.00150607s
interval [3]:    0.00121668s
interval [4]:    0.0012455s
interval [5]:    0.00120788s
interval [6]:    0.00113977s
interval [7]:    0.00110102s
interval [8]:    0.00100107s
interval [9]:    0.00097478s
average rate: 844.8
min: 0.00097478s max: 0.00150607s std dev: 0.000152871s window: 10


interval [0]:    0.00101093s
interval [1]:    0.00135421s
interval [2]:    0.00120747s
interval [3]:    0.0012308s
interval [4]:    0.00130816s
interval [5]:    0.00152221s
interval [6]:    0.00106806s
interval [7]:    0.000999864s
interval [8]:    0.00101203s
interval [9]:    0.000913363s
average rate: 860.06
min: 0.000913363s max: 0.00152221s std dev: 0.000183604s window: 10


interval [0]:    0.0010475s
interval [1]:    0.00107157s
interval [2]:    0.00114166s
interval [3]:    0.00107927s
interval [4]:    0.00113272s
interval [5]:    0.00153174s
interval [6]:    0.00187294s
interval [7]:    0.00161545s
interval [8]:    0.00139899s
interval [9]:    0.00147271s
average rate: 748.249
min: 0.0010475s max: 0.00187294s std dev: 0.000269356s window: 10


interval [0]:    0.00117262s
interval [1]:    0.00133495s
interval [2]:    0.00100052s
interval [3]:    0.00123203s
interval [4]:    0.00118864s
interval [5]:    0.00126308s
interval [6]:    0.00164944s
interval [7]:    0.0017297s
interval [8]:    0.001905s
interval [9]:    0.00211545s
average rate: 685.333
min: 0.00100052s max: 0.00211545s std dev: 0.000347848s window: 10


interval [0]:    0.00126003s
interval [1]:    0.00109719s
interval [2]:    0.00114154s
interval [3]:    0.00133239s
interval [4]:    0.0015148s
interval [5]:    0.00111861s
interval [6]:    0.00142141s
interval [7]:    0.00151233s
interval [8]:    0.0015132s
interval [9]:    0.00137507s
average rate: 752.64
min: 0.00109719s max: 0.0015148s std dev: 0.000158313s window: 10


interval [0]:    0.00171879s
interval [1]:    0.00140798s
interval [2]:    0.00118212s
interval [3]:    0.00113324s
interval [4]:    0.00123801s
interval [5]:    0.00141095s
interval [6]:    0.00149008s
interval [7]:    0.00222854s
interval [8]:    0.00132817s
interval [9]:    0.00107749s
average rate: 703.464
min: 0.00107749s max: 0.00222854s std dev: 0.00032339s window: 10


interval [0]:    0.00124235s
interval [1]:    0.00118551s
interval [2]:    0.00116432s
interval [3]:    0.000958972s
interval [4]:    0.000871059s
interval [5]:    0.00100619s
interval [6]:    0.0010412s
interval [7]:    0.0010976s
interval [8]:    0.00116655s
interval [9]:    0.00132447s
average rate: 904.305
min: 0.000871059s max: 0.00132447s std dev: 0.000130674s window: 10


interval [0]:    0.00122365s
interval [1]:    0.00135775s
interval [2]:    0.00102602s
interval [3]:    0.000984784s
interval [4]:    0.000997021s
interval [5]:    0.000998552s
interval [6]:    0.00103727s
interval [7]:    0.00096985s
interval [8]:    0.00103975s
interval [9]:    0.001189s
average rate: 923.902
min: 0.00096985s max: 0.00135775s std dev: 0.000122753s window: 10


interval [0]:    0.00170701s
interval [1]:    0.00155747s
interval [2]:    0.00138947s
interval [3]:    0.00103965s
interval [4]:    0.00103839s
interval [5]:    0.000979746s
interval [6]:    0.00099526s
interval [7]:    0.0010042s
interval [8]:    0.0011537s
interval [9]:    0.00110982s
average rate: 835.092
min: 0.000979746s max: 0.00170701s std dev: 0.000247296s window: 10


interval [0]:    0.00151102s
interval [1]:    0.00150972s
interval [2]:    0.00162857s
interval [3]:    0.00144138s
interval [4]:    0.00141817s
interval [5]:    0.00154912s
interval [6]:    0.00151467s
interval [7]:    0.00142127s
interval [8]:    0.00124255s
interval [9]:    0.00139101s
average rate: 683.645
min: 0.00124255s max: 0.00162857s std dev: 9.99925e-05s window: 10


interval [0]:    0.00142221s
interval [1]:    0.0012774s
interval [2]:    0.0010979s
interval [3]:    0.00104538s
interval [4]:    0.00116107s
interval [5]:    0.00124447s
interval [6]:    0.00122693s
interval [7]:    0.00104115s
interval [8]:    0.00103402s
interval [9]:    0.000961565s
average rate: 868.652
min: 0.000961565s max: 0.00142221s std dev: 0.00013407s window: 10


interval [0]:    0.00125302s
interval [1]:    0.00131852s
interval [2]:    0.00205764s
interval [3]:    0.00186046s
interval [4]:    0.00163951s
interval [5]:    0.00159052s
interval [6]:    0.00143455s
interval [7]:    0.0012501s
interval [8]:    0.00124679s
interval [9]:    0.00123599s
average rate: 671.723
min: 0.00123599s max: 0.00205764s std dev: 0.000276001s window: 10


interval [0]:    0.00146748s
interval [1]:    0.00152904s
interval [2]:    0.00174264s
interval [3]:    0.0018375s
interval [4]:    0.00168065s
interval [5]:    0.00141684s
interval [6]:    0.00110767s
interval [7]:    0.001174s
interval [8]:    0.00129571s
interval [9]:    0.0011979s
average rate: 692.069
min: 0.00110767s max: 0.0018375s std dev: 0.000240232s window: 10


interval [0]:    0.00130712s
interval [1]:    0.00155544s
interval [2]:    0.00154004s
interval [3]:    0.00127635s
interval [4]:    0.00115214s
interval [5]:    0.00144238s
interval [6]:    0.0017142s
interval [7]:    0.00144837s
interval [8]:    0.0011503s
interval [9]:    0.00104149s
average rate: 733.793
min: 0.00104149s max: 0.0017142s std dev: 0.00020224s window: 10


interval [0]:    0.00114142s
interval [1]:    0.00132186s
interval [2]:    0.00126013s
interval [3]:    0.00126886s
interval [4]:    0.00107992s
interval [5]:    0.000967196s
interval [6]:    0.000997545s
interval [7]:    0.000991804s
interval [8]:    0.00112624s
interval [9]:    0.00105165s
average rate: 892.329
min: 0.000967196s max: 0.00132186s std dev: 0.000120039s window: 10


interval [0]:    0.000886925s
interval [1]:    0.000783671s
interval [2]:    0.000897359s
interval [3]:    0.00117388s
interval [4]:    0.00118061s
interval [5]:    0.00125948s
interval [6]:    0.00177679s
interval [7]:    0.00155685s
interval [8]:    0.00133614s
interval [9]:    0.00138734s
average rate: 817.057
min: 0.000783671s max: 0.00177679s std dev: 0.000295885s window: 10


interval [0]:    0.00112849s
interval [1]:    0.000957531s
interval [2]:    0.000917775s
interval [3]:    0.000999095s
interval [4]:    0.00111491s
interval [5]:    0.00114701s
interval [6]:    0.00152777s
interval [7]:    0.00141128s
interval [8]:    0.00145023s
interval [9]:    0.00143929s
average rate: 826.899
min: 0.000917775s max: 0.00152777s std dev: 0.000215647s window: 10


interval [0]:    0.00118001s
interval [1]:    0.0013296s
interval [2]:    0.00144953s
interval [3]:    0.00129752s
interval [4]:    0.00160668s
interval [5]:    0.00160714s
interval [6]:    0.00117534s
interval [7]:    0.00167305s
interval [8]:    0.00151997s
interval [9]:    0.00151555s
average rate: 696.651
min: 0.00117534s max: 0.00167305s std dev: 0.000170922s window: 10


interval [0]:    0.00209593s
interval [1]:    0.00143776s
interval [2]:    0.00123474s
interval [3]:    0.000982032s
interval [4]:    0.00114871s
interval [5]:    0.00136792s
interval [6]:    0.00131394s
interval [7]:    0.00180901s
interval [8]:    0.00160949s
interval [9]:    0.00111808s
average rate: 708.335
min: 0.000982032s max: 0.00209593s std dev: 0.000323821s window: 10


interval [0]:    0.00133348s
interval [1]:    0.00135286s
interval [2]:    0.00119247s
interval [3]:    0.00103984s
interval [4]:    0.00109118s
interval [5]:    0.00126796s
interval [6]:    0.0012471s
interval [7]:    0.00147392s
interval [8]:    0.00130514s
interval [9]:    0.00136459s
average rate: 789.357
min: 0.00103984s max: 0.00147392s std dev: 0.000124117s window: 10


interval [0]:    0.00102038s
interval [1]:    0.0010028s
interval [2]:    0.000994149s
interval [3]:    0.000983718s
interval [4]:    0.00101819s
interval [5]:    0.00102009s
interval [6]:    0.00102798s
interval [7]:    0.00102816s
interval [8]:    0.00116263s
interval [9]:    0.00167973s
average rate: 914.257
min: 0.000983718s max: 0.00167973s std dev: 0.000200889s window: 10


interval [0]:    0.00143635s
interval [1]:    0.00116047s
interval [2]:    0.0010429s
interval [3]:    0.00121828s
interval [4]:    0.00114629s
interval [5]:    0.00120814s
interval [6]:    0.00133334s
interval [7]:    0.00113494s
interval [8]:    0.00111066s
interval [9]:    0.00136011s
average rate: 822.945
min: 0.0010429s max: 0.00143635s std dev: 0.00011778s window: 10


interval [0]:    0.00164081s
interval [1]:    0.00149853s
interval [2]:    0.00124488s
interval [3]:    0.00130168s
interval [4]:    0.00121793s
interval [5]:    0.0011565s
interval [6]:    0.00125696s
interval [7]:    0.00121532s
interval [8]:    0.00195513s
interval [9]:    0.00148889s
average rate: 715.48
min: 0.0011565s max: 0.00195513s std dev: 0.000237581s window: 10


interval [0]:    0.00113582s
interval [1]:    0.00116319s
interval [2]:    0.00123374s
interval [3]:    0.00107915s
interval [4]:    0.00121163s
interval [5]:    0.00109482s
interval [6]:    0.000976726s
interval [7]:    0.00102631s
interval [8]:    0.00150254s
interval [9]:    0.00151598s
average rate: 837.527
min: 0.000976726s max: 0.00151598s std dev: 0.000174197s window: 10


interval [0]:    0.00167461s
interval [1]:    0.00156589s
interval [2]:    0.00141491s
interval [3]:    0.000979448s
interval [4]:    0.00109474s
interval [5]:    0.00121306s
interval [6]:    0.00134624s
interval [7]:    0.00133503s
interval [8]:    0.00111544s
interval [9]:    0.0015741s
average rate: 751.12
min: 0.000979448s max: 0.00167461s std dev: 0.000218954s window: 10


interval [0]:    0.00181418s
interval [1]:    0.00157259s
interval [2]:    0.00153377s
interval [3]:    0.00109027s
interval [4]:    0.00126061s
interval [5]:    0.00132324s
interval [6]:    0.00114542s
interval [7]:    0.0012245s
interval [8]:    0.0014554s
interval [9]:    0.00141024s
average rate: 723.054
min: 0.00109027s max: 0.00181418s std dev: 0.000208898s window: 10


interval [0]:    0.00123786s
interval [1]:    0.00117411s
interval [2]:    0.00112691s
interval [3]:    0.00119969s
interval [4]:    0.00131267s
interval [5]:    0.00112773s
interval [6]:    0.00112429s
interval [7]:    0.000968465s
interval [8]:    0.000973969s
interval [9]:    0.00095157s
average rate: 893.075
min: 0.00095157s max: 0.00131267s std dev: 0.000115358s window: 10


interval [0]:    0.00125115s
interval [1]:    0.00180806s
interval [2]:    0.00123774s
interval [3]:    0.0011026s
interval [4]:    0.00119941s
interval [5]:    0.0010429s
interval [6]:    0.00110541s
interval [7]:    0.00101724s
interval [8]:    0.00106695s
interval [9]:    0.00100608s
average rate: 844.771
min: 0.00100608s max: 0.00180806s std dev: 0.00022427s window: 10


interval [0]:    0.00120081s
interval [1]:    0.00123733s
interval [2]:    0.00109016s
interval [3]:    0.00109194s
interval [4]:    0.00147323s
interval [5]:    0.00156389s
interval [6]:    0.00142206s
interval [7]:    0.00120857s
interval [8]:    0.00114024s
interval [9]:    0.0012164s
average rate: 790.849
min: 0.00109016s max: 0.00156389s std dev: 0.000156166s window: 10


interval [0]:    0.000918819s
interval [1]:    0.00110416s
interval [2]:    0.00119976s
interval [3]:    0.00116472s
interval [4]:    0.00146975s
interval [5]:    0.0014996s
interval [6]:    0.00186415s
interval [7]:    0.00203103s
interval [8]:    0.0012244s
interval [9]:    0.00139638s
average rate: 720.837
min: 0.000918819s max: 0.00203103s std dev: 0.000327437s window: 10


interval [0]:    0.00123832s
interval [1]:    0.00113874s
interval [2]:    0.0014616s
interval [3]:    0.00124291s
interval [4]:    0.00135501s
interval [5]:    0.00121307s
interval [6]:    0.0015013s
interval [7]:    0.00151725s
interval [8]:    0.00162367s
interval [9]:    0.00122473s
average rate: 739.832
min: 0.00113874s max: 0.00162367s std dev: 0.000155314s window: 10


interval [0]:    0.00138716s
interval [1]:    0.00148686s
interval [2]:    0.00118215s
interval [3]:    0.00110288s
interval [4]:    0.00112037s
interval [5]:    0.00227788s
interval [6]:    0.0015351s
interval [7]:    0.00161296s
interval [8]:    0.0013803s
interval [9]:    0.00135409s
average rate: 692.533
min: 0.00110288s max: 0.00227788s std dev: 0.000322346s window: 10


interval [0]:    0.00142893s
interval [1]:    0.00128106s
interval [2]:    0.00111679s
interval [3]:    0.000986552s
interval [4]:    0.00106856s
interval [5]:    0.00148495s
interval [6]:    0.00157368s
interval [7]:    0.00154226s
interval [8]:    0.00154974s
interval [9]:    0.00131806s
average rate: 749.03
min: 0.000986552s max: 0.00157368s std dev: 0.000205076s window: 10


interval [0]:    0.000992117s
interval [1]:    0.00119753s
interval [2]:    0.000927238s
interval [3]:    0.000913301s
interval [4]:    0.000918413s
interval [5]:    0.000970203s
interval [6]:    0.00104363s
interval [7]:    0.00136098s
interval [8]:    0.00140077s
interval [9]:    0.001204s
average rate: 915.065
min: 0.000913301s max: 0.00140077s std dev: 0.000175421s window: 10


interval [0]:    0.0013745s
interval [1]:    0.00119343s
interval [2]:    0.00110832s
interval [3]:    0.000934566s
interval [4]:    0.00093711s
interval [5]:    0.000845473s
interval [6]:    0.00110614s
interval [7]:    0.0011211s
interval [8]:    0.00139718s
interval [9]:    0.00117732s
average rate: 893.244
min: 0.000845473s max: 0.00139718s std dev: 0.000171408s window: 10


interval [0]:    0.00117691s
interval [1]:    0.00114947s
interval [2]:    0.00129458s
interval [3]:    0.00126529s
interval [4]:    0.00130601s
interval [5]:    0.00144062s
interval [6]:    0.0012373s
interval [7]:    0.00114149s
interval [8]:    0.00124612s
interval [9]:    0.00143049s
average rate: 788.129
min: 0.00114149s max: 0.00144062s std dev: 9.9058e-05s window: 10


interval [0]:    0.00146636s
interval [1]:    0.00126631s
interval [2]:    0.0011174s
interval [3]:    0.00134897s
interval [4]:    0.00141389s
interval [5]:    0.00127201s
interval [6]:    0.00128096s
interval [7]:    0.00116709s
interval [8]:    0.00122102s
interval [9]:    0.00125898s
average rate: 780.457
min: 0.0011174s max: 0.00146636s std dev: 0.000100377s window: 10


interval [0]:    0.00169623s
interval [1]:    0.00188913s
interval [2]:    0.00158439s
interval [3]:    0.00150918s
interval [4]:    0.00119171s
interval [5]:    0.00103204s
interval [6]:    0.000981015s
interval [7]:    0.000891663s
interval [8]:    0.000898809s
interval [9]:    0.00104531s
average rate: 786.195
min: 0.000891663s max: 0.00188913s std dev: 0.000346221s window: 10


interval [0]:    0.00148287s
interval [1]:    0.00149588s
interval [2]:    0.00216768s
interval [3]:    0.00151646s
interval [4]:    0.00172434s
interval [5]:    0.00144466s
interval [6]:    0.00109236s
interval [7]:    0.00106447s
interval [8]:    0.00114353s
interval [9]:    0.00143544s
average rate: 686.45
min: 0.00106447s max: 0.00216768s std dev: 0.000311154s window: 10


interval [0]:    0.00135388s
interval [1]:    0.00145894s
interval [2]:    0.00169282s
interval [3]:    0.00134773s
interval [4]:    0.00117001s
interval [5]:    0.00143145s
interval [6]:    0.00146941s
interval [7]:    0.00123726s
interval [8]:    0.00102845s
interval [9]:    0.000855046s
average rate: 766.578
min: 0.000855046s max: 0.00169282s std dev: 0.00022871s window: 10


interval [0]:    0.00112611s
interval [1]:    0.00114868s
interval [2]:    0.00124184s
interval [3]:    0.00126316s
interval [4]:    0.00141018s
interval [5]:    0.00127115s
interval [6]:    0.00115911s
interval [7]:    0.00105602s
interval [8]:    0.00101029s
interval [9]:    0.000902437s
average rate: 862.888
min: 0.000902437s max: 0.00141018s std dev: 0.000138966s window: 10


interval [0]:    0.000849953s
interval [1]:    0.000853234s
interval [2]:    0.0010405s
interval [3]:    0.000979083s
interval [4]:    0.00112387s
interval [5]:    0.00113279s
interval [6]:    0.00115379s
interval [7]:    0.0012352s
interval [8]:    0.00134197s
interval [9]:    0.00111222s
average rate: 923.992
min: 0.000849953s max: 0.00134197s std dev: 0.000148306s window: 10


interval [0]:    0.00101714s
interval [1]:    0.00113191s
interval [2]:    0.00115185s
interval [3]:    0.00139072s
interval [4]:    0.00126586s
interval [5]:    0.00147726s
interval [6]:    0.00135473s
interval [7]:    0.00206069s
interval [8]:    0.00203416s
interval [9]:    0.00165493s
average rate: 687.793
min: 0.00101714s max: 0.00206069s std dev: 0.000343615s window: 10


interval [0]:    0.00115608s
interval [1]:    0.00157805s
interval [2]:    0.00140441s
interval [3]:    0.00157016s
interval [4]:    0.00132773s
interval [5]:    0.00115422s
interval [6]:    0.00132754s
interval [7]:    0.00112614s
interval [8]:    0.00155679s
interval [9]:    0.00160364s
average rate: 724.388
min: 0.00112614s max: 0.00160364s std dev: 0.00018119s window: 10


interval [0]:    0.00148654s
interval [1]:    0.00141943s
interval [2]:    0.0011967s
interval [3]:    0.00119652s
interval [4]:    0.00147122s
interval [5]:    0.0012215s
interval [6]:    0.00164852s
interval [7]:    0.00141848s
interval [8]:    0.00143136s
interval [9]:    0.0011273s
average rate: 734.345
min: 0.0011273s max: 0.00164852s std dev: 0.000158228s window: 10


interval [0]:    0.00108401s
interval [1]:    0.00131262s
interval [2]:    0.00137001s
interval [3]:    0.00139657s
interval [4]:    0.00105095s
interval [5]:    0.0013007s
interval [6]:    0.00148684s
interval [7]:    0.00128145s
interval [8]:    0.00163905s
interval [9]:    0.00143148s
average rate: 748.856
min: 0.00105095s max: 0.00163905s std dev: 0.000166749s window: 10


interval [0]:    0.00114801s
interval [1]:    0.000979932s
interval [2]:    0.00103823s
interval [3]:    0.00100361s
interval [4]:    0.000993519s
interval [5]:    0.00113027s
interval [6]:    0.00115686s
interval [7]:    0.00114244s
interval [8]:    0.00122676s
interval [9]:    0.00121441s
average rate: 906.287
min: 0.000979932s max: 0.00122676s std dev: 8.72681e-05s window: 10


interval [0]:    0.00137978s
interval [1]:    0.00133972s
interval [2]:    0.00112675s
interval [3]:    0.000988561s
interval [4]:    0.000997907s
interval [5]:    0.000943316s
interval [6]:    0.00107067s
interval [7]:    0.00105003s
interval [8]:    0.00121593s
interval [9]:    0.000968517s
average rate: 902.431
min: 0.000943316s max: 0.00137978s std dev: 0.000147403s window: 10


interval [0]:    0.00125587s
interval [1]:    0.00127271s
interval [2]:    0.00175402s
interval [3]:    0.00130864s
interval [4]:    0.0011161s
interval [5]:    0.00106917s
interval [6]:    0.00104961s
interval [7]:    0.000906642s
interval [8]:    0.00110523s
interval [9]:    0.00153576s
average rate: 808.162
min: 0.000906642s max: 0.00175402s std dev: 0.000238271s window: 10


interval [0]:    0.00172776s
interval [1]:    0.00127481s
interval [2]:    0.00124278s
interval [3]:    0.00112931s
interval [4]:    0.00124741s
interval [5]:    0.00114013s
interval [6]:    0.00140428s
interval [7]:    0.00127087s
interval [8]:    0.0012623s
interval [9]:    0.000996708s
average rate: 787.627
min: 0.000996708s max: 0.00172776s std dev: 0.000184462s window: 10


interval [0]:    0.00140977s
interval [1]:    0.00133945s
interval [2]:    0.00163567s
interval [3]:    0.00171711s
interval [4]:    0.00167189s
interval [5]:    0.0013959s
interval [6]:    0.00140198s
interval [7]:    0.00119716s
interval [8]:    0.00117104s
interval [9]:    0.0013354s
average rate: 700.508
min: 0.00117104s max: 0.00171711s std dev: 0.000179991s window: 10


interval [0]:    0.00154599s
interval [1]:    0.00152429s
interval [2]:    0.00198658s
interval [3]:    0.00196655s
interval [4]:    0.00170402s
interval [5]:    0.0017584s
interval [6]:    0.00104577s
interval [7]:    0.0011004s
interval [8]:    0.00114908s
interval [9]:    0.00108497s
average rate: 672.674
min: 0.00104577s max: 0.00198658s std dev: 0.000350018s window: 10


interval [0]:    0.00136416s
interval [1]:    0.00127521s
interval [2]:    0.00143321s
interval [3]:    0.00173095s
interval [4]:    0.00128839s
interval [5]:    0.00139277s
interval [6]:    0.00140275s
interval [7]:    0.00126416s
interval [8]:    0.00113315s
interval [9]:    0.00105066s
average rate: 749.883
min: 0.00105066s max: 0.00173095s std dev: 0.000175368s window: 10


interval [0]:    0.00162165s
interval [1]:    0.00131151s
interval [2]:    0.00129101s
interval [3]:    0.00121136s
interval [4]:    0.00106563s
interval [5]:    0.00100299s
interval [6]:    0.00107707s
interval [7]:    0.00103103s
interval [8]:    0.00117037s
interval [9]:    0.000985757s
average rate: 849.735
min: 0.000985757s max: 0.00162165s std dev: 0.000184549s window: 10


interval [0]:    0.000925092s
interval [1]:    0.000963995s
interval [2]:    0.000966457s
interval [3]:    0.000926584s
interval [4]:    0.00118088s
interval [5]:    0.00120436s
interval [6]:    0.00151674s
interval [7]:    0.00143862s
interval [8]:    0.0013528s
interval [9]:    0.00133398s
average rate: 846.774
min: 0.000925092s max: 0.00151674s std dev: 0.000213516s window: 10


interval [0]:    0.00102731s
interval [1]:    0.00104289s
interval [2]:    0.00112358s
interval [3]:    0.000968908s
interval [4]:    0.00118785s
interval [5]:    0.00136665s
interval [6]:    0.00154502s
interval [7]:    0.00184733s
interval [8]:    0.00183417s
interval [9]:    0.00186191s
average rate: 724.343
min: 0.000968908s max: 0.00186191s std dev: 0.000345547s window: 10


interval [0]:    0.00134572s
interval [1]:    0.00130403s
interval [2]:    0.00162756s
interval [3]:    0.00135906s
interval [4]:    0.00148005s
interval [5]:    0.00168218s
interval [6]:    0.00185432s
interval [7]:    0.00147693s
interval [8]:    0.00157588s
interval [9]:    0.0019178s
average rate: 640.061
min: 0.00130403s max: 0.0019178s std dev: 0.00019986s window: 10


interval [0]:    0.00121027s
interval [1]:    0.0013846s
interval [2]:    0.00134693s
interval [3]:    0.001337s
interval [4]:    0.00165468s
interval [5]:    0.00191805s
interval [6]:    0.00131109s
interval [7]:    0.00110095s
interval [8]:    0.00102689s
interval [9]:    0.00123688s
average rate: 739.243
min: 0.00102689s max: 0.00191805s std dev: 0.00024841s window: 10


interval [0]:    0.00116402s
interval [1]:    0.0011548s
interval [2]:    0.00104686s
interval [3]:    0.00109802s
interval [4]:    0.0011667s
interval [5]:    0.00162167s
interval [6]:    0.00189777s
interval [7]:    0.00178424s
interval [8]:    0.00184007s
interval [9]:    0.0015016s
average rate: 700.488
min: 0.00104686s max: 0.00189777s std dev: 0.000320479s window: 10


interval [0]:    0.00101413s
interval [1]:    0.000917443s
interval [2]:    0.000948042s
interval [3]:    0.000971393s
interval [4]:    0.000944799s
interval [5]:    0.00109091s
interval [6]:    0.00133378s
interval [7]:    0.00142281s
interval [8]:    0.00160013s
interval [9]:    0.00151145s
average rate: 850.709
min: 0.000917443s max: 0.00160013s std dev: 0.000250161s window: 10


interval [0]:    0.00108453s
interval [1]:    0.000999568s
interval [2]:    0.000972944s
interval [3]:    0.000973993s
interval [4]:    0.00109314s
interval [5]:    0.0011242s
interval [6]:    0.000995292s
interval [7]:    0.000942957s
interval [8]:    0.00123045s
interval [9]:    0.001257s
average rate: 936.849
min: 0.000942957s max: 0.001257s std dev: 0.000104714s window: 10


interval [0]:    0.0017697s
interval [1]:    0.00175526s
interval [2]:    0.0012442s
interval [3]:    0.00112616s
interval [4]:    0.000977239s
interval [5]:    0.000993763s
interval [6]:    0.00100639s
interval [7]:    0.00118933s
interval [8]:    0.00126248s
interval [9]:    0.00145232s
average rate: 782.666
min: 0.000977239s max: 0.0017697s std dev: 0.000278792s window: 10


interval [0]:    0.00109733s
interval [1]:    0.00120059s
interval [2]:    0.00124559s
interval [3]:    0.00129222s
interval [4]:    0.00119124s
interval [5]:    0.00111737s
interval [6]:    0.00145905s
interval [7]:    0.00123926s
interval [8]:    0.0013467s
interval [9]:    0.00147145s
average rate: 789.84
min: 0.00109733s max: 0.00147145s std dev: 0.000121745s window: 10


interval [0]:    0.00161691s
interval [1]:    0.00164594s
interval [2]:    0.00164906s
interval [3]:    0.00127861s
interval [4]:    0.001115s
interval [5]:    0.000988416s
interval [6]:    0.00108416s
interval [7]:    0.00106632s
interval [8]:    0.00118121s
interval [9]:    0.00157903s
average rate: 757.309
min: 0.000988416s max: 0.00164906s std dev: 0.000257428s window: 10


interval [0]:    0.00156889s
interval [1]:    0.00145311s
interval [2]:    0.00156191s
interval [3]:    0.00121805s
interval [4]:    0.00121063s
interval [5]:    0.00143118s
interval [6]:    0.00158275s
interval [7]:    0.00147012s
interval [8]:    0.00124922s
interval [9]:    0.00127558s
average rate: 713.194
min: 0.00121063s max: 0.00158275s std dev: 0.000142823s window: 10


interval [0]:    0.00140722s
interval [1]:    0.00165499s
interval [2]:    0.00162196s
interval [3]:    0.00166085s
interval [4]:    0.0014802s
interval [5]:    0.00110324s
interval [6]:    0.0012552s
interval [7]:    0.00136059s
interval [8]:    0.00132321s
interval [9]:    0.00174917s
average rate: 684.152
min: 0.00110324s max: 0.00174917s std dev: 0.000197279s window: 10


interval [0]:    0.00120317s
interval [1]:    0.00110113s
interval [2]:    0.00111642s
interval [3]:    0.0011348s
interval [4]:    0.00114286s
interval [5]:    0.00116616s
interval [6]:    0.00106796s
interval [7]:    0.00101992s
interval [8]:    0.00114585s
interval [9]:    0.00113773s
average rate: 889.996
min: 0.00101992s max: 0.00120317s std dev: 4.87204e-05s window: 10


interval [0]:    0.00144736s
interval [1]:    0.00127234s
interval [2]:    0.00133289s
interval [3]:    0.00122577s
interval [4]:    0.00119828s
interval [5]:    0.000982714s
interval [6]:    0.0010578s
interval [7]:    0.000952162s
interval [8]:    0.000997363s
interval [9]:    0.000988096s
average rate: 872.999
min: 0.000952162s max: 0.00144736s std dev: 0.000164268s window: 10


interval [0]:    0.00111194s
interval [1]:    0.00127774s
interval [2]:    0.00146653s
interval [3]:    0.00173566s
interval [4]:    0.00144162s
interval [5]:    0.00133753s
interval [6]:    0.00107276s
interval [7]:    0.000947909s
interval [8]:    0.00101484s
interval [9]:    0.00123698s
average rate: 790.92
min: 0.000947909s max: 0.00173566s std dev: 0.000228702s window: 10


interval [0]:    0.00126568s
interval [1]:    0.00113515s
interval [2]:    0.00138233s
interval [3]:    0.00153333s
interval [4]:    0.00160338s
interval [5]:    0.00161796s
interval [6]:    0.00159758s
interval [7]:    0.00155114s
interval [8]:    0.0014459s
interval [9]:    0.00122275s
average rate: 696.611
min: 0.00113515s max: 0.00161796s std dev: 0.000166713s window: 10


interval [0]:    0.00113309s
interval [1]:    0.00131557s
interval [2]:    0.00151799s
interval [3]:    0.00139141s
interval [4]:    0.00132261s
interval [5]:    0.0010978s
interval [6]:    0.00117615s
interval [7]:    0.00145767s
interval [8]:    0.00119465s
interval [9]:    0.00120079s
average rate: 780.778
min: 0.0010978s max: 0.00151799s std dev: 0.000135209s window: 10


interval [0]:    0.00130588s
interval [1]:    0.00133034s
interval [2]:    0.00142528s
interval [3]:    0.00178586s
interval [4]:    0.00197282s
interval [5]:    0.00152835s
interval [6]:    0.00156839s
interval [7]:    0.00142817s
interval [8]:    0.00127084s
interval [9]:    0.00145748s
average rate: 663.42
min: 0.00127084s max: 0.00197282s std dev: 0.000210178s window: 10


interval [0]:    0.00113204s
interval [1]:    0.00213286s
interval [2]:    0.00176384s
interval [3]:    0.00162787s
interval [4]:    0.00191457s
interval [5]:    0.00164206s
interval [6]:    0.00122574s
interval [7]:    0.00121809s
interval [8]:    0.00124082s
interval [9]:    0.00118041s
average rate: 663.205
min: 0.00113204s max: 0.00213286s std dev: 0.000337239s window: 10


interval [0]:    0.00140633s
interval [1]:    0.0013933s
interval [2]:    0.00121459s
interval [3]:    0.00115191s
interval [4]:    0.00105099s
interval [5]:    0.0010715s
interval [6]:    0.00112057s
interval [7]:    0.0011688s
interval [8]:    0.00118536s
interval [9]:    0.00117124s
average rate: 837.901
min: 0.00105099s max: 0.00140633s std dev: 0.000113611s window: 10


interval [0]:    0.000986871s
interval [1]:    0.00104531s
interval [2]:    0.00125622s
interval [3]:    0.00141263s
interval [4]:    0.00141367s
interval [5]:    0.00115645s
interval [6]:    0.00119438s
interval [7]:    0.00108152s
interval [8]:    0.00113847s
interval [9]:    0.00112076s
average rate: 847.007
min: 0.000986871s max: 0.00141367s std dev: 0.000136255s window: 10


interval [0]:    0.00107982s
interval [1]:    0.00095728s
interval [2]:    0.00111089s
interval [3]:    0.00108367s
interval [4]:    0.00117174s
interval [5]:    0.00151055s
interval [6]:    0.00159908s
interval [7]:    0.00149142s
interval [8]:    0.00155919s
interval [9]:    0.00155971s
average rate: 762.001
min: 0.00095728s max: 0.00159908s std dev: 0.000238427s window: 10


interval [0]:    0.00121724s
interval [1]:    0.00120563s
interval [2]:    0.00108074s
interval [3]:    0.001254s
interval [4]:    0.00113414s
interval [5]:    0.00119686s
interval [6]:    0.00178675s
interval [7]:    0.0016525s
interval [8]:    0.00159249s
interval [9]:    0.00149775s
average rate: 734.316
min: 0.00108074s max: 0.00178675s std dev: 0.000234889s window: 10


interval [0]:    0.00142822s
interval [1]:    0.00138442s
interval [2]:    0.00145512s
interval [3]:    0.00149225s
interval [4]:    0.00164269s
interval [5]:    0.00158809s
interval [6]:    0.00151738s
interval [7]:    0.00137885s
interval [8]:    0.00137873s
interval [9]:    0.00173801s
average rate: 666.5
min: 0.00137873s max: 0.00173801s std dev: 0.000116206s window: 10


interval [0]:    0.00160439s
interval [1]:    0.0013252s
interval [2]:    0.00107316s
interval [3]:    0.00125501s
interval [4]:    0.00131386s
interval [5]:    0.00134321s
interval [6]:    0.00170076s
interval [7]:    0.00197936s
interval [8]:    0.00128551s
interval [9]:    0.00118712s
average rate: 710.855
min: 0.00107316s max: 0.00197936s std dev: 0.000258833s window: 10


interval [0]:    0.00137122s
interval [1]:    0.00139313s
interval [2]:    0.00123254s
interval [3]:    0.00106272s
interval [4]:    0.00118208s
interval [5]:    0.00139836s
interval [6]:    0.00146991s
interval [7]:    0.00148728s
interval [8]:    0.00160733s
interval [9]:    0.00172742s
average rate: 717.773
min: 0.00106272s max: 0.00172742s std dev: 0.000187725s window: 10


interval [0]:    0.00100854s
interval [1]:    0.000939078s
interval [2]:    0.00101295s
interval [3]:    0.000959093s
interval [4]:    0.00105165s
interval [5]:    0.00118853s
interval [6]:    0.00155206s
interval [7]:    0.00122901s
interval [8]:    0.00143033s
interval [9]:    0.0014679s
average rate: 844.656
min: 0.000939078s max: 0.00155206s std dev: 0.000216083s window: 10


interval [0]:    0.00123917s
interval [1]:    0.00118146s
interval [2]:    0.0011198s
interval [3]:    0.00122319s
interval [4]:    0.0010773s
interval [5]:    0.0011001s
interval [6]:    0.00102474s
interval [7]:    0.000972509s
interval [8]:    0.00122128s
interval [9]:    0.00137255s
average rate: 867.144
min: 0.000972509s max: 0.00137255s std dev: 0.000111661s window: 10


interval [0]:    0.00121071s
interval [1]:    0.0012696s
interval [2]:    0.00127549s
interval [3]:    0.00126977s
interval [4]:    0.00111292s
interval [5]:    0.00106574s
interval [6]:    0.0010624s
interval [7]:    0.00126106s
interval [8]:    0.00133159s
interval [9]:    0.00151668s
average rate: 808.018
min: 0.0010624s max: 0.00151668s std dev: 0.000129331s window: 10


interval [0]:    0.00165139s
interval [1]:    0.0013026s
interval [2]:    0.00140019s
interval [3]:    0.00127042s
interval [4]:    0.00128696s
interval [5]:    0.00130673s
interval [6]:    0.0012974s
interval [7]:    0.0014046s
interval [8]:    0.00141533s
interval [9]:    0.00154063s
average rate: 720.656
min: 0.00127042s max: 0.00165139s std dev: 0.000118313s window: 10


interval [0]:    0.00181644s
interval [1]:    0.0015791s
interval [2]:    0.00119346s
interval [3]:    0.00128023s
interval [4]:    0.00110368s
interval [5]:    0.00104615s
interval [6]:    0.00115022s
interval [7]:    0.00135294s
interval [8]:    0.0015122s
interval [9]:    0.00150468s
average rate: 738.601
min: 0.00104615s max: 0.00181644s std dev: 0.000232901s window: 10


interval [0]:    0.00150577s
interval [1]:    0.00160235s
interval [2]:    0.00141576s
interval [3]:    0.00103552s
interval [4]:    0.00119241s
interval [5]:    0.00143618s
interval [6]:    0.00122241s
interval [7]:    0.00132502s
interval [8]:    0.00144947s
interval [9]:    0.00140725s
average rate: 735.719
min: 0.00103552s max: 0.00160235s std dev: 0.00015895s window: 10


interval [0]:    0.00126956s
interval [1]:    0.00119831s
interval [2]:    0.0012092s
interval [3]:    0.00116468s
interval [4]:    0.00119968s
interval [5]:    0.00128043s
interval [6]:    0.000988509s
interval [7]:    0.000928831s
interval [8]:    0.00102394s
interval [9]:    0.00107427s
average rate: 882.035
min: 0.000928831s max: 0.00128043s std dev: 0.000115674s window: 10


interval [0]:    0.00159773s
interval [1]:    0.00134771s
interval [2]:    0.00130529s
interval [3]:    0.00123135s
interval [4]:    0.00101349s
interval [5]:    0.00111113s
interval [6]:    0.00109369s
interval [7]:    0.00105157s
interval [8]:    0.000900981s
interval [9]:    0.000935801s
average rate: 862.906
min: 0.000900981s max: 0.00159773s std dev: 0.000202581s window: 10


interval [0]:    0.00118734s
interval [1]:    0.00123066s
interval [2]:    0.00140843s
interval [3]:    0.00141579s
interval [4]:    0.00127255s
interval [5]:    0.00115009s
interval [6]:    0.00107854s
interval [7]:    0.00104138s
interval [8]:    0.00125269s
interval [9]:    0.00118994s
average rate: 817.834
min: 0.00104138s max: 0.00141579s std dev: 0.000116826s window: 10


interval [0]:    0.0012877s
interval [1]:    0.0012657s
interval [2]:    0.00216832s
interval [3]:    0.00189292s
interval [4]:    0.00142658s
interval [5]:    0.00143661s
interval [6]:    0.00139261s
interval [7]:    0.00160808s
interval [8]:    0.00153877s
interval [9]:    0.00133447s
average rate: 651.391
min: 0.0012657s max: 0.00216832s std dev: 0.00027389s window: 10


interval [0]:    0.00136234s
interval [1]:    0.00139806s
interval [2]:    0.00161419s
interval [3]:    0.0019641s
interval [4]:    0.00149855s
interval [5]:    0.00117484s
interval [6]:    0.00127771s
interval [7]:    0.00125773s
interval [8]:    0.00122525s
interval [9]:    0.00134391s
average rate: 708.382
min: 0.00117484s max: 0.0019641s std dev: 0.000222135s window: 10


interval [0]:    0.00171587s
interval [1]:    0.00168534s
interval [2]:    0.00208833s
interval [3]:    0.00163749s
interval [4]:    0.00150696s
interval [5]:    0.00133582s
interval [6]:    0.00131524s
interval [7]:    0.00113992s
interval [8]:    0.00101354s
interval [9]:    0.00108276s
average rate: 688.645
min: 0.00101354s max: 0.00208833s std dev: 0.000320094s window: 10


interval [0]:    0.00128628s
interval [1]:    0.00145078s
interval [2]:    0.00143417s
interval [3]:    0.0016214s
interval [4]:    0.00163176s
interval [5]:    0.00151147s
interval [6]:    0.0011859s
interval [7]:    0.0010403s
interval [8]:    0.00123843s
interval [9]:    0.000959758s
average rate: 748.49
min: 0.000959758s max: 0.00163176s std dev: 0.000220465s window: 10


interval [0]:    0.00119705s
interval [1]:    0.0010863s
interval [2]:    0.00144137s
interval [3]:    0.00118649s
interval [4]:    0.00137432s
interval [5]:    0.00121858s
interval [6]:    0.00107709s
interval [7]:    0.00126022s
interval [8]:    0.00146073s
interval [9]:    0.00143946s
average rate: 784.831
min: 0.00107709s max: 0.00146073s std dev: 0.000138264s window: 10


interval [0]:    0.00114097s
interval [1]:    0.000999743s
interval [2]:    0.00104768s
interval [3]:    0.00118124s
interval [4]:    0.00133556s
interval [5]:    0.00116297s
interval [6]:    0.00136192s
interval [7]:    0.00106346s
interval [8]:    0.00109994s
interval [9]:    0.00114785s
average rate: 866.451
min: 0.000999743s max: 0.00136192s std dev: 0.000111104s window: 10


interval [0]:    0.000937951s
interval [1]:    0.00090471s
interval [2]:    0.000924441s
interval [3]:    0.000999639s
interval [4]:    0.00124438s
interval [5]:    0.0014316s
interval [6]:    0.00174515s
interval [7]:    0.00170564s
interval [8]:    0.00184625s
interval [9]:    0.0016182s
average rate: 748.617
min: 0.00090471s max: 0.00184625s std dev: 0.000358962s window: 10


interval [0]:    0.00121387s
interval [1]:    0.000998257s
interval [2]:    0.00126328s
interval [3]:    0.00112255s
interval [4]:    0.00128768s
interval [5]:    0.00130132s
interval [6]:    0.00158348s
interval [7]:    0.00156914s
interval [8]:    0.00179656s
interval [9]:    0.00179382s
average rate: 717.877
min: 0.000998257s max: 0.00179656s std dev: 0.000262336s window: 10


interval [0]:    0.00137248s
interval [1]:    0.00125443s
interval [2]:    0.00131142s
interval [3]:    0.0013881s
interval [4]:    0.00145246s
interval [5]:    0.00159235s
interval [6]:    0.00129265s
interval [7]:    0.00147779s
interval [8]:    0.00144894s
interval [9]:    0.00148705s
average rate: 710.345
min: 0.00125443s max: 0.00159235s std dev: 9.83021e-05s window: 10

== ROS Rates ==
-- /clock
average rate: 762.623
	min: 0.001s max: 0.002s std dev: 0.00029s window: 50
average rate: 719.107
	min: 0.001s max: 0.004s std dev: 0.00051s window: 50
average rate: 71.035
	min: 0.000s max: 0.333s std dev: 0.06482s window: 50
average rate: 718.396
	min: 0.001s max: 0.002s std dev: 0.00026s window: 50
average rate: 769.917
	min: 0.001s max: 0.002s std dev: 0.00034s window: 50
-- /tf
average rate: 152.210
	min: 0.000s max: 0.022s std dev: 0.00543s window: 50
average rate: 183.826
	min: 0.000s max: 0.029s std dev: 0.00530s window: 50
average rate: 231.125
	min: 0.000s max: 0.014s std dev: 0.00400s window: 50
average rate: 228.902
	min: 0.000s max: 0.021s std dev: 0.00429s window: 50
average rate: 216.778
	min: 0.000s max: 0.015s std dev: 0.00409s window: 50
average rate: 227.493
	min: 0.000s max: 0.014s std dev: 0.00372s window: 50
-- /tf_static info

$ ros2 topic info /tf_static --verbose
Type: tf2_msgs/msg/TFMessage

Publisher count: 2

Node name: mur620a_rsp
Node namespace: /mur620a
Topic type: tf2_msgs/msg/TFMessage
Topic type hash: RIHS01_e369d0f05a23ae52508854b66f6aa0437f3449d652e8cbf22d5abe85d020f087
Endpoint type: PUBLISHER
GID: 01.0f.f6.e2.00.5f.fa.e0.00.00.00.00.00.00.16.03
QoS profile:
  Reliability: RELIABLE
  History (Depth): UNKNOWN
  Durability: TRANSIENT_LOCAL
  Lifespan: Infinite
  Deadline: Infinite
  Liveliness: AUTOMATIC
  Liveliness lease duration: Infinite

Node name: mur620c_rsp
Node namespace: /mur620c
Topic type: tf2_msgs/msg/TFMessage
Topic type hash: RIHS01_e369d0f05a23ae52508854b66f6aa0437f3449d652e8cbf22d5abe85d020f087
Endpoint type: PUBLISHER
GID: 01.0f.f6.e2.25.68.48.aa.00.00.00.00.00.00.16.03
QoS profile:
  Reliability: RELIABLE
  History (Depth): UNKNOWN
  Durability: TRANSIENT_LOCAL
  Lifespan: Infinite
  Deadline: Infinite
  Liveliness: AUTOMATIC
  Liveliness lease duration: Infinite

Subscription count: 8

Node name: _NODE_NAME_UNKNOWN_
Node namespace: _NODE_NAMESPACE_UNKNOWN_
Topic type: tf2_msgs/msg/TFMessage
Topic type hash: RIHS01_e369d0f05a23ae52508854b66f6aa0437f3449d652e8cbf22d5abe85d020f087
Endpoint type: SUBSCRIPTION
GID: 01.0f.f6.e2.06.5f.26.1b.00.00.00.00.00.00.1b.04
QoS profile:
  Reliability: RELIABLE
  History (Depth): UNKNOWN
  Durability: TRANSIENT_LOCAL
  Lifespan: Infinite
  Deadline: Infinite
  Liveliness: AUTOMATIC
  Liveliness lease duration: Infinite

Node name: amcl
Node namespace: /mur620b
Topic type: tf2_msgs/msg/TFMessage
Topic type hash: RIHS01_e369d0f05a23ae52508854b66f6aa0437f3449d652e8cbf22d5abe85d020f087
Endpoint type: SUBSCRIPTION
GID: 01.0f.f6.e2.40.66.ff.12.00.00.00.00.00.00.21.04
QoS profile:
  Reliability: RELIABLE
  History (Depth): UNKNOWN
  Durability: TRANSIENT_LOCAL
  Lifespan: Infinite
  Deadline: Infinite
  Liveliness: AUTOMATIC
  Liveliness lease duration: Infinite

Node name: _NODE_NAME_UNKNOWN_
Node namespace: _NODE_NAMESPACE_UNKNOWN_
Topic type: tf2_msgs/msg/TFMessage
Topic type hash: RIHS01_e369d0f05a23ae52508854b66f6aa0437f3449d652e8cbf22d5abe85d020f087
Endpoint type: SUBSCRIPTION
GID: 01.0f.f6.e2.4b.6d.dd.c1.00.00.00.00.00.00.21.04
QoS profile:
  Reliability: RELIABLE
  History (Depth): UNKNOWN
  Durability: TRANSIENT_LOCAL
  Lifespan: Infinite
  Deadline: Infinite
  Liveliness: AUTOMATIC
  Liveliness lease duration: Infinite

Node name: transform_listener_impl_614fe4d84540
Node namespace: /
Topic type: tf2_msgs/msg/TFMessage
Topic type hash: RIHS01_e369d0f05a23ae52508854b66f6aa0437f3449d652e8cbf22d5abe85d020f087
Endpoint type: SUBSCRIPTION
GID: 01.0f.f6.e2.5e.64.6f.71.00.00.00.00.00.00.1b.04
QoS profile:
  Reliability: RELIABLE
  History (Depth): UNKNOWN
  Durability: TRANSIENT_LOCAL
  Lifespan: Infinite
  Deadline: Infinite
  Liveliness: AUTOMATIC
  Liveliness lease duration: Infinite

Node name: transform_listener_impl_61f768805c60
Node namespace: /
Topic type: tf2_msgs/msg/TFMessage
Topic type hash: RIHS01_e369d0f05a23ae52508854b66f6aa0437f3449d652e8cbf22d5abe85d020f087
Endpoint type: SUBSCRIPTION
GID: 01.0f.f6.e2.61.63.47.8c.00.00.00.00.00.00.31.04
QoS profile:
  Reliability: RELIABLE
  History (Depth): UNKNOWN
  Durability: TRANSIENT_LOCAL
  Lifespan: Infinite
  Deadline: Infinite
  Liveliness: AUTOMATIC
  Liveliness lease duration: Infinite

Node name: amcl
Node namespace: /mur620a
Topic type: tf2_msgs/msg/TFMessage
Topic type hash: RIHS01_e369d0f05a23ae52508854b66f6aa0437f3449d652e8cbf22d5abe85d020f087
Endpoint type: SUBSCRIPTION
GID: 01.0f.f6.e2.8c.61.87.fc.00.00.00.00.00.00.21.04
QoS profile:
  Reliability: RELIABLE
  History (Depth): UNKNOWN
  Durability: TRANSIENT_LOCAL
  Lifespan: Infinite
  Deadline: Infinite
  Liveliness: AUTOMATIC
  Liveliness lease duration: Infinite

Node name: transform_listener_impl_5bf0c98845e0
Node namespace: /
Topic type: tf2_msgs/msg/TFMessage
Topic type hash: RIHS01_e369d0f05a23ae52508854b66f6aa0437f3449d652e8cbf22d5abe85d020f087
Endpoint type: SUBSCRIPTION
GID: 01.0f.f6.e2.91.6b.6c.6e.00.00.00.00.00.00.1b.04
QoS profile:
  Reliability: RELIABLE
  History (Depth): UNKNOWN
  Durability: TRANSIENT_LOCAL
  Lifespan: Infinite
  Deadline: Infinite
  Liveliness: AUTOMATIC
  Liveliness lease duration: Infinite

Node name: amcl
Node namespace: /mur620c
Topic type: tf2_msgs/msg/TFMessage
Topic type hash: RIHS01_e369d0f05a23ae52508854b66f6aa0437f3449d652e8cbf22d5abe85d020f087
Endpoint type: SUBSCRIPTION
GID: 01.0f.f6.e2.fd.69.31.09.00.00.00.00.00.00.21.04
QoS profile:
  Reliability: RELIABLE
  History (Depth): UNKNOWN
  Durability: TRANSIENT_LOCAL
  Lifespan: Infinite
  Deadline: Infinite
  Liveliness: AUTOMATIC
  Liveliness lease duration: Infinite

-- /map info

$ ros2 topic info /map --verbose
Type: nav_msgs/msg/OccupancyGrid

Publisher count: 1

Node name: map_server
Node namespace: /
Topic type: nav_msgs/msg/OccupancyGrid
Topic type hash: RIHS01_8d348150c12913a31ee0ec170fbf25089e4745d17035792a1ba94d6f0bc0cfc7
Endpoint type: PUBLISHER
GID: 01.0f.f6.e2.a9.5e.b2.3a.00.00.00.00.00.00.22.03
QoS profile:
  Reliability: RELIABLE
  History (Depth): UNKNOWN
  Durability: TRANSIENT_LOCAL
  Lifespan: Infinite
  Deadline: Infinite
  Liveliness: AUTOMATIC
  Liveliness lease duration: Infinite

Subscription count: 2

Node name: rviz2_multi_mur_base
Node namespace: /
Topic type: nav_msgs/msg/OccupancyGrid
Topic type hash: RIHS01_8d348150c12913a31ee0ec170fbf25089e4745d17035792a1ba94d6f0bc0cfc7
Endpoint type: SUBSCRIPTION
GID: 01.0f.f6.e2.61.63.47.8c.00.00.00.00.00.00.32.04
QoS profile:
  Reliability: RELIABLE
  History (Depth): UNKNOWN
  Durability: TRANSIENT_LOCAL
  Lifespan: Infinite
  Deadline: Infinite
  Liveliness: AUTOMATIC
  Liveliness lease duration: Infinite

Node name: amcl
Node namespace: /mur620c
Topic type: nav_msgs/msg/OccupancyGrid
Topic type hash: RIHS01_8d348150c12913a31ee0ec170fbf25089e4745d17035792a1ba94d6f0bc0cfc7
Endpoint type: SUBSCRIPTION
GID: 01.0f.f6.e2.fd.69.31.09.00.00.00.00.00.00.27.04
QoS profile:
  Reliability: RELIABLE
  History (Depth): UNKNOWN
  Durability: TRANSIENT_LOCAL
  Lifespan: Infinite
  Deadline: Infinite
  Liveliness: AUTOMATIC
  Liveliness lease duration: Infinite


== Robot mur620a Rates ==

$ ros2 topic info /mur620a/scan --verbose
Unknown topic '/mur620a/scan'
average rate: 9.421
	min: 0.004s max: 0.218s std dev: 0.10181s window: 10
average rate: 9.638
	min: 0.003s max: 0.218s std dev: 0.09941s window: 20
average rate: 9.886
	min: 0.003s max: 0.200s std dev: 0.09700s window: 20
average rate: 9.907
	min: 0.002s max: 0.202s std dev: 0.09695s window: 20
average rate: 9.929
	min: 0.002s max: 0.202s std dev: 0.09669s window: 20
average rate: 9.920
	min: 0.002s max: 0.202s std dev: 0.09644s window: 20
WARNING: topic [/mur620a/f_scan_raw] does not appear to be published yet
average rate: 18.280
	min: 0.000s max: 0.366s std dev: 0.10779s window: 19
average rate: 19.575
	min: 0.003s max: 0.106s std dev: 0.04713s window: 20
average rate: 18.754
	min: 0.002s max: 0.117s std dev: 0.04972s window: 20
WARNING: topic [/mur620a/b_scan_raw] does not appear to be published yet
average rate: 17.893
	min: 0.000s max: 0.430s std dev: 0.09848s window: 19
average rate: 19.719
	min: 0.002s max: 0.102s std dev: 0.04711s window: 20
average rate: 19.860
	min: 0.002s max: 0.099s std dev: 0.04680s window: 20
average rate: 19.704
	min: 0.003s max: 0.101s std dev: 0.04690s window: 20
average rate: 77.979
	min: 0.011s max: 0.014s std dev: 0.00093s window: 20
average rate: 77.984
	min: 0.010s max: 0.015s std dev: 0.00118s window: 20
average rate: 76.991
	min: 0.010s max: 0.015s std dev: 0.00134s window: 20
average rate: 76.671
	min: 0.010s max: 0.015s std dev: 0.00126s window: 20
