Writing diagnostic log to: /home/rosmatch/colcon_ws/src/match_mobile_robotics_jazzy/logs/check_multi_mur620_moveit_20260521_141446.log
Workspace: /home/rosmatch/colcon_ws
ROS_DOMAIN_ID: 62
Robots: mur620a mur620b

== Processes ==
976960 /usr/bin/python3 /opt/ros/jazzy/bin/ros2 launch mur_launch_sim multi_mur620.launch.py launch_moveit:=true launch_rviz:=true moveit_robot:=all fake_localization:=true
977018 /opt/ros/jazzy/lib/nav2_map_server/map_server --ros-args -r __node:=map_server --params-file /tmp/launch_params_yf9t915x
977168 /home/rosmatch/colcon_ws/install/mur_launch_sim/lib/mur_launch_sim/gz_ground_truth_publisher --ros-args -r __node:=mur620a_ground_truth --params-file /tmp/launch_params_10l722i7
977169 /opt/ros/jazzy/lib/robot_state_publisher/robot_state_publisher --ros-args -r __node:=mur620a_rsp -r __ns:=/mur620a --params-file /tmp/launch_params_r1vm2s6w --params-file /tmp/launch_params_2bpim82s --params-file /tmp/launch_params_jswdth_g
977170 /opt/ros/jazzy/lib/robot_state_publisher/robot_state_publisher --ros-args -r __node:=mur620a_global_rsp --params-file /tmp/launch_params_2ynkm3ho --params-file /tmp/launch_params_04ywmb8l --params-file /tmp/launch_params_yu39vset -r /tf:=unused_tf -r /tf_static:=unused_tf_static
977175 python3 /home/rosmatch/colcon_ws/install/mur_launch_sim/lib/mur_launch_sim/fake_localization_from_ground_truth.py --ros-args -r __node:=mur620a_fake_localization --params-file /tmp/launch_params_9rd96pg4
977368 /usr/bin/python3 /opt/ros/jazzy/lib/controller_manager/spawner joint_state_broadcaster --controller-manager /mur620a/controller_manager --controller-manager-timeout 60 --param-file /tmp/mur_launch_sim/mur620a_mur_controllers.yaml --ros-args
977370 /usr/bin/python3 /opt/ros/jazzy/lib/controller_manager/spawner lift_controller_l --controller-manager /mur620a/controller_manager --controller-manager-timeout 60 --param-file /tmp/mur_launch_sim/mur620a_mur_controllers.yaml --inactive --ros-args
977691 /opt/ros/jazzy/lib/moveit_ros_move_group/move_group --ros-args -r __ns:=/mur620a --params-file /tmp/launch_params_kev6q8w2 --params-file /tmp/launch_params_07e8ukfc --params-file /tmp/launch_params_d93s14be --params-file /tmp/launch_params_lfok1fo5 -r /tf:=/tf -r /tf_static:=/tf_static
977805 /usr/bin/python3 /opt/ros/jazzy/lib/controller_manager/spawner forward_velocity_controller_r --controller-manager /mur620a/controller_manager --controller-manager-timeout 90 --param-file /tmp/mur_launch_sim/mur620a_mur_controllers.yaml --ros-args
977808 /usr/bin/python3 /opt/ros/jazzy/lib/controller_manager/spawner joint_trajectory_controller_lift_l --controller-manager /mur620a/controller_manager --controller-manager-timeout 90 --param-file /tmp/mur_launch_sim/mur620a_mur_controllers.yaml --inactive --ros-args
977809 /usr/bin/python3 /opt/ros/jazzy/lib/controller_manager/spawner joint_trajectory_controller_lift_r --controller-manager /mur620a/controller_manager --controller-manager-timeout 90 --param-file /tmp/mur_launch_sim/mur620a_mur_controllers.yaml --inactive --ros-args
979040 /home/rosmatch/colcon_ws/install/mur_launch_sim/lib/mur_launch_sim/gz_ground_truth_publisher --ros-args -r __node:=mur620b_ground_truth --params-file /tmp/launch_params_em4vsuc_
979041 /opt/ros/jazzy/lib/robot_state_publisher/robot_state_publisher --ros-args -r __node:=mur620b_rsp -r __ns:=/mur620b --params-file /tmp/launch_params__jld68uf --params-file /tmp/launch_params_phx1sy2w --params-file /tmp/launch_params_qesi_e88
979042 /opt/ros/jazzy/lib/robot_state_publisher/robot_state_publisher --ros-args -r __node:=mur620b_global_rsp --params-file /tmp/launch_params_1ie4tf_7 --params-file /tmp/launch_params_pi60g3f5 --params-file /tmp/launch_params_q955mm99 -r /tf:=unused_tf -r /tf_static:=unused_tf_static
979046 python3 /home/rosmatch/colcon_ws/install/mur_launch_sim/lib/mur_launch_sim/fake_localization_from_ground_truth.py --ros-args -r __node:=mur620b_fake_localization --params-file /tmp/launch_params_618focfe
979247 /usr/bin/python3 /opt/ros/jazzy/lib/controller_manager/spawner mobile_base_controller --controller-manager /mur620b/controller_manager --controller-manager-timeout 60 --param-file /tmp/mur_launch_sim/mur620b_mur_controllers.yaml --ros-args
979248 /usr/bin/python3 /opt/ros/jazzy/lib/controller_manager/spawner lift_controller_l --controller-manager /mur620b/controller_manager --controller-manager-timeout 60 --param-file /tmp/mur_launch_sim/mur620b_mur_controllers.yaml --inactive --ros-args
979250 /usr/bin/python3 /opt/ros/jazzy/lib/controller_manager/spawner lift_effort_controller_l --controller-manager /mur620b/controller_manager --controller-manager-timeout 60 --param-file /tmp/mur_launch_sim/mur620b_mur_controllers.yaml --ros-args
979251 /usr/bin/python3 /opt/ros/jazzy/lib/controller_manager/spawner lift_effort_controller_r --controller-manager /mur620b/controller_manager --controller-manager-timeout 60 --param-file /tmp/mur_launch_sim/mur620b_mur_controllers.yaml --ros-args
979393 /opt/ros/jazzy/lib/rviz2/rviz2 -d /tmp/multi_mur620_mur620a.rviz --ros-args --log-level warn --ros-args -r __node:=rviz2_mur620a_moveit --params-file /tmp/launch_params__m3dior2 --params-file /tmp/launch_params_yrl8wvxp --params-file /tmp/launch_params_xrxgjika -r /tf:=/tf -r /tf_static:=/tf_static
979409 /opt/ros/jazzy/lib/moveit_ros_move_group/move_group --ros-args -r __ns:=/mur620b --params-file /tmp/launch_params_y4928ev6 --params-file /tmp/launch_params_cvt6gt_r --params-file /tmp/launch_params_e0uagrrg --params-file /tmp/launch_params_w5o1ivsj -r /tf:=/tf -r /tf_static:=/tf_static
979550 /usr/bin/python3 /opt/ros/jazzy/lib/controller_manager/spawner forward_velocity_controller_l --controller-manager /mur620b/controller_manager --controller-manager-timeout 90 --param-file /tmp/mur_launch_sim/mur620b_mur_controllers.yaml --ros-args
979551 /usr/bin/python3 /opt/ros/jazzy/lib/controller_manager/spawner forward_velocity_controller_r --controller-manager /mur620b/controller_manager --controller-manager-timeout 90 --param-file /tmp/mur_launch_sim/mur620b_mur_controllers.yaml --ros-args
979552 /usr/bin/python3 /opt/ros/jazzy/lib/controller_manager/spawner joint_trajectory_controller_l --controller-manager /mur620b/controller_manager --controller-manager-timeout 90 --param-file /tmp/mur_launch_sim/mur620b_mur_controllers.yaml --inactive --ros-args
979555 /usr/bin/python3 /opt/ros/jazzy/lib/controller_manager/spawner joint_trajectory_controller_lift_r --controller-manager /mur620b/controller_manager --controller-manager-timeout 90 --param-file /tmp/mur_launch_sim/mur620b_mur_controllers.yaml --inactive --ros-args

 977080  977017 95.0  3.3       00:23 gz sim server
 979409  976960 82.7  0.9       00:08 /opt/ros/jazzy/lib/moveit_ros_move_group/move_group --ros-args -r __ns:=/mur620b --params-file /tmp/launch_params_y4928ev6 --params-file /tmp/launch_params_cvt6gt_r --params-file /tmp/launch_params_e0uagrrg --params-file /tmp/launch_params_w5o1ivsj -r /tf:=/tf -r /tf_static:=/tf_static
 977081  977017 70.5  3.1       00:23 gz sim gui
 979393  976960 70.3  2.8       00:08 /opt/ros/jazzy/lib/rviz2/rviz2 -d /tmp/multi_mur620_mur620a.rviz --ros-args --log-level warn --ros-args -r __node:=rviz2_mur620a_moveit --params-file /tmp/launch_params__m3dior2 --params-file /tmp/launch_params_yrl8wvxp --params-file /tmp/launch_params_xrxgjika -r /tf:=/tf -r /tf_static:=/tf_static
 977691  976960 42.4  0.9       00:20 /opt/ros/jazzy/lib/moveit_ros_move_group/move_group --ros-args -r __ns:=/mur620a --params-file /tmp/launch_params_kev6q8w2 --params-file /tmp/launch_params_07e8ukfc --params-file /tmp/launch_params_d93s14be --params-file /tmp/launch_params_lfok1fo5 -r /tf:=/tf -r /tf_static:=/tf_static
 979046  976960 29.3  0.2       00:10 python3 /home/rosmatch/colcon_ws/install/mur_launch_sim/lib/mur_launch_sim/fake_localization_from_ground_truth.py --ros-args -r __node:=mur620b_fake_localization --params-file /tmp/launch_params_618focfe
 977175  976960 23.3  0.2       00:22 python3 /home/rosmatch/colcon_ws/install/mur_launch_sim/lib/mur_launch_sim/fake_localization_from_ground_truth.py --ros-args -r __node:=mur620a_fake_localization --params-file /tmp/launch_params_9rd96pg4
 979040  976960 10.0  0.1       00:10 /home/rosmatch/colcon_ws/install/mur_launch_sim/lib/mur_launch_sim/gz_ground_truth_publisher --ros-args -r __node:=mur620b_ground_truth --params-file /tmp/launch_params_em4vsuc_
 979041  976960  9.1  0.1       00:10 /opt/ros/jazzy/lib/robot_state_publisher/robot_state_publisher --ros-args -r __node:=mur620b_rsp -r __ns:=/mur620b --params-file /tmp/launch_params__jld68uf --params-file /tmp/launch_params_phx1sy2w --params-file /tmp/launch_params_qesi_e88
 979042  976960  8.6  0.1       00:10 /opt/ros/jazzy/lib/robot_state_publisher/robot_state_publisher --ros-args -r __node:=mur620b_global_rsp --params-file /tmp/launch_params_1ie4tf_7 --params-file /tmp/launch_params_pi60g3f5 --params-file /tmp/launch_params_q955mm99 -r /tf:=unused_tf -r /tf_static:=unused_tf_static
 976960  976052  8.5  0.1       00:23 /usr/bin/python3 /opt/ros/jazzy/bin/ros2 launch mur_launch_sim multi_mur620.launch.py launch_moveit:=true launch_rviz:=true moveit_robot:=all fake_localization:=true
 977168  976960  7.9  0.1       00:22 /home/rosmatch/colcon_ws/install/mur_launch_sim/lib/mur_launch_sim/gz_ground_truth_publisher --ros-args -r __node:=mur620a_ground_truth --params-file /tmp/launch_params_10l722i7
 977018  976960  7.1  0.2       00:23 /opt/ros/jazzy/lib/nav2_map_server/map_server --ros-args -r __node:=map_server --params-file /tmp/launch_params_yf9t915x
 977169  976960  6.7  0.1       00:22 /opt/ros/jazzy/lib/robot_state_publisher/robot_state_publisher --ros-args -r __node:=mur620a_rsp -r __ns:=/mur620a --params-file /tmp/launch_params_r1vm2s6w --params-file /tmp/launch_params_2bpim82s --params-file /tmp/launch_params_jswdth_g
 977170  976960  6.6  0.1       00:22 /opt/ros/jazzy/lib/robot_state_publisher/robot_state_publisher --ros-args -r __node:=mur620a_global_rsp --params-file /tmp/launch_params_2ynkm3ho --params-file /tmp/launch_params_04ywmb8l --params-file /tmp/launch_params_yu39vset -r /tf:=unused_tf -r /tf_static:=unused_tf_static
 979550  976960  5.8  0.2       00:07 /usr/bin/python3 /opt/ros/jazzy/lib/controller_manager/spawner forward_velocity_controller_l --controller-manager /mur620b/controller_manager --controller-manager-timeout 90 --param-file /tmp/mur_launch_sim/mur620b_mur_controllers.yaml --ros-args
 979551  976960  4.6  0.1       00:07 /usr/bin/python3 /opt/ros/jazzy/lib/controller_manager/spawner forward_velocity_controller_r --controller-manager /mur620b/controller_manager --controller-manager-timeout 90 --param-file /tmp/mur_launch_sim/mur620b_mur_controllers.yaml --ros-args
 979552  976960  4.5  0.1       00:07 /usr/bin/python3 /opt/ros/jazzy/lib/controller_manager/spawner joint_trajectory_controller_l --controller-manager /mur620b/controller_manager --controller-manager-timeout 90 --param-file /tmp/mur_launch_sim/mur620b_mur_controllers.yaml --inactive --ros-args
 979555  976960  4.3  0.1       00:07 /usr/bin/python3 /opt/ros/jazzy/lib/controller_manager/spawner joint_trajectory_controller_lift_r --controller-manager /mur620b/controller_manager --controller-manager-timeout 90 --param-file /tmp/mur_launch_sim/mur620b_mur_controllers.yaml --inactive --ros-args
 979251  976960  2.9  0.1       00:09 /usr/bin/python3 /opt/ros/jazzy/lib/controller_manager/spawner lift_effort_controller_r --controller-manager /mur620b/controller_manager --controller-manager-timeout 60 --param-file /tmp/mur_launch_sim/mur620b_mur_controllers.yaml --ros-args
 979250  976960  2.8  0.1       00:09 /usr/bin/python3 /opt/ros/jazzy/lib/controller_manager/spawner lift_effort_controller_l --controller-manager /mur620b/controller_manager --controller-manager-timeout 60 --param-file /tmp/mur_launch_sim/mur620b_mur_controllers.yaml --ros-args
 979247  976960  2.8  0.1       00:09 /usr/bin/python3 /opt/ros/jazzy/lib/controller_manager/spawner mobile_base_controller --controller-manager /mur620b/controller_manager --controller-manager-timeout 60 --param-file /tmp/mur_launch_sim/mur620b_mur_controllers.yaml --ros-args
 979248  976960  2.8  0.1       00:09 /usr/bin/python3 /opt/ros/jazzy/lib/controller_manager/spawner lift_controller_l --controller-manager /mur620b/controller_manager --controller-manager-timeout 60 --param-file /tmp/mur_launch_sim/mur620b_mur_controllers.yaml --inactive --ros-args
 977805  976960  1.5  0.1       00:19 /usr/bin/python3 /opt/ros/jazzy/lib/controller_manager/spawner forward_velocity_controller_r --controller-manager /mur620a/controller_manager --controller-manager-timeout 90 --param-file /tmp/mur_launch_sim/mur620a_mur_controllers.yaml --ros-args
 977808  976960  1.5  0.1       00:19 /usr/bin/python3 /opt/ros/jazzy/lib/controller_manager/spawner joint_trajectory_controller_lift_l --controller-manager /mur620a/controller_manager --controller-manager-timeout 90 --param-file /tmp/mur_launch_sim/mur620a_mur_controllers.yaml --inactive --ros-args
 977809  976960  1.4  0.1       00:19 /usr/bin/python3 /opt/ros/jazzy/lib/controller_manager/spawner joint_trajectory_controller_lift_r --controller-manager /mur620a/controller_manager --controller-manager-timeout 90 --param-file /tmp/mur_launch_sim/mur620a_mur_controllers.yaml --inactive --ros-args
 977368  976960  1.1  0.1       00:22 /usr/bin/python3 /opt/ros/jazzy/lib/controller_manager/spawner joint_state_broadcaster --controller-manager /mur620a/controller_manager --controller-manager-timeout 60 --param-file /tmp/mur_launch_sim/mur620a_mur_controllers.yaml --ros-args
 977370  976960  1.1  0.1       00:22 /usr/bin/python3 /opt/ros/jazzy/lib/controller_manager/spawner lift_controller_l --controller-manager /mur620a/controller_manager --controller-manager-timeout 60 --param-file /tmp/mur_launch_sim/mur620a_mur_controllers.yaml --inactive --ros-args
 977017  977015  0.2  0.1       00:23 gz sim scale.world -v 4 -r
 977015  976960  0.0  0.0       00:23 /bin/sh -c ruby /opt/ros/jazzy/opt/gz_tools_vendor/bin/gz sim scale.world -v 4 -r --force-version 8

== Core Graph ==

$ ros2 node list --no-daemon
WARNING: Be aware that there are nodes in the graph that share an exact name, which can have unintended side effects.
/interactive_marker_display_96796467175632
/mur620a_jparse_velocity_controller_r
/mur620a_moveit_descriptions
/mur620a_moveit_lift_controller_proxy_r
/mur620b/move_group
/mur620b/move_group_private_102105385723408
/mur620b/moveit
/mur620b/moveit_352130431
/mur620b/moveit_simple_controller_manager
/mur620b/transform_listener_impl_5cdd43e93480
/mur620b_global_rsp
/mur620b_jparse_move_r
/mur620b_jparse_simple_goal_l
/mur620b_jparse_velocity_controller_r
/mur620b_lift_effort_position_controller_l
/mur620b_lift_effort_position_controller_r
/mur620b_moveit_lift_controller_proxy_r
/rviz2_mur620a_moveit
/rviz2_mur620a_moveit
/rviz2_mur620a_moveit_private_128584150573552
/transform_listener_impl_58092e645e90
/transform_listener_impl_58092e6e0700
/transform_listener_impl_58092e81e310

$ ros2 topic list --no-daemon
/bond
/clicked_point
/clock
/diagnostics
/goal_pose
/initialpose
/map
/map_server/transition_event
/map_updates
/monitored_planning_scene
/mur620a/attached_collision_object
/mur620a/display_planned_path
/mur620a/monitored_planning_scene
/mur620a/robot_description
/mur620a/rviz_moveit_motion_planning_display/robot_interaction_interactive_marker_topic/feedback
/mur620a/rviz_moveit_motion_planning_display/robot_interaction_interactive_marker_topic/update
/mur620a/trajectory_execution_event
/mur620b/attached_collision_object
/mur620b/collision_object
/mur620b/display_contacts
/mur620b/display_planned_path
/mur620b/joint_states
/mur620b/monitored_planning_scene
/mur620b/pipeline_state
/mur620b/planning_scene
/mur620b/planning_scene_world
/mur620b/robot_description
/mur620b/robot_description_semantic
/mur620b/trajectory_execution_event
/parameter_events
/planning_scene
/planning_scene_world
/recognized_object_array
/rosout
/tf
/tf_static

$ ros2 action list
/mur620a/execute_trajectory
/mur620a/joint_trajectory_controller_l/follow_joint_trajectory
/mur620a/joint_trajectory_controller_r/follow_joint_trajectory
/mur620a/jparse_move_l
/mur620a/jparse_move_r
/mur620a/move_action
/mur620a/moveit_joint_trajectory_controller_l/follow_joint_trajectory
/mur620a/moveit_joint_trajectory_controller_lift_l/follow_joint_trajectory
/mur620a/moveit_joint_trajectory_controller_lift_r/follow_joint_trajectory
/mur620a/moveit_joint_trajectory_controller_r/follow_joint_trajectory
/mur620b/execute_trajectory
/mur620b/joint_trajectory_controller_l/follow_joint_trajectory
/mur620b/joint_trajectory_controller_lift_l/follow_joint_trajectory
/mur620b/joint_trajectory_controller_r/follow_joint_trajectory
/mur620b/jparse_move_l
/mur620b/jparse_move_r
/mur620b/move_action
/mur620b/moveit_joint_trajectory_controller_l/follow_joint_trajectory
/mur620b/moveit_joint_trajectory_controller_lift_l/follow_joint_trajectory
/mur620b/moveit_joint_trajectory_controller_lift_r/follow_joint_trajectory
/mur620b/moveit_joint_trajectory_controller_r/follow_joint_trajectory

== Map ==

$ ros2 topic info /map --verbose
Type: nav_msgs/msg/OccupancyGrid

Publisher count: 1

Node name: map_server
Node namespace: /
Topic type: nav_msgs/msg/OccupancyGrid
Topic type hash: RIHS01_8d348150c12913a31ee0ec170fbf25089e4745d17035792a1ba94d6f0bc0cfc7
Endpoint type: PUBLISHER
GID: 01.0f.f6.e2.7a.e8.6d.08.00.00.00.00.00.00.22.03
QoS profile:
  Reliability: RELIABLE
  History (Depth): UNKNOWN
  Durability: TRANSIENT_LOCAL
  Lifespan: Infinite
  Deadline: Infinite
  Liveliness: AUTOMATIC
  Liveliness lease duration: Infinite

Subscription count: 1

Node name: rviz2_mur620a_moveit
Node namespace: /
Topic type: nav_msgs/msg/OccupancyGrid
Topic type hash: RIHS01_8d348150c12913a31ee0ec170fbf25089e4745d17035792a1ba94d6f0bc0cfc7
Endpoint type: SUBSCRIPTION
GID: 01.0f.f6.e2.c1.f1.40.62.00.00.00.00.00.00.6e.04
QoS profile:
  Reliability: RELIABLE
  History (Depth): UNKNOWN
  Durability: TRANSIENT_LOCAL
  Lifespan: Infinite
  Deadline: Infinite
  Liveliness: AUTOMATIC
  Liveliness lease duration: Infinite

header:
  stamp:
    sec: 0
    nanosec: 0
  frame_id: map
info:
  map_load_time:
    sec: 0
    nanosec: 0
  resolution: 0.05000000074505806
  width: 1626
  height: 2140
  origin:
    position:
      x: 0.0
      y: 0.0
      z: 0.0
    orientation:
      x: 0.0
      y: 0.0
      z: 0.0
      w: 1.0
data:
- -1
- -1
- -1
- -1
- -1
- -1
- -1
- -1
- -1
- -1
- -1
- -1
- -1
- -1
- -1
- -1
- -1
- -1
- -1
- -1
- -1
- -1
- -1
- -1
- -1
- -1
- -1
- -1
- -1
- -1
- -1
- -1
- -1
- -1
- -1
- -1
- -1
- -1
- -1
- -1
- -1
- -1
- -1
- -1
- -1
- -1
- -1
- -1
- -1
- -1
- -1
- -1
- -1
- -1
- -1
- -1
- -1

$ ros2 lifecycle get /map_server
active [3]

$ ros2 param get /map_server yaml_filename
String value is: /home/rosmatch/colcon_ws/install/mir_gazebo/share/mir_gazebo/maps/scale.yaml

$ ros2 param get /map_server topic_name
String value is: map

== Global TF Topics ==

$ ros2 topic info /tf --verbose
Type: tf2_msgs/msg/TFMessage

Publisher count: 6

Node name: mur620a_rsp
Node namespace: /mur620a
Topic type: tf2_msgs/msg/TFMessage
Topic type hash: RIHS01_e369d0f05a23ae52508854b66f6aa0437f3449d652e8cbf22d5abe85d020f087
Endpoint type: PUBLISHER
GID: 01.0f.f6.e2.11.e9.76.2c.00.00.00.00.00.00.15.03
QoS profile:
  Reliability: RELIABLE
  History (Depth): UNKNOWN
  Durability: VOLATILE
  Lifespan: Infinite
  Deadline: Infinite
  Liveliness: AUTOMATIC
  Liveliness lease duration: Infinite

Node name: mur620a_fake_localization
Node namespace: /
Topic type: tf2_msgs/msg/TFMessage
Topic type hash: RIHS01_e369d0f05a23ae52508854b66f6aa0437f3449d652e8cbf22d5abe85d020f087
Endpoint type: PUBLISHER
GID: 01.0f.f6.e2.17.e9.41.a5.00.00.00.00.00.00.14.03
QoS profile:
  Reliability: RELIABLE
  History (Depth): UNKNOWN
  Durability: VOLATILE
  Lifespan: Infinite
  Deadline: Infinite
  Liveliness: AUTOMATIC
  Liveliness lease duration: Infinite

Node name: mur620b_rsp
Node namespace: /mur620b
Topic type: tf2_msgs/msg/TFMessage
Topic type hash: RIHS01_e369d0f05a23ae52508854b66f6aa0437f3449d652e8cbf22d5abe85d020f087
Endpoint type: PUBLISHER
GID: 01.0f.f6.e2.61.f0.e0.84.00.00.00.00.00.00.15.03
QoS profile:
  Reliability: RELIABLE
  History (Depth): UNKNOWN
  Durability: VOLATILE
  Lifespan: Infinite
  Deadline: Infinite
  Liveliness: AUTOMATIC
  Liveliness lease duration: Infinite

Node name: mur620b_fake_localization
Node namespace: /
Topic type: tf2_msgs/msg/TFMessage
Topic type hash: RIHS01_e369d0f05a23ae52508854b66f6aa0437f3449d652e8cbf22d5abe85d020f087
Endpoint type: PUBLISHER
GID: 01.0f.f6.e2.66.f0.1d.dc.00.00.00.00.00.00.14.03
QoS profile:
  Reliability: RELIABLE
  History (Depth): UNKNOWN
  Durability: VOLATILE
  Lifespan: Infinite
  Deadline: Infinite
  Liveliness: AUTOMATIC
  Liveliness lease duration: Infinite

Node name: mobile_base_controller
Node namespace: /mur620a
Topic type: tf2_msgs/msg/TFMessage
Topic type hash: RIHS01_e369d0f05a23ae52508854b66f6aa0437f3449d652e8cbf22d5abe85d020f087
Endpoint type: PUBLISHER
GID: 01.0f.f6.e2.b8.e8.6e.11.00.00.00.00.00.00.62.03
QoS profile:
  Reliability: RELIABLE
  History (Depth): UNKNOWN
  Durability: TRANSIENT_LOCAL
  Lifespan: Infinite
  Deadline: Infinite
  Liveliness: AUTOMATIC
  Liveliness lease duration: Infinite

Node name: mobile_base_controller
Node namespace: /mur620b
Topic type: tf2_msgs/msg/TFMessage
Topic type hash: RIHS01_e369d0f05a23ae52508854b66f6aa0437f3449d652e8cbf22d5abe85d020f087
Endpoint type: PUBLISHER
GID: 01.0f.f6.e2.b8.e8.6e.11.00.00.00.00.00.01.f5.03
QoS profile:
  Reliability: RELIABLE
  History (Depth): UNKNOWN
  Durability: TRANSIENT_LOCAL
  Lifespan: Infinite
  Deadline: Infinite
  Liveliness: AUTOMATIC
  Liveliness lease duration: Infinite

Subscription count: 9

Node name: mur620b_jparse_move_l
Node namespace: /
Topic type: tf2_msgs/msg/TFMessage
Topic type hash: RIHS01_e369d0f05a23ae52508854b66f6aa0437f3449d652e8cbf22d5abe85d020f087
Endpoint type: SUBSCRIPTION
GID: 01.0f.f6.e2.04.f3.2c.1d.00.00.00.00.00.00.16.04
QoS profile:
  Reliability: RELIABLE
  History (Depth): UNKNOWN
  Durability: VOLATILE
  Lifespan: Infinite
  Deadline: Infinite
  Liveliness: AUTOMATIC
  Liveliness lease duration: Infinite

Node name: mur620b_jparse_move_r
Node namespace: /
Topic type: tf2_msgs/msg/TFMessage
Topic type hash: RIHS01_e369d0f05a23ae52508854b66f6aa0437f3449d652e8cbf22d5abe85d020f087
Endpoint type: SUBSCRIPTION
GID: 01.0f.f6.e2.16.f3.a4.66.00.00.00.00.00.00.16.04
QoS profile:
  Reliability: RELIABLE
  History (Depth): UNKNOWN
  Durability: VOLATILE
  Lifespan: Infinite
  Deadline: Infinite
  Liveliness: AUTOMATIC
  Liveliness lease duration: Infinite

Node name: transform_listener_impl_5f6d7b7d8650
Node namespace: /mur620a
Topic type: tf2_msgs/msg/TFMessage
Topic type hash: RIHS01_e369d0f05a23ae52508854b66f6aa0437f3449d652e8cbf22d5abe85d020f087
Endpoint type: SUBSCRIPTION
GID: 01.0f.f6.e2.1b.eb.20.eb.00.00.00.00.00.00.52.04
QoS profile:
  Reliability: RELIABLE
  History (Depth): UNKNOWN
  Durability: VOLATILE
  Lifespan: Infinite
  Deadline: Infinite
  Liveliness: AUTOMATIC
  Liveliness lease duration: Infinite

Node name: mur620a_jparse_move_l
Node namespace: /
Topic type: tf2_msgs/msg/TFMessage
Topic type hash: RIHS01_e369d0f05a23ae52508854b66f6aa0437f3449d652e8cbf22d5abe85d020f087
Endpoint type: SUBSCRIPTION
GID: 01.0f.f6.e2.53.ec.24.fc.00.00.00.00.00.00.16.04
QoS profile:
  Reliability: RELIABLE
  History (Depth): UNKNOWN
  Durability: VOLATILE
  Lifespan: Infinite
  Deadline: Infinite
  Liveliness: AUTOMATIC
  Liveliness lease duration: Infinite

Node name: mur620a_jparse_move_r
Node namespace: /
Topic type: tf2_msgs/msg/TFMessage
Topic type hash: RIHS01_e369d0f05a23ae52508854b66f6aa0437f3449d652e8cbf22d5abe85d020f087
Endpoint type: SUBSCRIPTION
GID: 01.0f.f6.e2.54.ec.53.60.00.00.00.00.00.00.16.04
QoS profile:
  Reliability: RELIABLE
  History (Depth): UNKNOWN
  Durability: VOLATILE
  Lifespan: Infinite
  Deadline: Infinite
  Liveliness: AUTOMATIC
  Liveliness lease duration: Infinite

Node name: transform_listener_impl_58092e6e0700
Node namespace: /
Topic type: tf2_msgs/msg/TFMessage
Topic type hash: RIHS01_e369d0f05a23ae52508854b66f6aa0437f3449d652e8cbf22d5abe85d020f087
Endpoint type: SUBSCRIPTION
GID: 01.0f.f6.e2.c1.f1.40.62.00.00.00.00.00.00.1a.04
QoS profile:
  Reliability: RELIABLE
  History (Depth): UNKNOWN
  Durability: VOLATILE
  Lifespan: Infinite
  Deadline: Infinite
  Liveliness: AUTOMATIC
  Liveliness lease duration: Infinite

Node name: transform_listener_impl_58092e81e310
Node namespace: /
Topic type: tf2_msgs/msg/TFMessage
Topic type hash: RIHS01_e369d0f05a23ae52508854b66f6aa0437f3449d652e8cbf22d5abe85d020f087
Endpoint type: SUBSCRIPTION
GID: 01.0f.f6.e2.c1.f1.40.62.00.00.00.00.00.00.6c.04
QoS profile:
  Reliability: RELIABLE
  History (Depth): UNKNOWN
  Durability: VOLATILE
  Lifespan: Infinite
  Deadline: Infinite
  Liveliness: AUTOMATIC
  Liveliness lease duration: Infinite

Node name: transform_listener_impl_58092e645e90
Node namespace: /
Topic type: tf2_msgs/msg/TFMessage
Topic type hash: RIHS01_e369d0f05a23ae52508854b66f6aa0437f3449d652e8cbf22d5abe85d020f087
Endpoint type: SUBSCRIPTION
GID: 01.0f.f6.e2.c1.f1.40.62.00.00.00.00.00.00.ab.04
QoS profile:
  Reliability: RELIABLE
  History (Depth): UNKNOWN
  Durability: VOLATILE
  Lifespan: Infinite
  Deadline: Infinite
  Liveliness: AUTOMATIC
  Liveliness lease duration: Infinite

Node name: transform_listener_impl_5cdd43e93480
Node namespace: /mur620b
Topic type: tf2_msgs/msg/TFMessage
Topic type hash: RIHS01_e369d0f05a23ae52508854b66f6aa0437f3449d652e8cbf22d5abe85d020f087
Endpoint type: SUBSCRIPTION
GID: 01.0f.f6.e2.d1.f1.7f.c5.00.00.00.00.00.00.52.04
QoS profile:
  Reliability: RELIABLE
  History (Depth): UNKNOWN
  Durability: VOLATILE
  Lifespan: Infinite
  Deadline: Infinite
  Liveliness: AUTOMATIC
  Liveliness lease duration: Infinite


$ ros2 topic info /tf_static --verbose
Type: tf2_msgs/msg/TFMessage

Publisher count: 5

Node name: mur620a_rsp
Node namespace: /mur620a
Topic type: tf2_msgs/msg/TFMessage
Topic type hash: RIHS01_e369d0f05a23ae52508854b66f6aa0437f3449d652e8cbf22d5abe85d020f087
Endpoint type: PUBLISHER
GID: 01.0f.f6.e2.11.e9.76.2c.00.00.00.00.00.00.16.03
QoS profile:
  Reliability: RELIABLE
  History (Depth): UNKNOWN
  Durability: TRANSIENT_LOCAL
  Lifespan: Infinite
  Deadline: Infinite
  Liveliness: AUTOMATIC
  Liveliness lease duration: Infinite

Node name: mur620a_fake_localization
Node namespace: /
Topic type: tf2_msgs/msg/TFMessage
Topic type hash: RIHS01_e369d0f05a23ae52508854b66f6aa0437f3449d652e8cbf22d5abe85d020f087
Endpoint type: PUBLISHER
GID: 01.0f.f6.e2.17.e9.41.a5.00.00.00.00.00.00.15.03
QoS profile:
  Reliability: RELIABLE
  History (Depth): UNKNOWN
  Durability: TRANSIENT_LOCAL
  Lifespan: Infinite
  Deadline: Infinite
  Liveliness: AUTOMATIC
  Liveliness lease duration: Infinite

Node name: moveit_base_footprint_alias
Node namespace: /
Topic type: tf2_msgs/msg/TFMessage
Topic type hash: RIHS01_e369d0f05a23ae52508854b66f6aa0437f3449d652e8cbf22d5abe85d020f087
Endpoint type: PUBLISHER
GID: 01.0f.f6.e2.19.e9.84.da.00.00.00.00.00.00.14.03
QoS profile:
  Reliability: RELIABLE
  History (Depth): UNKNOWN
  Durability: TRANSIENT_LOCAL
  Lifespan: Infinite
  Deadline: Infinite
  Liveliness: AUTOMATIC
  Liveliness lease duration: Infinite

Node name: mur620b_rsp
Node namespace: /mur620b
Topic type: tf2_msgs/msg/TFMessage
Topic type hash: RIHS01_e369d0f05a23ae52508854b66f6aa0437f3449d652e8cbf22d5abe85d020f087
Endpoint type: PUBLISHER
GID: 01.0f.f6.e2.61.f0.e0.84.00.00.00.00.00.00.16.03
QoS profile:
  Reliability: RELIABLE
  History (Depth): UNKNOWN
  Durability: TRANSIENT_LOCAL
  Lifespan: Infinite
  Deadline: Infinite
  Liveliness: AUTOMATIC
  Liveliness lease duration: Infinite

Node name: mur620b_fake_localization
Node namespace: /
Topic type: tf2_msgs/msg/TFMessage
Topic type hash: RIHS01_e369d0f05a23ae52508854b66f6aa0437f3449d652e8cbf22d5abe85d020f087
Endpoint type: PUBLISHER
GID: 01.0f.f6.e2.66.f0.1d.dc.00.00.00.00.00.00.15.03
QoS profile:
  Reliability: RELIABLE
  History (Depth): UNKNOWN
  Durability: TRANSIENT_LOCAL
  Lifespan: Infinite
  Deadline: Infinite
  Liveliness: AUTOMATIC
  Liveliness lease duration: Infinite

Subscription count: 9

Node name: mur620b_jparse_move_l
Node namespace: /
Topic type: tf2_msgs/msg/TFMessage
Topic type hash: RIHS01_e369d0f05a23ae52508854b66f6aa0437f3449d652e8cbf22d5abe85d020f087
Endpoint type: SUBSCRIPTION
GID: 01.0f.f6.e2.04.f3.2c.1d.00.00.00.00.00.00.17.04
QoS profile:
  Reliability: RELIABLE
  History (Depth): UNKNOWN
  Durability: TRANSIENT_LOCAL
  Lifespan: Infinite
  Deadline: Infinite
  Liveliness: AUTOMATIC
  Liveliness lease duration: Infinite

Node name: mur620b_jparse_move_r
Node namespace: /
Topic type: tf2_msgs/msg/TFMessage
Topic type hash: RIHS01_e369d0f05a23ae52508854b66f6aa0437f3449d652e8cbf22d5abe85d020f087
Endpoint type: SUBSCRIPTION
GID: 01.0f.f6.e2.16.f3.a4.66.00.00.00.00.00.00.17.04
QoS profile:
  Reliability: RELIABLE
  History (Depth): UNKNOWN
  Durability: TRANSIENT_LOCAL
  Lifespan: Infinite
  Deadline: Infinite
  Liveliness: AUTOMATIC
  Liveliness lease duration: Infinite

Node name: transform_listener_impl_5f6d7b7d8650
Node namespace: /mur620a
Topic type: tf2_msgs/msg/TFMessage
Topic type hash: RIHS01_e369d0f05a23ae52508854b66f6aa0437f3449d652e8cbf22d5abe85d020f087
Endpoint type: SUBSCRIPTION
GID: 01.0f.f6.e2.1b.eb.20.eb.00.00.00.00.00.00.53.04
QoS profile:
  Reliability: RELIABLE
  History (Depth): UNKNOWN
  Durability: TRANSIENT_LOCAL
  Lifespan: Infinite
  Deadline: Infinite
  Liveliness: AUTOMATIC
  Liveliness lease duration: Infinite

Node name: mur620a_jparse_move_l
Node namespace: /
Topic type: tf2_msgs/msg/TFMessage
Topic type hash: RIHS01_e369d0f05a23ae52508854b66f6aa0437f3449d652e8cbf22d5abe85d020f087
Endpoint type: SUBSCRIPTION
GID: 01.0f.f6.e2.53.ec.24.fc.00.00.00.00.00.00.17.04
QoS profile:
  Reliability: RELIABLE
  History (Depth): UNKNOWN
  Durability: TRANSIENT_LOCAL
  Lifespan: Infinite
  Deadline: Infinite
  Liveliness: AUTOMATIC
  Liveliness lease duration: Infinite

Node name: mur620a_jparse_move_r
Node namespace: /
Topic type: tf2_msgs/msg/TFMessage
Topic type hash: RIHS01_e369d0f05a23ae52508854b66f6aa0437f3449d652e8cbf22d5abe85d020f087
Endpoint type: SUBSCRIPTION
GID: 01.0f.f6.e2.54.ec.53.60.00.00.00.00.00.00.17.04
QoS profile:
  Reliability: RELIABLE
  History (Depth): UNKNOWN
  Durability: TRANSIENT_LOCAL
  Lifespan: Infinite
  Deadline: Infinite
  Liveliness: AUTOMATIC
  Liveliness lease duration: Infinite

Node name: transform_listener_impl_58092e6e0700
Node namespace: /
Topic type: tf2_msgs/msg/TFMessage
Topic type hash: RIHS01_e369d0f05a23ae52508854b66f6aa0437f3449d652e8cbf22d5abe85d020f087
Endpoint type: SUBSCRIPTION
GID: 01.0f.f6.e2.c1.f1.40.62.00.00.00.00.00.00.1b.04
QoS profile:
  Reliability: RELIABLE
  History (Depth): UNKNOWN
  Durability: TRANSIENT_LOCAL
  Lifespan: Infinite
  Deadline: Infinite
  Liveliness: AUTOMATIC
  Liveliness lease duration: Infinite

Node name: transform_listener_impl_58092e81e310
Node namespace: /
Topic type: tf2_msgs/msg/TFMessage
Topic type hash: RIHS01_e369d0f05a23ae52508854b66f6aa0437f3449d652e8cbf22d5abe85d020f087
Endpoint type: SUBSCRIPTION
GID: 01.0f.f6.e2.c1.f1.40.62.00.00.00.00.00.00.6d.04
QoS profile:
  Reliability: RELIABLE
  History (Depth): UNKNOWN
  Durability: TRANSIENT_LOCAL
  Lifespan: Infinite
  Deadline: Infinite
  Liveliness: AUTOMATIC
  Liveliness lease duration: Infinite

Node name: transform_listener_impl_58092e645e90
Node namespace: /
Topic type: tf2_msgs/msg/TFMessage
Topic type hash: RIHS01_e369d0f05a23ae52508854b66f6aa0437f3449d652e8cbf22d5abe85d020f087
Endpoint type: SUBSCRIPTION
GID: 01.0f.f6.e2.c1.f1.40.62.00.00.00.00.00.00.ac.04
QoS profile:
  Reliability: RELIABLE
  History (Depth): UNKNOWN
  Durability: TRANSIENT_LOCAL
  Lifespan: Infinite
  Deadline: Infinite
  Liveliness: AUTOMATIC
  Liveliness lease duration: Infinite

Node name: transform_listener_impl_5cdd43e93480
Node namespace: /mur620b
Topic type: tf2_msgs/msg/TFMessage
Topic type hash: RIHS01_e369d0f05a23ae52508854b66f6aa0437f3449d652e8cbf22d5abe85d020f087
Endpoint type: SUBSCRIPTION
GID: 01.0f.f6.e2.d1.f1.7f.c5.00.00.00.00.00.00.53.04
QoS profile:
  Reliability: RELIABLE
  History (Depth): UNKNOWN
  Durability: TRANSIENT_LOCAL
  Lifespan: Infinite
  Deadline: Infinite
  Liveliness: AUTOMATIC
  Liveliness lease duration: Infinite

Some, but not all, publishers are offering QoSDurabilityPolicy.TRANSIENT_LOCAL. Falling back to QoSDurabilityPolicy.VOLATILE as it will connect to all publishers
transforms:
- header:
    stamp:
      sec: 25
      nanosec: 920000000
    frame_id: mur620b/UR10_l/upper_arm_link
  child_frame_id: mur620b/UR10_l/forearm_link
  transform:
    translation:
      x: -0.6127
      y: 0.0
      z: 0.0
    rotation:
      x: 0.0
      y: 0.0
      z: -0.7224593216561356
      w: 0.6914134280965017
- header:
    stamp:
      sec: 25
      nanosec: 920000000
    frame_id: mur620b/UR10_l/shoulder_link
  child_frame_id: mur620b/UR10_l/upper_arm_link
  transform:
    translation:
      x: 0.0
      y: 0.0
      z: 0.0
    rotation:
      x: 0.49999999999588673
      y: 0.500000000106665
      z: -0.5000000000041133
      w: 0.499999999893335
- header:
    stamp:
      sec: 25
      nanosec: 920000000
    frame_id: mur620b/UR10_l/base_link_inertia
  child_frame_id: mur620b/UR10_l/shoulder_link
  transform:
    translation:
      x: 0.0
      y: 0.0
      z: 0.1807
    rotation:
      x: 0.0
      y: 0.0
      z: 1.8056087817520002e-17
      w: 1.0
- header:
    stamp:
      sec: 25
      nanosec: 920000000
    frame_id: mur620b/UR10_l/forearm_link
  child_frame_id: mur620b/UR10_l/wrist_1_link
  transform:
    translation:
      x: -0.57155
      y: 0.0
      z: 0.17415
    rotation:
      x: 0.0
      y: 0.0
      z: -0.7071067820821517
      w: 0.7071067802909433
- header:
    stamp:
      sec: 25
      nanosec: 920000000
    frame_id: mur620b/UR10_l/wrist_1_link
  child_frame_id: mur620b/UR10_l/wrist_2_link
  transform:
    translation:
      x: 0.0
      y: -0.11985
      z: -2.458164590756244e-11
    rotation:
      x: 0.5000000000524993
      y: -0.5000000000500524
      z: 0.49999999994750066
      w: 0.4999999999499476
- header:
    stamp:
      sec: 25
      nanosec: 920000000
    frame_id: mur620b/UR10_l/wrist_2_link
  child_frame_id: mur620b/UR10_l/wrist_3_link
  transform:
    translation:
      x: 0.0
      y: 0.11655
      z: -2.390480459346185e-11
    rotation:
      x: -0.7071067812590626
      y: 9.004011703808577e-17
      z: 3.4445114227104875e-18
      w: 0.7071067811140325
- header:
    stamp:
      sec: 25
      nanosec: 920000000
    frame_id: mur620b/UR10_r/upper_arm_link
  child_frame_id: mur620b/UR10_r/forearm_link
  transform:
    translation:
      x: -0.6127
      y: 0.0
      z: 0.0
    rotation:
      x: 0.0
      y: 0.0
      z: -0.7224648581919224
      w: 0.6914076429124323
- header:
    stamp:
      sec: 25
      nanosec: 920000000
    frame_id: mur620b/UR10_r/shoulder_link
  child_frame_id: mur620b/UR10_r/upper_arm_link
  transform:
    translation:
      x: 0.0
      y: 0.0
      z: 0.0
    rotation:
      x: 0.4999999999958895
      y: 0.5000000001066622
      z: -0.5000000000041106
      w: 0.49999999989333777
- header:
    stamp:
      sec: 25
      nanosec: 920000000
    frame_id: mur620b/UR10_r/base_link_inertia
  child_frame_id: mur620b/UR10_r/shoulder_link
  transform:
    translation:
      x: 0.0
      y: 0.0
transforms:
- header:
    stamp:
      sec: 1779365663
      nanosec: 772758364
    frame_id: mur620a/base_footprint
  child_frame_id: base_footprint
  transform:
    translation:
      x: 0.0
      y: 0.0
      z: 0.0
    rotation:
      x: 0.0
      y: 0.0
      z: 0.0
      w: 1.0
---

== MoveIt Topics ==

$ ros2 topic info /mur620a/monitored_planning_scene --verbose
Type: moveit_msgs/msg/PlanningScene

Publisher count: 1

Node name: move_group_private_104923783883760
Node namespace: /mur620a
Topic type: moveit_msgs/msg/PlanningScene
Topic type hash: RIHS01_0f58540ad5eab4b9ea827d53b763c793d8cabd202b3b301fcee25afa4ce1bd80
Endpoint type: PUBLISHER
GID: 01.0f.f6.e2.1b.eb.20.eb.00.00.00.00.00.00.57.03
QoS profile:
  Reliability: RELIABLE
  History (Depth): UNKNOWN
  Durability: VOLATILE
  Lifespan: Infinite
  Deadline: Infinite
  Liveliness: AUTOMATIC
  Liveliness lease duration: Infinite

Subscription count: 1

Node name: rviz2_mur620a_moveit_private_128584150573552
Node namespace: /
Topic type: moveit_msgs/msg/PlanningScene
Topic type hash: RIHS01_0f58540ad5eab4b9ea827d53b763c793d8cabd202b3b301fcee25afa4ce1bd80
Endpoint type: SUBSCRIPTION
GID: 01.0f.f6.e2.c1.f1.40.62.00.00.00.00.00.00.ae.04
QoS profile:
  Reliability: RELIABLE
  History (Depth): UNKNOWN
  Durability: VOLATILE
  Lifespan: Infinite
  Deadline: Infinite
  Liveliness: AUTOMATIC
  Liveliness lease duration: Infinite


$ ros2 topic info /mur620a/display_planned_path --verbose
Type: moveit_msgs/msg/DisplayTrajectory

Publisher count: 2

Node name: move_group
Node namespace: /mur620a
Topic type: moveit_msgs/msg/DisplayTrajectory
Topic type hash: RIHS01_dd351cbd6d9986eb019306910ec09236a136a02dbc0b3465707cb62f2d56e22b
Endpoint type: PUBLISHER
GID: 01.0f.f6.e2.1b.eb.20.eb.00.00.00.00.00.00.61.03
QoS profile:
  Reliability: RELIABLE
  History (Depth): UNKNOWN
  Durability: TRANSIENT_LOCAL
  Lifespan: Infinite
  Deadline: Infinite
  Liveliness: AUTOMATIC
  Liveliness lease duration: Infinite

Node name: move_group
Node namespace: /mur620a
Topic type: moveit_msgs/msg/DisplayTrajectory
Topic type hash: RIHS01_dd351cbd6d9986eb019306910ec09236a136a02dbc0b3465707cb62f2d56e22b
Endpoint type: PUBLISHER
GID: 01.0f.f6.e2.1b.eb.20.eb.00.00.00.00.00.00.9d.03
QoS profile:
  Reliability: RELIABLE
  History (Depth): UNKNOWN
  Durability: VOLATILE
  Lifespan: Infinite
  Deadline: Infinite
  Liveliness: AUTOMATIC
  Liveliness lease duration: Infinite

Subscription count: 1

Node name: rviz2_mur620a_moveit
Node namespace: /
Topic type: moveit_msgs/msg/DisplayTrajectory
Topic type hash: RIHS01_dd351cbd6d9986eb019306910ec09236a136a02dbc0b3465707cb62f2d56e22b
Endpoint type: SUBSCRIPTION
GID: 01.0f.f6.e2.c1.f1.40.62.00.00.00.00.00.00.af.04
QoS profile:
  Reliability: RELIABLE
  History (Depth): UNKNOWN
  Durability: VOLATILE
  Lifespan: Infinite
  Deadline: Infinite
  Liveliness: AUTOMATIC
  Liveliness lease duration: Infinite


$ ros2 topic info /mur620b/monitored_planning_scene --verbose
Type: moveit_msgs/msg/PlanningScene

Publisher count: 1

Node name: move_group_private_102105385723408
Node namespace: /mur620b
Topic type: moveit_msgs/msg/PlanningScene
Topic type hash: RIHS01_0f58540ad5eab4b9ea827d53b763c793d8cabd202b3b301fcee25afa4ce1bd80
Endpoint type: PUBLISHER
GID: 01.0f.f6.e2.d1.f1.7f.c5.00.00.00.00.00.00.57.03
QoS profile:
  Reliability: RELIABLE
  History (Depth): UNKNOWN
  Durability: VOLATILE
  Lifespan: Infinite
  Deadline: Infinite
  Liveliness: AUTOMATIC
  Liveliness lease duration: Infinite

Subscription count: 0


$ ros2 topic info /mur620b/display_planned_path --verbose
Type: moveit_msgs/msg/DisplayTrajectory

Publisher count: 2

Node name: move_group
Node namespace: /mur620b
Topic type: moveit_msgs/msg/DisplayTrajectory
Topic type hash: RIHS01_dd351cbd6d9986eb019306910ec09236a136a02dbc0b3465707cb62f2d56e22b
Endpoint type: PUBLISHER
GID: 01.0f.f6.e2.d1.f1.7f.c5.00.00.00.00.00.00.61.03
QoS profile:
  Reliability: RELIABLE
  History (Depth): UNKNOWN
  Durability: TRANSIENT_LOCAL
  Lifespan: Infinite
  Deadline: Infinite
  Liveliness: AUTOMATIC
  Liveliness lease duration: Infinite

Node name: move_group
Node namespace: /mur620b
Topic type: moveit_msgs/msg/DisplayTrajectory
Topic type hash: RIHS01_dd351cbd6d9986eb019306910ec09236a136a02dbc0b3465707cb62f2d56e22b
Endpoint type: PUBLISHER
GID: 01.0f.f6.e2.d1.f1.7f.c5.00.00.00.00.00.00.9d.03
QoS profile:
  Reliability: RELIABLE
  History (Depth): UNKNOWN
  Durability: VOLATILE
  Lifespan: Infinite
  Deadline: Infinite
  Liveliness: AUTOMATIC
  Liveliness lease duration: Infinite

Subscription count: 0


$ ros2 topic info /monitored_planning_scene --verbose
Type: moveit_msgs/msg/PlanningScene

Publisher count: 1

Node name: rviz2_mur620a_moveit_private_128584150573552
Node namespace: /
Topic type: moveit_msgs/msg/PlanningScene
Topic type hash: RIHS01_0f58540ad5eab4b9ea827d53b763c793d8cabd202b3b301fcee25afa4ce1bd80
Endpoint type: PUBLISHER
GID: 01.0f.f6.e2.c1.f1.40.62.00.00.00.00.00.00.ad.03
QoS profile:
  Reliability: RELIABLE
  History (Depth): UNKNOWN
  Durability: VOLATILE
  Lifespan: Infinite
  Deadline: Infinite
  Liveliness: AUTOMATIC
  Liveliness lease duration: Infinite

Subscription count: 0


$ ros2 topic info /display_planned_path --verbose
Unknown topic '/display_planned_path'

== Localization mur620a ==
-- Localization nodes
WARNING: Be aware that there are nodes in the graph that share an exact name, which can have unintended side effects.
/mur620a_fake_localization
-- Ground truth

$ ros2 topic info /mur620a/ground_truth/odom --verbose
Type: nav_msgs/msg/Odometry

Publisher count: 1

Node name: mur620a_ground_truth
Node namespace: /
Topic type: nav_msgs/msg/Odometry
Topic type hash: RIHS01_3cc97dc7fb7502f8714462c526d369e35b603cfc34d946e3f2eda2766dfec6e0
Endpoint type: PUBLISHER
GID: 01.0f.f6.e2.10.e9.fe.5c.00.00.00.00.00.00.16.03
QoS profile:
  Reliability: RELIABLE
  History (Depth): UNKNOWN
  Durability: VOLATILE
  Lifespan: Infinite
  Deadline: Infinite
  Liveliness: AUTOMATIC
  Liveliness lease duration: Infinite

Subscription count: 1

Node name: mur620a_fake_localization
Node namespace: /
Topic type: nav_msgs/msg/Odometry
Topic type hash: RIHS01_3cc97dc7fb7502f8714462c526d369e35b603cfc34d946e3f2eda2766dfec6e0
Endpoint type: SUBSCRIPTION
GID: 01.0f.f6.e2.17.e9.41.a5.00.00.00.00.00.00.16.04
QoS profile:
  Reliability: RELIABLE
  History (Depth): UNKNOWN
  Durability: VOLATILE
  Lifespan: Infinite
  Deadline: Infinite
  Liveliness: AUTOMATIC
  Liveliness lease duration: Infinite

-- Base odometry

$ ros2 topic info /mur620a/mobile_base_controller/odom --verbose
Type: nav_msgs/msg/Odometry

Publisher count: 1

Node name: mobile_base_controller
Node namespace: /mur620a
Topic type: nav_msgs/msg/Odometry
Topic type hash: RIHS01_3cc97dc7fb7502f8714462c526d369e35b603cfc34d946e3f2eda2766dfec6e0
Endpoint type: PUBLISHER
GID: 01.0f.f6.e2.b8.e8.6e.11.00.00.00.00.00.00.61.03
QoS profile:
  Reliability: RELIABLE
  History (Depth): UNKNOWN
  Durability: TRANSIENT_LOCAL
  Lifespan: Infinite
  Deadline: Infinite
  Liveliness: AUTOMATIC
  Liveliness lease duration: Infinite

Subscription count: 0

header:
  stamp:
    sec: 39
    nanosec: 30000000
  frame_id: mur620a/odom
child_frame_id: mur620a/base_footprint
pose:
  pose:
    position:
      x: -1.2894166721237852e-17
      y: -2.167504917614968e-33
      z: 0.0
    orientation:
      x: 0.0
      y: 0.0
      z: 9.014324486042885e-17
      w: 1.0
  covariance:
  - 0.0
  - 0.0
  - 0.0
  - 0.0
  - 0.0
  - 0.0
  - 0.0
  - 0.0
  - 0.0
  - 0.0
  - 0.0
  - 0.0
  - 0.0
  - 0.0
  - 0.0
  - 0.0
  - 0.0
  - 0.0
  - 0.0
  - 0.0
  - 0.0
  - 0.0
  - 0.0
  - 0.0
  - 0.0
  - 0.0
  - 0.0
  - 0.0
  - 0.0
  - 0.0
  - 0.0
  - 0.0
  - 0.0
  - 0.0
  - 0.0
  - 0.0
twist:
  twist:
    linear:
      x: -1.4024388948622729e-18
      y: 0.0
      z: 0.0
    angular:
      x: 0.0
      y: 0.0
      z: -2.448454474753812e-18
  covariance:
  - 0.0
  - 0.0
  - 0.0
  - 0.0
  - 0.0
  - 0.0
  - 0.0
  - 0.0
  - 0.0
  - 0.0
  - 0.0
  - 0.0
  - 0.0
  - 0.0
  - 0.0
  - 0.0
  - 0.0
  - 0.0
  - 0.0
  - 0.0
  - 0.0
  - 0.0
  - 0.0
  - 0.0
  - 0.0
-- Scan topics should usually be absent with fake_localization:=true

$ ros2 topic info /mur620a/f_scan_raw --verbose
Unknown topic '/mur620a/f_scan_raw'

$ ros2 topic info /mur620a/b_scan_raw --verbose
Unknown topic '/mur620a/b_scan_raw'

$ ros2 topic info /mur620a/f_scan --verbose
Unknown topic '/mur620a/f_scan'

$ ros2 topic info /mur620a/b_scan --verbose
Unknown topic '/mur620a/b_scan'

$ ros2 topic info /mur620a/scan --verbose
Unknown topic '/mur620a/scan'
-- Controller odom TF setting

$ ros2 param get /mur620a/mobile_base_controller enable_odom_tf
Boolean value is: False

$ ros2 param get /mur620a/mobile_base_controller odom_frame_id
String value is: mur620a/odom

$ ros2 param get /mur620a/mobile_base_controller base_frame_id
String value is: mur620a/base_footprint
-- Expected fake-localization TF chain
[INFO] [1779365722.970909944] [tf2_echo]: Waiting for transform map ->  mur620a/odom: Invalid frame ID "map" passed to canTransform argument target_frame - frame does not exist
[INFO] [1779365724.948234096] [tf2_echo]: Waiting for transform map ->  mur620a/odom: Invalid frame ID "map" passed to canTransform argument target_frame - frame does not exist
[INFO] [1779365725.948342379] [tf2_echo]: Waiting for transform map ->  mur620a/odom: Invalid frame ID "map" passed to canTransform argument target_frame - frame does not exist
[INFO] [1779365727.948230973] [tf2_echo]: Waiting for transform map ->  mur620a/odom: Invalid frame ID "map" passed to canTransform argument target_frame - frame does not exist
[INFO] [1779365728.948235261] [tf2_echo]: Waiting for transform map ->  mur620a/odom: Invalid frame ID "map" passed to canTransform argument target_frame - frame does not exist
[INFO] [1779365729.770814178] [rclcpp]: signal_handler(SIGINT/SIGTERM)
[INFO] [1779365729.976209093] [tf2_echo]: Waiting for transform mur620a/odom ->  mur620a/base_footprint: Invalid frame ID "mur620a/odom" passed to canTransform argument target_frame - frame does not exist
At time 0.0
- Translation: [0.000, 0.000, 0.000]
- Rotation: in Quaternion (xyzw) [0.000, 0.000, 0.000, 1.000]
- Rotation: in RPY (radian) [0.000, -0.000, 0.000]
- Rotation: in RPY (degree) [0.000, -0.000, 0.000]
- Matrix:
  1.000  0.000  0.000  0.000
  0.000  1.000  0.000  0.000
  0.000  0.000  1.000  0.000
  0.000  0.000  0.000  1.000
At time 0.0
- Translation: [0.000, 0.000, 0.000]
- Rotation: in Quaternion (xyzw) [0.000, 0.000, 0.000, 1.000]
- Rotation: in RPY (radian) [0.000, -0.000, 0.000]
- Rotation: in RPY (degree) [0.000, -0.000, 0.000]
- Matrix:
  1.000  0.000  0.000  0.000
  0.000  1.000  0.000  0.000
  0.000  0.000  1.000  0.000
  0.000  0.000  0.000  1.000
At time 0.0
- Translation: [0.000, 0.000, 0.000]
- Rotation: in Quaternion (xyzw) [0.000, 0.000, 0.000, 1.000]
- Rotation: in RPY (radian) [0.000, -0.000, 0.000]
- Rotation: in RPY (degree) [0.000, -0.000, 0.000]
- Matrix:
  1.000  0.000  0.000  0.000
  0.000  1.000  0.000  0.000
  0.000  0.000  1.000  0.000
  0.000  0.000  0.000  1.000
At time 0.0
- Translation: [0.000, 0.000, 0.000]
- Rotation: in Quaternion (xyzw) [0.000, 0.000, 0.000, 1.000]
- Rotation: in RPY (radian) [0.000, -0.000, 0.000]
- Rotation: in RPY (degree) [0.000, -0.000, 0.000]
- Matrix:
  1.000  0.000  0.000  0.000
  0.000  1.000  0.000  0.000
  0.000  0.000  1.000  0.000
  0.000  0.000  0.000  1.000
At time 0.0
- Translation: [0.000, 0.000, 0.000]
- Rotation: in Quaternion (xyzw) [0.000, 0.000, 0.000, 1.000]
- Rotation: in RPY (radian) [0.000, -0.000, 0.000]
- Rotation: in RPY (degree) [0.000, -0.000, 0.000]
- Matrix:
  1.000  0.000  0.000  0.000
  0.000  1.000  0.000  0.000
  0.000  0.000  1.000  0.000
  0.000  0.000  0.000  1.000
[INFO] [1779365736.774453807] [rclcpp]: signal_handler(SIGINT/SIGTERM)
[INFO] [1779365736.978205890] [tf2_echo]: Waiting for transform map ->  mur620a/base_footprint: Invalid frame ID "map" passed to canTransform argument target_frame - frame does not exist
[INFO] [1779365738.959913898] [tf2_echo]: Waiting for transform map ->  mur620a/base_footprint: Invalid frame ID "map" passed to canTransform argument target_frame - frame does not exist
[INFO] [1779365739.959913927] [tf2_echo]: Waiting for transform map ->  mur620a/base_footprint: Invalid frame ID "map" passed to canTransform argument target_frame - frame does not exist
[INFO] [1779365740.959915639] [tf2_echo]: Waiting for transform map ->  mur620a/base_footprint: Invalid frame ID "map" passed to canTransform argument target_frame - frame does not exist
[INFO] [1779365741.959915667] [tf2_echo]: Waiting for transform map ->  mur620a/base_footprint: Invalid frame ID "map" passed to canTransform argument target_frame - frame does not exist
[INFO] [1779365742.959923782] [tf2_echo]: Waiting for transform map ->  mur620a/base_footprint: Invalid frame ID "map" passed to canTransform argument target_frame - frame does not exist
[INFO] [1779365743.777777834] [rclcpp]: signal_handler(SIGINT/SIGTERM)

== MoveIt mur620a ==
-- Nodes
/mur620a/move_group
/mur620a/move_group_private_104923783883760
/mur620a/moveit
/mur620a/moveit_2050676253
/mur620a/moveit_simple_controller_manager
/mur620a_moveit_controller_proxy_l
/mur620a_moveit_controller_proxy_r
/mur620a_moveit_lift_controller_proxy_l
-- MoveIt action

$ ros2 action info /mur620a/move_action
Action: /mur620a/move_action
Action clients: 2
    /rviz2_mur620a_moveit
    /rviz2_mur620a_moveit
Action servers: 1
    /mur620a/move_group
-- Robot descriptions
robot_description chars: 67467
robot_description_semantic chars: 44989
-- MoveIt core params

$ ros2 param get /mur620a/move_group planning_pipelines
String values are: ['ompl']

$ ros2 param get /mur620a/move_group default_planning_pipeline
String value is: ompl

$ ros2 param get /mur620a/move_group robot_description_kinematics.UR_arm_l.kinematics_solver
String value is: kdl_kinematics_plugin/KDLKinematicsPlugin

$ ros2 param get /mur620a/move_group robot_description_kinematics.UR_arm_r.kinematics_solver
String value is: kdl_kinematics_plugin/KDLKinematicsPlugin

$ ros2 param get /mur620a/move_group robot_description_planning.joint_limits.UR10_l/shoulder_pan_joint.max_velocity
Double value is: 2.09439510239
-- Controllers
[INFO] [1779365764.170296450] [_ros2cli_987473]: waiting for service /mur620a/controller_manager/list_controllers to become available...
joint_trajectory_controller_lift_l joint_trajectory_controller/JointTrajectoryController  inactive
lift_controller_l                  position_controllers/JointGroupPositionController      inactive
joint_state_broadcaster            joint_state_broadcaster/JointStateBroadcaster          active  
lift_effort_controller_l           effort_controllers/JointGroupEffortController          active  
joint_trajectory_controller_lift_r joint_trajectory_controller/JointTrajectoryController  inactive
lift_controller_r                  position_controllers/JointGroupPositionController      inactive
joint_trajectory_controller_r      joint_trajectory_controller/JointTrajectoryController  inactive
forward_velocity_controller_l      velocity_controllers/JointGroupVelocityController      active  
forward_velocity_controller_r      velocity_controllers/JointGroupVelocityController      active  
joint_trajectory_controller_l      joint_trajectory_controller/JointTrajectoryController  inactive
lift_effort_controller_r           effort_controllers/JointGroupEffortController          active  
mobile_base_controller             diff_drive_controller/DiffDriveController              active  
-- Joint states

$ ros2 topic info /mur620a/joint_states --verbose
Type: sensor_msgs/msg/JointState

Publisher count: 1

Node name: joint_state_broadcaster
Node namespace: /mur620a
Topic type: sensor_msgs/msg/JointState
Topic type hash: RIHS01_a13ee3a330e346c9d87b5aa18d24e11690752bd33a0350f11c5882bc9179260e
Endpoint type: PUBLISHER
GID: 01.0f.f6.e2.b8.e8.6e.11.00.00.00.00.00.02.85.03
QoS profile:
  Reliability: RELIABLE
  History (Depth): UNKNOWN
  Durability: TRANSIENT_LOCAL
  Lifespan: Infinite
  Deadline: Infinite
  Liveliness: AUTOMATIC
  Liveliness lease duration: Infinite

Subscription count: 8

Node name: mur620a_rsp
Node namespace: /mur620a
Topic type: sensor_msgs/msg/JointState
Topic type hash: RIHS01_a13ee3a330e346c9d87b5aa18d24e11690752bd33a0350f11c5882bc9179260e
Endpoint type: SUBSCRIPTION
GID: 01.0f.f6.e2.11.e9.76.2c.00.00.00.00.00.00.18.04
QoS profile:
  Reliability: BEST_EFFORT
  History (Depth): UNKNOWN
  Durability: VOLATILE
  Lifespan: Infinite
  Deadline: Infinite
  Liveliness: AUTOMATIC
  Liveliness lease duration: Infinite

Node name: mur620a_lift_effort_position_controller_l
Node namespace: /
Topic type: sensor_msgs/msg/JointState
Topic type hash: RIHS01_a13ee3a330e346c9d87b5aa18d24e11690752bd33a0350f11c5882bc9179260e
Endpoint type: SUBSCRIPTION
GID: 01.0f.f6.e2.15.e9.a9.2c.00.00.00.00.00.00.16.04
QoS profile:
  Reliability: RELIABLE
  History (Depth): UNKNOWN
  Durability: VOLATILE
  Lifespan: Infinite
  Deadline: Infinite
  Liveliness: AUTOMATIC
  Liveliness lease duration: Infinite

Node name: mur620a_lift_effort_position_controller_r
Node namespace: /
Topic type: sensor_msgs/msg/JointState
Topic type hash: RIHS01_a13ee3a330e346c9d87b5aa18d24e11690752bd33a0350f11c5882bc9179260e
Endpoint type: SUBSCRIPTION
GID: 01.0f.f6.e2.16.e9.9b.e0.00.00.00.00.00.00.16.04
QoS profile:
  Reliability: RELIABLE
  History (Depth): UNKNOWN
  Durability: VOLATILE
  Lifespan: Infinite
  Deadline: Infinite
  Liveliness: AUTOMATIC
  Liveliness lease duration: Infinite

Node name: move_group_private_104923783883760
Node namespace: /mur620a
Topic type: sensor_msgs/msg/JointState
Topic type hash: RIHS01_a13ee3a330e346c9d87b5aa18d24e11690752bd33a0350f11c5882bc9179260e
Endpoint type: SUBSCRIPTION
GID: 01.0f.f6.e2.1b.eb.20.eb.00.00.00.00.00.00.55.04
QoS profile:
  Reliability: BEST_EFFORT
  History (Depth): UNKNOWN
  Durability: VOLATILE
  Lifespan: Infinite
  Deadline: Infinite
  Liveliness: AUTOMATIC
  Liveliness lease duration: Infinite

Node name: mur620a_jparse_velocity_controller_l
Node namespace: /
Topic type: sensor_msgs/msg/JointState
Topic type hash: RIHS01_a13ee3a330e346c9d87b5aa18d24e11690752bd33a0350f11c5882bc9179260e
Endpoint type: SUBSCRIPTION
GID: 01.0f.f6.e2.51.ec.85.4c.00.00.00.00.00.00.19.04
QoS profile:
  Reliability: BEST_EFFORT
  History (Depth): UNKNOWN
  Durability: VOLATILE
  Lifespan: Infinite
  Deadline: Infinite
  Liveliness: AUTOMATIC
  Liveliness lease duration: Infinite

Node name: mur620a_jparse_velocity_controller_r
Node namespace: /
Topic type: sensor_msgs/msg/JointState
Topic type hash: RIHS01_a13ee3a330e346c9d87b5aa18d24e11690752bd33a0350f11c5882bc9179260e
Endpoint type: SUBSCRIPTION
GID: 01.0f.f6.e2.52.ec.64.05.00.00.00.00.00.00.19.04
QoS profile:
  Reliability: BEST_EFFORT
  History (Depth): UNKNOWN
  Durability: VOLATILE
  Lifespan: Infinite
  Deadline: Infinite
  Liveliness: AUTOMATIC
  Liveliness lease duration: Infinite

Node name: mur620a_jparse_move_l
Node namespace: /
Topic type: sensor_msgs/msg/JointState
Topic type hash: RIHS01_a13ee3a330e346c9d87b5aa18d24e11690752bd33a0350f11c5882bc9179260e
Endpoint type: SUBSCRIPTION
GID: 01.0f.f6.e2.53.ec.24.fc.00.00.00.00.00.00.15.04
QoS profile:
  Reliability: BEST_EFFORT
  History (Depth): UNKNOWN
  Durability: VOLATILE
  Lifespan: Infinite
  Deadline: Infinite
  Liveliness: AUTOMATIC
  Liveliness lease duration: Infinite

Node name: mur620a_jparse_move_r
Node namespace: /
Topic type: sensor_msgs/msg/JointState
Topic type hash: RIHS01_a13ee3a330e346c9d87b5aa18d24e11690752bd33a0350f11c5882bc9179260e
Endpoint type: SUBSCRIPTION
GID: 01.0f.f6.e2.54.ec.53.60.00.00.00.00.00.00.15.04
QoS profile:
  Reliability: BEST_EFFORT
  History (Depth): UNKNOWN
  Durability: VOLATILE
  Lifespan: Infinite
  Deadline: Infinite
  Liveliness: AUTOMATIC
  Liveliness lease duration: Infinite

A message was lost!!!
	total count change:1
	total count: 1---
header:
  stamp:
    sec: 89
    nanosec: 280000000
  frame_id: base_link
name:
- UR10_l/elbow_joint
- UR10_l/shoulder_lift_joint
- UR10_l/shoulder_pan_joint
- UR10_l/wrist_1_joint
- UR10_l/wrist_2_joint
- UR10_l/wrist_3_joint
- UR10_r/elbow_joint
- UR10_r/shoulder_lift_joint
- UR10_r/shoulder_pan_joint
- UR10_r/wrist_1_joint
- UR10_r/wrist_2_joint
- UR10_r/wrist_3_joint
- bl_caster_rotation_joint
- bl_caster_wheel_joint
- br_caster_rotation_joint
- br_caster_wheel_joint
- fl_caster_rotation_joint
- fl_caster_wheel_joint
- fr_caster_rotation_joint
- fr_caster_wheel_joint
- left_lift_joint
- left_wheel_joint
- right_lift_joint
- right_wheel_joint
position:
- -1.614705381057331
- -1.5707963278406858
- 3.577454324227065e-17
- -1.5707963385656745
- 1.5707963267900027
- -1.1777785521552671e-17
- -1.6147213958592352
- -1.570796327840675
- 3.1415926535900023
- -1.5707963388628428
- -1.5707963267900027
- 3.864891195666441e-17
- 0.10158471658517819
- 5.843558378441676e-09
- 0.09940004605100154
- -2.423143703121514e-09
- 0.15625467168627394
- 3.088384502557852e-08
- 0.15291926719018917
- 2.3370467223934627e-08
- 1.971079767272317e-12
- -5.511164313395631e-16
- 1.928233694094169e-12
- -1.422322043513049e-17
velocity:
- -4.629725075533386e-11
- -1.178434346632562e-11
- 5.421010862427522e-18
- -1.3189420389192463e-10
- -6.071532165918825e-18
- 7.15573433840433e-18
- -4.081796706190133e-11
- -1.1739661326393147e-11
- 5.637851296924623e-18
- -1.3531649759035425e-10
- -3.469446951953614e-17
- -1.0842021724855044e-18
- 0.001046390752311185
- 1.6569871733387864e-10
- 0.0009908832000538636
- -1.0002491239793909e-10
- 0.0016146163213297514
- 6.694796752561294e-10
- 0.0015300471245255011
- -1.6072976716935417e-10
- 3.197268838572853e-14
- 7.806255641895632e-18
- 3.1280533718813786e-14
- -1.3010426069826053e-18
effort:
- 42.46083341962657
- 42.4608334164957
- 4.541685952075573e-08
- 3.240066774646498
- 3.8415195775494564e-10
- -3.9736408607464876e-17
- 42.53939128285478
- 42.539391279722956
- 4.5433804873333994e-08
- 3.318652240474917
- -3.929051098781547e-10
- 3.863229180948099e-17
- .nan
- .nan
- .nan
- .nan
- .nan
- .nan
- .nan
- .nan
- 334.21919999996555
- .nan
- 334.2192000000228
- .nan
---
-- Current TF for MoveIt base
[INFO] [1779365768.184185536] [tf2_echo]: Waiting for transform map ->  mur620a/base_footprint: Invalid frame ID "map" passed to canTransform argument target_frame - frame does not exist
[INFO] [1779365770.168531915] [tf2_echo]: Waiting for transform map ->  mur620a/base_footprint: Invalid frame ID "map" passed to canTransform argument target_frame - frame does not exist
[INFO] [1779365771.168539770] [tf2_echo]: Waiting for transform map ->  mur620a/base_footprint: Invalid frame ID "map" passed to canTransform argument target_frame - frame does not exist
[INFO] [1779365773.168529010] [tf2_echo]: Waiting for transform map ->  mur620a/base_footprint: Invalid frame ID "map" passed to canTransform argument target_frame - frame does not exist
[INFO] [1779365774.168565736] [tf2_echo]: Waiting for transform map ->  mur620a/base_footprint: Invalid frame ID "map" passed to canTransform argument target_frame - frame does not exist
[INFO] [1779365774.985579874] [rclcpp]: signal_handler(SIGINT/SIGTERM)
[INFO] [1779365775.183616726] [tf2_echo]: Waiting for transform mur620a/base_footprint ->  mur620a/UR10_l/tool0: Invalid frame ID "mur620a/base_footprint" passed to canTransform argument target_frame - frame does not exist
At time 97.240000000
- Translation: [-0.137, 0.492, 1.544]
- Rotation: in Quaternion (xyzw) [0.707, 0.707, 0.016, 0.016]
- Rotation: in RPY (radian) [3.098, 0.000, 1.571]
- Rotation: in RPY (degree) [177.484, 0.000, 90.000]
- Matrix:
 -0.000  0.999  0.044 -0.137
  1.000  0.000 -0.000  0.492
 -0.000  0.044 -0.999  1.544
  0.000  0.000  0.000  1.000
At time 98.190000000
- Translation: [-0.137, 0.492, 1.544]
- Rotation: in Quaternion (xyzw) [0.707, 0.707, 0.016, 0.016]
- Rotation: in RPY (radian) [3.098, 0.000, 1.571]
- Rotation: in RPY (degree) [177.484, 0.000, 90.000]
- Matrix:
 -0.000  0.999  0.044 -0.137
  1.000  0.000 -0.000  0.492
 -0.000  0.044 -0.999  1.544
  0.000  0.000  0.000  1.000
At time 99.140000000
- Translation: [-0.137, 0.492, 1.544]
- Rotation: in Quaternion (xyzw) [0.707, 0.707, 0.016, 0.016]
- Rotation: in RPY (radian) [3.098, 0.000, 1.571]
- Rotation: in RPY (degree) [177.484, 0.000, 90.000]
- Matrix:
 -0.000  0.999  0.044 -0.137
  1.000  0.000 -0.000  0.492
 -0.000  0.044 -0.999  1.544
  0.000  0.000  0.000  1.000
At time 100.140000000
- Translation: [-0.137, 0.492, 1.544]
- Rotation: in Quaternion (xyzw) [0.707, 0.707, 0.016, 0.016]
- Rotation: in RPY (radian) [3.098, 0.000, 1.571]
- Rotation: in RPY (degree) [177.484, 0.000, 90.000]
- Matrix:
 -0.000  0.999  0.044 -0.137
  1.000  0.000 -0.000  0.492
 -0.000  0.044 -0.999  1.544
  0.000  0.000  0.000  1.000
At time 101.90000000
- Translation: [-0.137, 0.492, 1.544]
- Rotation: in Quaternion (xyzw) [0.707, 0.707, 0.016, 0.016]
- Rotation: in RPY (radian) [3.098, 0.000, 1.571]
- Rotation: in RPY (degree) [177.484, 0.000, 90.000]
- Matrix:
 -0.000  0.999  0.044 -0.137
  1.000  0.000 -0.000  0.492
 -0.000  0.044 -0.999  1.544
  0.000  0.000  0.000  1.000
At time 102.40000000
- Translation: [-0.137, 0.492, 1.544]
- Rotation: in Quaternion (xyzw) [0.707, 0.707, 0.016, 0.016]
- Rotation: in RPY (radian) [3.098, 0.000, 1.571]
- Rotation: in RPY (degree) [177.484, 0.000, 90.000]
- Matrix:
 -0.000  0.999  0.044 -0.137
  1.000  0.000 -0.000  0.492
 -0.000  0.044 -0.999  1.544
  0.000  0.000  0.000  1.000
[INFO] [1779365781.989603469] [rclcpp]: signal_handler(SIGINT/SIGTERM)
-- Private MoveIt TF

$ ros2 topic info /mur620a/moveit_tf --verbose
Unknown topic '/mur620a/moveit_tf'

$ ros2 topic info /mur620a/moveit_tf_static --verbose
Unknown topic '/mur620a/moveit_tf_static'
[INFO] [1779365782.942936333] [tf2_echo]: Waiting for transform mur620a/base_footprint ->  base_footprint: Invalid frame ID "mur620a/base_footprint" passed to canTransform argument target_frame - frame does not exist
[INFO] [1779365784.919050111] [tf2_echo]: Waiting for transform mur620a/base_footprint ->  base_footprint: Invalid frame ID "mur620a/base_footprint" passed to canTransform argument target_frame - frame does not exist
[INFO] [1779365786.919037637] [tf2_echo]: Waiting for transform mur620a/base_footprint ->  base_footprint: Invalid frame ID "mur620a/base_footprint" passed to canTransform argument target_frame - frame does not exist
[INFO] [1779365787.919233131] [tf2_echo]: Waiting for transform mur620a/base_footprint ->  base_footprint: Invalid frame ID "mur620a/base_footprint" passed to canTransform argument target_frame - frame does not exist
[INFO] [1779365789.743413394] [rclcpp]: signal_handler(SIGINT/SIGTERM)
[INFO] [1779365789.956255472] [tf2_echo]: Waiting for transform base_footprint ->  UR10_l/tool0: Invalid frame ID "base_footprint" passed to canTransform argument target_frame - frame does not exist
[INFO] [1779365791.934040680] [tf2_echo]: Waiting for transform base_footprint ->  UR10_l/tool0: Invalid frame ID "base_footprint" passed to canTransform argument target_frame - frame does not exist
[INFO] [1779365793.934037152] [tf2_echo]: Waiting for transform base_footprint ->  UR10_l/tool0: Invalid frame ID "base_footprint" passed to canTransform argument target_frame - frame does not exist
[INFO] [1779365795.934027582] [tf2_echo]: Waiting for transform base_footprint ->  UR10_l/tool0: Invalid frame ID "base_footprint" passed to canTransform argument target_frame - frame does not exist
[INFO] [1779365796.747849873] [rclcpp]: signal_handler(SIGINT/SIGTERM)

== Localization mur620b ==
-- Localization nodes
-- Ground truth

$ ros2 topic info /mur620b/ground_truth/odom --verbose
Type: nav_msgs/msg/Odometry

Publisher count: 1

Node name: mur620b_ground_truth
Node namespace: /
Topic type: nav_msgs/msg/Odometry
Topic type hash: RIHS01_3cc97dc7fb7502f8714462c526d369e35b603cfc34d946e3f2eda2766dfec6e0
Endpoint type: PUBLISHER
GID: 01.0f.f6.e2.60.f0.57.6f.00.00.00.00.00.00.16.03
QoS profile:
  Reliability: RELIABLE
  History (Depth): UNKNOWN
  Durability: VOLATILE
  Lifespan: Infinite
  Deadline: Infinite
  Liveliness: AUTOMATIC
  Liveliness lease duration: Infinite

Subscription count: 1

Node name: mur620b_fake_localization
Node namespace: /
Topic type: nav_msgs/msg/Odometry
Topic type hash: RIHS01_3cc97dc7fb7502f8714462c526d369e35b603cfc34d946e3f2eda2766dfec6e0
Endpoint type: SUBSCRIPTION
GID: 01.0f.f6.e2.66.f0.1d.dc.00.00.00.00.00.00.16.04
QoS profile:
  Reliability: RELIABLE
  History (Depth): UNKNOWN
  Durability: VOLATILE
  Lifespan: Infinite
  Deadline: Infinite
  Liveliness: AUTOMATIC
  Liveliness lease duration: Infinite

-- Base odometry

$ ros2 topic info /mur620b/mobile_base_controller/odom --verbose
Type: nav_msgs/msg/Odometry

Publisher count: 1

Node name: mobile_base_controller
Node namespace: /mur620b
Topic type: nav_msgs/msg/Odometry
Topic type hash: RIHS01_3cc97dc7fb7502f8714462c526d369e35b603cfc34d946e3f2eda2766dfec6e0
Endpoint type: PUBLISHER
GID: 01.0f.f6.e2.b8.e8.6e.11.00.00.00.00.00.01.f4.03
QoS profile:
  Reliability: RELIABLE
  History (Depth): UNKNOWN
  Durability: TRANSIENT_LOCAL
  Lifespan: Infinite
  Deadline: Infinite
  Liveliness: AUTOMATIC
  Liveliness lease duration: Infinite

Subscription count: 0

header:
  stamp:
    sec: 127
    nanosec: 690000000
  frame_id: mur620b/odom
child_frame_id: mur620b/base_footprint
pose:
  pose:
    position:
      x: -1.1424142365032525e-17
      y: -3.8971108768447877e-32
      z: 0.0
    orientation:
      x: 0.0
      y: 0.0
      z: 4.9863725526570735e-18
      w: 1.0
  covariance:
  - 0.0
  - 0.0
  - 0.0
  - 0.0
  - 0.0
  - 0.0
  - 0.0
  - 0.0
  - 0.0
  - 0.0
  - 0.0
  - 0.0
  - 0.0
  - 0.0
  - 0.0
  - 0.0
  - 0.0
  - 0.0
  - 0.0
  - 0.0
  - 0.0
  - 0.0
  - 0.0
  - 0.0
  - 0.0
  - 0.0
  - 0.0
  - 0.0
  - 0.0
  - 0.0
  - 0.0
  - 0.0
  - 0.0
  - 0.0
  - 0.0
  - 0.0
twist:
  twist:
    linear:
      x: 1.1427490897988721e-19
      y: 0.0
      z: 0.0
    angular:
      x: 0.0
      y: 0.0
      z: -1.7938617762938586e-19
  covariance:
  - 0.0
  - 0.0
  - 0.0
  - 0.0
  - 0.0
  - 0.0
  - 0.0
  - 0.0
  - 0.0
  - 0.0
  - 0.0
  - 0.0
  - 0.0
  - 0.0
  - 0.0
  - 0.0
  - 0.0
  - 0.0
  - 0.0
  - 0.0
  - 0.0
  - 0.0
  - 0.0
  - 0.0
  - 0.0
-- Scan topics should usually be absent with fake_localization:=true

$ ros2 topic info /mur620b/f_scan_raw --verbose
Unknown topic '/mur620b/f_scan_raw'

$ ros2 topic info /mur620b/b_scan_raw --verbose
Unknown topic '/mur620b/b_scan_raw'

$ ros2 topic info /mur620b/f_scan --verbose
Unknown topic '/mur620b/f_scan'

$ ros2 topic info /mur620b/b_scan --verbose
Unknown topic '/mur620b/b_scan'

$ ros2 topic info /mur620b/scan --verbose
Unknown topic '/mur620b/scan'
-- Controller odom TF setting

$ ros2 param get /mur620b/mobile_base_controller enable_odom_tf
Boolean value is: False

$ ros2 param get /mur620b/mobile_base_controller odom_frame_id
String value is: mur620b/odom

$ ros2 param get /mur620b/mobile_base_controller base_frame_id
String value is: mur620b/base_footprint
-- Expected fake-localization TF chain
[INFO] [1779365818.356865168] [tf2_echo]: Waiting for transform map ->  mur620b/odom: Invalid frame ID "map" passed to canTransform argument target_frame - frame does not exist
[INFO] [1779365820.335001809] [tf2_echo]: Waiting for transform map ->  mur620b/odom: Invalid frame ID "map" passed to canTransform argument target_frame - frame does not exist
[INFO] [1779365821.335003453] [tf2_echo]: Waiting for transform map ->  mur620b/odom: Invalid frame ID "map" passed to canTransform argument target_frame - frame does not exist
[INFO] [1779365822.335004992] [tf2_echo]: Waiting for transform map ->  mur620b/odom: Invalid frame ID "map" passed to canTransform argument target_frame - frame does not exist
[INFO] [1779365824.335003549] [tf2_echo]: Waiting for transform map ->  mur620b/odom: Invalid frame ID "map" passed to canTransform argument target_frame - frame does not exist
[INFO] [1779365825.154415389] [rclcpp]: signal_handler(SIGINT/SIGTERM)
[INFO] [1779365825.357912822] [tf2_echo]: Waiting for transform mur620b/odom ->  mur620b/base_footprint: Invalid frame ID "mur620b/odom" passed to canTransform argument target_frame - frame does not exist
At time 0.0
- Translation: [0.000, 0.000, 0.000]
- Rotation: in Quaternion (xyzw) [0.000, 0.000, 0.000, 1.000]
- Rotation: in RPY (radian) [0.000, -0.000, 0.000]
- Rotation: in RPY (degree) [0.000, -0.000, 0.000]
- Matrix:
  1.000  0.000  0.000  0.000
  0.000  1.000  0.000  0.000
  0.000  0.000  1.000  0.000
  0.000  0.000  0.000  1.000
At time 0.0
- Translation: [0.000, 0.000, 0.000]
- Rotation: in Quaternion (xyzw) [0.000, 0.000, 0.000, 1.000]
- Rotation: in RPY (radian) [0.000, -0.000, 0.000]
- Rotation: in RPY (degree) [0.000, -0.000, 0.000]
- Matrix:
  1.000  0.000  0.000  0.000
  0.000  1.000  0.000  0.000
  0.000  0.000  1.000  0.000
  0.000  0.000  0.000  1.000
At time 0.0
- Translation: [0.000, 0.000, 0.000]
- Rotation: in Quaternion (xyzw) [0.000, 0.000, 0.000, 1.000]
- Rotation: in RPY (radian) [0.000, -0.000, 0.000]
- Rotation: in RPY (degree) [0.000, -0.000, 0.000]
- Matrix:
  1.000  0.000  0.000  0.000
  0.000  1.000  0.000  0.000
  0.000  0.000  1.000  0.000
  0.000  0.000  0.000  1.000
At time 0.0
- Translation: [0.000, 0.000, 0.000]
- Rotation: in Quaternion (xyzw) [0.000, 0.000, 0.000, 1.000]
- Rotation: in RPY (radian) [0.000, -0.000, 0.000]
- Rotation: in RPY (degree) [0.000, -0.000, 0.000]
- Matrix:
  1.000  0.000  0.000  0.000
  0.000  1.000  0.000  0.000
  0.000  0.000  1.000  0.000
  0.000  0.000  0.000  1.000
At time 0.0
- Translation: [0.000, 0.000, 0.000]
- Rotation: in Quaternion (xyzw) [0.000, 0.000, 0.000, 1.000]
- Rotation: in RPY (radian) [0.000, -0.000, 0.000]
- Rotation: in RPY (degree) [0.000, -0.000, 0.000]
- Matrix:
  1.000  0.000  0.000  0.000
  0.000  1.000  0.000  0.000
  0.000  0.000  1.000  0.000
  0.000  0.000  0.000  1.000
[INFO] [1779365832.158563112] [rclcpp]: signal_handler(SIGINT/SIGTERM)
[INFO] [1779365832.360252179] [tf2_echo]: Waiting for transform map ->  mur620b/base_footprint: Invalid frame ID "map" passed to canTransform argument target_frame - frame does not exist
[INFO] [1779365834.345543508] [tf2_echo]: Waiting for transform map ->  mur620b/base_footprint: Invalid frame ID "map" passed to canTransform argument target_frame - frame does not exist
[INFO] [1779365836.345541427] [tf2_echo]: Waiting for transform map ->  mur620b/base_footprint: Invalid frame ID "map" passed to canTransform argument target_frame - frame does not exist
[INFO] [1779365838.345544125] [tf2_echo]: Waiting for transform map ->  mur620b/base_footprint: Invalid frame ID "map" passed to canTransform argument target_frame - frame does not exist
[INFO] [1779365839.162420870] [rclcpp]: signal_handler(SIGINT/SIGTERM)

== MoveIt mur620b ==
-- Nodes
WARNING: Be aware that there are nodes in the graph that share an exact name, which can have unintended side effects.
/mur620b/move_group
/mur620b/move_group_private_102105385723408
/mur620b/moveit
/mur620b/moveit_352130431
/mur620b/moveit_simple_controller_manager
/mur620b_moveit_controller_proxy_l
/mur620b_moveit_controller_proxy_r
/mur620b_moveit_lift_controller_proxy_l
/mur620b_moveit_lift_controller_proxy_r
-- MoveIt action

$ ros2 action info /mur620b/move_action
Action: /mur620b/move_action
Action clients: 0
Action servers: 1
    /mur620b/move_group
-- Robot descriptions
robot_description chars: 67318
robot_description_semantic chars: 44989
-- MoveIt core params

$ ros2 param get /mur620b/move_group planning_pipelines
String values are: ['ompl']

$ ros2 param get /mur620b/move_group default_planning_pipeline
String value is: ompl

$ ros2 param get /mur620b/move_group robot_description_kinematics.UR_arm_l.kinematics_solver
String value is: kdl_kinematics_plugin/KDLKinematicsPlugin

$ ros2 param get /mur620b/move_group robot_description_kinematics.UR_arm_r.kinematics_solver
String value is: kdl_kinematics_plugin/KDLKinematicsPlugin

$ ros2 param get /mur620b/move_group robot_description_planning.joint_limits.UR10_l/shoulder_pan_joint.max_velocity
Double value is: 2.09439510239
-- Controllers
lift_controller_l                  position_controllers/JointGroupPositionController      inactive
lift_effort_controller_l           effort_controllers/JointGroupEffortController          active  
forward_velocity_controller_r      velocity_controllers/JointGroupVelocityController      active  
joint_trajectory_controller_l      joint_trajectory_controller/JointTrajectoryController  inactive
lift_effort_controller_r           effort_controllers/JointGroupEffortController          active  
mobile_base_controller             diff_drive_controller/DiffDriveController              active  
joint_trajectory_controller_lift_l joint_trajectory_controller/JointTrajectoryController  inactive
joint_state_broadcaster            joint_state_broadcaster/JointStateBroadcaster          active  
forward_velocity_controller_l      velocity_controllers/JointGroupVelocityController      active  
joint_trajectory_controller_r      joint_trajectory_controller/JointTrajectoryController  inactive
joint_trajectory_controller_lift_r joint_trajectory_controller/JointTrajectoryController  inactive
lift_controller_r                  position_controllers/JointGroupPositionController      inactive
-- Joint states

$ ros2 topic info /mur620b/joint_states --verbose
Type: sensor_msgs/msg/JointState

Publisher count: 1

Node name: joint_state_broadcaster
Node namespace: /mur620b
Topic type: sensor_msgs/msg/JointState
Topic type hash: RIHS01_a13ee3a330e346c9d87b5aa18d24e11690752bd33a0350f11c5882bc9179260e
Endpoint type: PUBLISHER
GID: 01.0f.f6.e2.b8.e8.6e.11.00.00.00.00.00.01.9e.03
QoS profile:
  Reliability: RELIABLE
  History (Depth): UNKNOWN
  Durability: TRANSIENT_LOCAL
  Lifespan: Infinite
  Deadline: Infinite
  Liveliness: AUTOMATIC
  Liveliness lease duration: Infinite

Subscription count: 8

Node name: mur620b_jparse_velocity_controller_l
Node namespace: /
Topic type: sensor_msgs/msg/JointState
Topic type hash: RIHS01_a13ee3a330e346c9d87b5aa18d24e11690752bd33a0350f11c5882bc9179260e
Endpoint type: SUBSCRIPTION
GID: 01.0f.f6.e2.02.f3.80.8b.00.00.00.00.00.00.19.04
QoS profile:
  Reliability: BEST_EFFORT
  History (Depth): UNKNOWN
  Durability: VOLATILE
  Lifespan: Infinite
  Deadline: Infinite
  Liveliness: AUTOMATIC
  Liveliness lease duration: Infinite

Node name: mur620b_jparse_velocity_controller_r
Node namespace: /
Topic type: sensor_msgs/msg/JointState
Topic type hash: RIHS01_a13ee3a330e346c9d87b5aa18d24e11690752bd33a0350f11c5882bc9179260e
Endpoint type: SUBSCRIPTION
GID: 01.0f.f6.e2.03.f3.25.45.00.00.00.00.00.00.19.04
QoS profile:
  Reliability: BEST_EFFORT
  History (Depth): UNKNOWN
  Durability: VOLATILE
  Lifespan: Infinite
  Deadline: Infinite
  Liveliness: AUTOMATIC
  Liveliness lease duration: Infinite

Node name: mur620b_jparse_move_l
Node namespace: /
Topic type: sensor_msgs/msg/JointState
Topic type hash: RIHS01_a13ee3a330e346c9d87b5aa18d24e11690752bd33a0350f11c5882bc9179260e
Endpoint type: SUBSCRIPTION
GID: 01.0f.f6.e2.04.f3.2c.1d.00.00.00.00.00.00.15.04
QoS profile:
  Reliability: BEST_EFFORT
  History (Depth): UNKNOWN
  Durability: VOLATILE
  Lifespan: Infinite
  Deadline: Infinite
  Liveliness: AUTOMATIC
  Liveliness lease duration: Infinite

Node name: mur620b_jparse_move_r
Node namespace: /
Topic type: sensor_msgs/msg/JointState
Topic type hash: RIHS01_a13ee3a330e346c9d87b5aa18d24e11690752bd33a0350f11c5882bc9179260e
Endpoint type: SUBSCRIPTION
GID: 01.0f.f6.e2.16.f3.a4.66.00.00.00.00.00.00.15.04
QoS profile:
  Reliability: BEST_EFFORT
  History (Depth): UNKNOWN
  Durability: VOLATILE
  Lifespan: Infinite
  Deadline: Infinite
  Liveliness: AUTOMATIC
  Liveliness lease duration: Infinite

Node name: mur620b_rsp
Node namespace: /mur620b
Topic type: sensor_msgs/msg/JointState
Topic type hash: RIHS01_a13ee3a330e346c9d87b5aa18d24e11690752bd33a0350f11c5882bc9179260e
Endpoint type: SUBSCRIPTION
GID: 01.0f.f6.e2.61.f0.e0.84.00.00.00.00.00.00.18.04
QoS profile:
  Reliability: BEST_EFFORT
  History (Depth): UNKNOWN
  Durability: VOLATILE
  Lifespan: Infinite
  Deadline: Infinite
  Liveliness: AUTOMATIC
  Liveliness lease duration: Infinite

Node name: mur620b_lift_effort_position_controller_l
Node namespace: /
Topic type: sensor_msgs/msg/JointState
Topic type hash: RIHS01_a13ee3a330e346c9d87b5aa18d24e11690752bd33a0350f11c5882bc9179260e
Endpoint type: SUBSCRIPTION
GID: 01.0f.f6.e2.64.f0.ba.50.00.00.00.00.00.00.16.04
QoS profile:
  Reliability: RELIABLE
  History (Depth): UNKNOWN
  Durability: VOLATILE
  Lifespan: Infinite
  Deadline: Infinite
  Liveliness: AUTOMATIC
  Liveliness lease duration: Infinite

Node name: mur620b_lift_effort_position_controller_r
Node namespace: /
Topic type: sensor_msgs/msg/JointState
Topic type hash: RIHS01_a13ee3a330e346c9d87b5aa18d24e11690752bd33a0350f11c5882bc9179260e
Endpoint type: SUBSCRIPTION
GID: 01.0f.f6.e2.65.f0.97.88.00.00.00.00.00.00.16.04
QoS profile:
  Reliability: RELIABLE
  History (Depth): UNKNOWN
  Durability: VOLATILE
  Lifespan: Infinite
  Deadline: Infinite
  Liveliness: AUTOMATIC
  Liveliness lease duration: Infinite

Node name: move_group_private_102105385723408
Node namespace: /mur620b
Topic type: sensor_msgs/msg/JointState
Topic type hash: RIHS01_a13ee3a330e346c9d87b5aa18d24e11690752bd33a0350f11c5882bc9179260e
Endpoint type: SUBSCRIPTION
GID: 01.0f.f6.e2.d1.f1.7f.c5.00.00.00.00.00.00.55.04
QoS profile:
  Reliability: BEST_EFFORT
  History (Depth): UNKNOWN
  Durability: VOLATILE
  Lifespan: Infinite
  Deadline: Infinite
  Liveliness: AUTOMATIC
  Liveliness lease duration: Infinite

A message was lost!!!
	total count change:1
	total count: 1---
header:
  stamp:
    sec: 175
    nanosec: 860000000
  frame_id: base_link
name:
- UR10_l/elbow_joint
- UR10_l/shoulder_lift_joint
- UR10_l/shoulder_pan_joint
- UR10_l/wrist_1_joint
- UR10_l/wrist_2_joint
- UR10_l/wrist_3_joint
- UR10_r/elbow_joint
- UR10_r/shoulder_lift_joint
- UR10_r/shoulder_pan_joint
- UR10_r/wrist_1_joint
- UR10_r/wrist_2_joint
- UR10_r/wrist_3_joint
- bl_caster_rotation_joint
- bl_caster_wheel_joint
- br_caster_rotation_joint
- br_caster_wheel_joint
- fl_caster_rotation_joint
- fl_caster_wheel_joint
- fr_caster_rotation_joint
- fr_caster_wheel_joint
- left_lift_joint
- left_wheel_joint
- right_lift_joint
- right_wheel_joint
position:
- -1.6147053847653687
- -1.5707963287810016
- 3.586302597580333e-17
- -1.5707963491043084
- 1.5707963267900027
- -3.128886486190627e-17
- -1.614721399123728
- -1.5707963287809907
- 3.1415926535900023
- -1.5707963496676038
- -1.5707963267900027
- 1.305197710295093e-16
- 0.1584535830106319
- -3.8481937544468156e-08
- 0.15106216353838534
- -1.0357867092001387e-07
- 0.2456425861658029
- 1.6121649523843207e-07
- 0.2342419158232188
- 1.0403654031459113e-07
- 4.869824110621963e-12
- -8.08555554165027e-17
- 4.2494860429611474e-12
- -5.541025926301282e-17
velocity:
- -4.629709809966798e-11
- -1.17844640296072e-11
- -1.3010426069826053e-18
- -1.3189426287252282e-10
- 1.734723475976807e-17
- -4.119968255444917e-18
- -4.081786297849277e-11
- -1.1740005669003128e-11
- 2.168404344971009e-19
- -1.3531642473196825e-10
- -2.2551405187698492e-17
- 4.553649124439119e-18
- 0.00016399987955477806
- -3.0103257777150394e-10
- 0.00013672522487429204
- -1.3222373916252361e-09
- 0.0002277469526363888
- 2.786674234683123e-09
- 0.00018910008078395964
- 1.404190205951672e-09
- 3.196921893877658e-14
- 8.673617379884035e-19
- 3.128226844228976e-14
- 1.3010426069826053e-18
effort:
- 42.46083339921577
- 42.46083347311953
- 5.316793898202388e-08
- 3.2400667591448205
- 5.368916212885683e-10
- 1.437150745631339e-14
- 42.53939128754386
- 42.53939136144781
- 5.3320424014694705e-08
- 3.31865225179504
- -5.618536161808562e-10
- -1.437615217842031e-14
- .nan
- .nan
- .nan
- .nan
- .nan
- .nan
- .nan
- .nan
- 334.21920002508784
- .nan
- 334.21920000398137
- .nan
---
-- Current TF for MoveIt base
[INFO] [1779365859.430868923] [tf2_echo]: Waiting for transform map ->  mur620b/base_footprint: Invalid frame ID "map" passed to canTransform argument target_frame - frame does not exist
[INFO] [1779365861.409825411] [tf2_echo]: Waiting for transform map ->  mur620b/base_footprint: Invalid frame ID "map" passed to canTransform argument target_frame - frame does not exist
[INFO] [1779365862.409836391] [tf2_echo]: Waiting for transform map ->  mur620b/base_footprint: Invalid frame ID "map" passed to canTransform argument target_frame - frame does not exist
[INFO] [1779365863.409910941] [tf2_echo]: Waiting for transform map ->  mur620b/base_footprint: Invalid frame ID "map" passed to canTransform argument target_frame - frame does not exist
[INFO] [1779365865.409821870] [tf2_echo]: Waiting for transform map ->  mur620b/base_footprint: Invalid frame ID "map" passed to canTransform argument target_frame - frame does not exist
[INFO] [1779365866.234094809] [rclcpp]: signal_handler(SIGINT/SIGTERM)
[INFO] [1779365866.456147519] [tf2_echo]: Waiting for transform mur620b/base_footprint ->  mur620b/UR10_l/tool0: Invalid frame ID "mur620b/base_footprint" passed to canTransform argument target_frame - frame does not exist
[INFO] [1779365868.441822646] [tf2_echo]: Waiting for transform mur620b/base_footprint ->  mur620b/UR10_l/tool0: Invalid frame ID "mur620b/base_footprint" passed to canTransform argument target_frame - frame does not exist
At time 185.720000000
- Translation: [-0.137, 0.492, 1.544]
- Rotation: in Quaternion (xyzw) [0.707, 0.707, 0.016, 0.016]
- Rotation: in RPY (radian) [3.098, 0.000, 1.571]
- Rotation: in RPY (degree) [177.484, 0.000, 90.000]
- Matrix:
 -0.000  0.999  0.044 -0.137
  1.000  0.000 -0.000  0.492
 -0.000  0.044 -0.999  1.544
  0.000  0.000  0.000  1.000
At time 186.720000000
- Translation: [-0.137, 0.492, 1.544]
- Rotation: in Quaternion (xyzw) [0.707, 0.707, 0.016, 0.016]
- Rotation: in RPY (radian) [3.098, 0.000, 1.571]
- Rotation: in RPY (degree) [177.484, 0.000, 90.000]
- Matrix:
 -0.000  0.999  0.044 -0.137
  1.000  0.000 -0.000  0.492
 -0.000  0.044 -0.999  1.544
  0.000  0.000  0.000  1.000
At time 187.670000000
- Translation: [-0.137, 0.492, 1.544]
- Rotation: in Quaternion (xyzw) [0.707, 0.707, 0.016, 0.016]
- Rotation: in RPY (radian) [3.098, 0.000, 1.571]
- Rotation: in RPY (degree) [177.484, 0.000, 90.000]
- Matrix:
 -0.000  0.999  0.044 -0.137
  1.000  0.000 -0.000  0.492
 -0.000  0.044 -0.999  1.544
  0.000  0.000  0.000  1.000
At time 188.670000000
- Translation: [-0.137, 0.492, 1.544]
- Rotation: in Quaternion (xyzw) [0.707, 0.707, 0.016, 0.016]
- Rotation: in RPY (radian) [3.098, 0.000, 1.571]
- Rotation: in RPY (degree) [177.484, 0.000, 90.000]
- Matrix:
 -0.000  0.999  0.044 -0.137
  1.000  0.000 -0.000  0.492
 -0.000  0.044 -0.999  1.544
  0.000  0.000  0.000  1.000
[INFO] [1779365873.239864180] [rclcpp]: signal_handler(SIGINT/SIGTERM)
-- Private MoveIt TF

$ ros2 topic info /mur620b/moveit_tf --verbose
Unknown topic '/mur620b/moveit_tf'

$ ros2 topic info /mur620b/moveit_tf_static --verbose
Unknown topic '/mur620b/moveit_tf_static'
[INFO] [1779365874.200244513] [tf2_echo]: Waiting for transform mur620b/base_footprint ->  base_footprint: Invalid frame ID "mur620b/base_footprint" passed to canTransform argument target_frame - frame does not exist
[INFO] [1779365876.179074620] [tf2_echo]: Waiting for transform mur620b/base_footprint ->  base_footprint: Invalid frame ID "mur620b/base_footprint" passed to canTransform argument target_frame - frame does not exist
[INFO] [1779365877.179244239] [tf2_echo]: Waiting for transform mur620b/base_footprint ->  base_footprint: Invalid frame ID "mur620b/base_footprint" passed to canTransform argument target_frame - frame does not exist
[INFO] [1779365879.179072748] [tf2_echo]: Waiting for transform mur620b/base_footprint ->  base_footprint: Invalid frame ID "mur620b/base_footprint" passed to canTransform argument target_frame - frame does not exist
[INFO] [1779365880.179074058] [tf2_echo]: Waiting for transform mur620b/base_footprint ->  base_footprint: Invalid frame ID "mur620b/base_footprint" passed to canTransform argument target_frame - frame does not exist
[INFO] [1779365880.999374727] [rclcpp]: signal_handler(SIGINT/SIGTERM)
[INFO] [1779365881.206665912] [tf2_echo]: Waiting for transform base_footprint ->  UR10_l/tool0: Invalid frame ID "base_footprint" passed to canTransform argument target_frame - frame does not exist
[INFO] [1779365883.187379731] [tf2_echo]: Waiting for transform base_footprint ->  UR10_l/tool0: Invalid frame ID "base_footprint" passed to canTransform argument target_frame - frame does not exist
[INFO] [1779365884.187391039] [tf2_echo]: Waiting for transform base_footprint ->  UR10_l/tool0: Invalid frame ID "base_footprint" passed to canTransform argument target_frame - frame does not exist
[INFO] [1779365886.187384082] [tf2_echo]: Waiting for transform base_footprint ->  UR10_l/tool0: Invalid frame ID "base_footprint" passed to canTransform argument target_frame - frame does not exist
[INFO] [1779365888.002733571] [rclcpp]: signal_handler(SIGINT/SIGTERM)

== Recent MoveIt/RViz Logs ==
---- /home/rosmatch/.ros/log/move_group_979409_1779365677956.log
[INFO] [1779365677.981633377] [mur620b.moveit.moveit.ros.rdf_loader]: Loaded robot model in 0 seconds
[INFO] [1779365677.981704981] [mur620b.moveit.moveit.core.robot_model]: Loading robot model 'mur620'...
[INFO] [1779365678.176746794] [mur620b.moveit.moveit.kinematics.kdl_kinematics_plugin]: Joint weights for group 'UR_arm_l': 1 1 1 1 1 1
[INFO] [1779365678.176889759] [mur620b.moveit.moveit.kinematics.kdl_kinematics_plugin]: Joint weights for group 'UR_arm_r': 1 1 1 1 1 1
[INFO] [1779365678.176994273] [mur620b.moveit.moveit.kinematics.kdl_kinematics_plugin]: Joint weights for group 'UR_arm_lift_l': 1 1 1 1 1 1 1
[INFO] [1779365678.177094657] [mur620b.moveit.moveit.kinematics.kdl_kinematics_plugin]: Joint weights for group 'UR_arm_lift_r': 1 1 1 1 1 1 1
[INFO] [1779365679.310150167] [mur620b.moveit.moveit.ros.planning_scene_monitor]: Publishing maintained planning scene on 'monitored_planning_scene'
[INFO] [1779365679.310278756] [mur620b.moveit.moveit.ros.moveit_cpp]: Listening to 'joint_states' for joint states
[INFO] [1779365679.311045428] [mur620b.moveit.moveit.ros.current_state_monitor]: Listening to joint states on topic 'joint_states'
[INFO] [1779365679.311596803] [mur620b.moveit.moveit.ros.planning_scene_monitor]: Listening to '/mur620b/attached_collision_object' for attached collision objects
[INFO] [1779365679.311614394] [mur620b.moveit.moveit.ros.planning_scene_monitor]: Stopping existing planning scene publisher.
[INFO] [1779365679.311802299] [mur620b.moveit.moveit.ros.planning_scene_monitor]: Stopped publishing maintained planning scene.
[INFO] [1779365679.312159128] [mur620b.moveit.moveit.ros.planning_scene_monitor]: Publishing maintained planning scene on 'monitored_planning_scene'
[INFO] [1779365679.312245617] [mur620b.moveit.moveit.ros.planning_scene_monitor]: Starting planning scene monitor
[INFO] [1779365679.312761399] [mur620b.moveit.moveit.ros.planning_scene_monitor]: Listening to '/mur620b/planning_scene'
[INFO] [1779365679.312775260] [mur620b.moveit.moveit.ros.planning_scene_monitor]: Starting world geometry update monitor for collision objects, attached objects, octomap updates.
[INFO] [1779365679.313358416] [mur620b.moveit.moveit.ros.planning_scene_monitor]: Listening to 'collision_object'
[INFO] [1779365679.313736012] [mur620b.moveit.moveit.ros.planning_scene_monitor]: Listening to 'planning_scene_world' for planning scene world geometry
[WARN] [1779365679.313918065] [mur620b.moveit.moveit.ros.occupancy_map_monitor]: Resolution not specified for Octomap. Assuming resolution = 0.1 instead
[ERROR] [1779365679.313929683] [mur620b.moveit.moveit.ros.occupancy_map_monitor]: No 3D sensor plugin(s) defined for octomap updates
[INFO] [1779365683.289622153] [mur620b.moveit.moveit.ros.planning_pipeline]: Successfully loaded planner 'OMPL'
[INFO] [1779365683.290361004] [mur620b.move_group]: Try loading adapter 'default_planning_request_adapters/ResolveConstraintFrames'
[INFO] [1779365683.290986355] [mur620b.move_group]: Loaded adapter 'default_planning_request_adapters/ResolveConstraintFrames'
[INFO] [1779365683.290998207] [mur620b.move_group]: Try loading adapter 'default_planning_request_adapters/ValidateWorkspaceBounds'
[INFO] [1779365683.291481476] [mur620b.move_group]: Loaded adapter 'default_planning_request_adapters/ValidateWorkspaceBounds'
[INFO] [1779365683.291496362] [mur620b.move_group]: Try loading adapter 'default_planning_request_adapters/CheckStartStateBounds'
[INFO] [1779365683.291525043] [mur620b.move_group]: Loaded adapter 'default_planning_request_adapters/CheckStartStateBounds'
[INFO] [1779365683.291529141] [mur620b.move_group]: Try loading adapter 'default_planning_request_adapters/CheckStartStateCollision'
[INFO] [1779365683.291540051] [mur620b.move_group]: Loaded adapter 'default_planning_request_adapters/CheckStartStateCollision'
[INFO] [1779365683.292231550] [mur620b.move_group]: Try loading adapter 'default_planning_response_adapters/AddTimeOptimalParameterization'
[INFO] [1779365683.294153959] [mur620b.move_group]: Loaded adapter 'default_planning_response_adapters/AddTimeOptimalParameterization'
[INFO] [1779365683.294181771] [mur620b.move_group]: Try loading adapter 'default_planning_response_adapters/ValidateSolution'
[INFO] [1779365683.296521941] [mur620b.move_group]: Loaded adapter 'default_planning_response_adapters/ValidateSolution'
[INFO] [1779365683.296552070] [mur620b.move_group]: Try loading adapter 'default_planning_response_adapters/DisplayMotionPath'
[INFO] [1779365683.298088683] [mur620b.move_group]: Loaded adapter 'default_planning_response_adapters/DisplayMotionPath'
[INFO] [1779365683.407918847] [mur620b.moveit.moveit.plugins.simple_controller_manager]: Added FollowJointTrajectory controller for /mur620b/moveit_joint_trajectory_controller_l
[INFO] [1779365683.413908813] [mur620b.moveit.moveit.plugins.simple_controller_manager]: Added FollowJointTrajectory controller for /mur620b/moveit_joint_trajectory_controller_r
[INFO] [1779365683.422155691] [mur620b.moveit.moveit.plugins.simple_controller_manager]: Added FollowJointTrajectory controller for /mur620b/moveit_joint_trajectory_controller_lift_l
[INFO] [1779365683.431663826] [mur620b.moveit.moveit.plugins.simple_controller_manager]: Added FollowJointTrajectory controller for /mur620b/moveit_joint_trajectory_controller_lift_r
[INFO] [1779365683.431959705] [mur620b.moveit.moveit.plugins.simple_controller_manager]: Returned 4 controllers in list
[INFO] [1779365683.432006023] [mur620b.moveit.moveit.plugins.simple_controller_manager]: Returned 4 controllers in list
[INFO] [1779365683.433271731] [mur620b.moveit.moveit.ros.trajectory_execution_manager]: Trajectory execution is managing controllers
[INFO] [1779365683.433308392] [mur620b.move_group]: MoveGroup debug mode is ON
[INFO] [1779365683.478822107] [mur620b.moveit.moveit.ros.move_group.executable]: 

********************************************************
* MoveGroup using: 
*     - apply_planning_scene_service
*     - clear_octomap_service
*     - get_group_urdf
*     - load_geometry_from_file
*     - CartesianPathService
*     - execute_trajectory_action
*     - get_planning_scene_service
*     - kinematics_service
*     - move_action
*     - motion_plan_service
*     - query_planners_service
*     - state_validation_service
*     - save_geometry_to_file
********************************************************

[INFO] [1779365683.478876876] [mur620b.moveit.moveit.ros.move_group.context]: MoveGroup context using pipeline ompl
[INFO] [1779365683.478885748] [mur620b.moveit.moveit.ros.move_group.context]: MoveGroup context initialization complete
---- /home/rosmatch/.ros/log/move_group_977691_1779365665875.log
[WARN] [1779365684.273660439] [mur620a.moveit.moveit.ros.planning_scene_monitor]: Unable to transform object from frame 'mur620b/front_laser_link' to planning frame'base_footprint' (Could not find a connection between 'base_footprint' and 'mur620b/front_laser_link' because they are not part of the same tree.Tf has two or more unconnected trees.)
[WARN] [1779365684.273664943] [mur620a.moveit.moveit.ros.planning_scene_monitor]: Unable to transform object from frame 'mur620b/imu_link' to planning frame'base_footprint' (Could not find a connection between 'base_footprint' and 'mur620b/imu_link' because they are not part of the same tree.Tf has two or more unconnected trees.)
[WARN] [1779365684.273669519] [mur620a.moveit.moveit.ros.planning_scene_monitor]: Unable to transform object from frame 'mur620b/camera_color_frame' to planning frame'base_footprint' (Could not find a connection between 'base_footprint' and 'mur620b/camera_color_frame' because they are not part of the same tree.Tf has two or more unconnected trees.)
[WARN] [1779365684.273674154] [mur620a.moveit.moveit.ros.planning_scene_monitor]: Unable to transform object from frame 'mur620b/camera_link' to planning frame'base_footprint' (Could not find a connection between 'base_footprint' and 'mur620b/camera_link' because they are not part of the same tree.Tf has two or more unconnected trees.)
[WARN] [1779365684.273678676] [mur620a.moveit.moveit.ros.planning_scene_monitor]: Unable to transform object from frame 'mur620b/camera_color_optical_frame' to planning frame'base_footprint' (Could not find a connection between 'base_footprint' and 'mur620b/camera_color_optical_frame' because they are not part of the same tree.Tf has two or more unconnected trees.)
[WARN] [1779365684.273683227] [mur620a.moveit.moveit.ros.planning_scene_monitor]: Unable to transform object from frame 'mur620b/camera_depth_frame' to planning frame'base_footprint' (Could not find a connection between 'base_footprint' and 'mur620b/camera_depth_frame' because they are not part of the same tree.Tf has two or more unconnected trees.)
[WARN] [1779365684.273687867] [mur620a.moveit.moveit.ros.planning_scene_monitor]: Unable to transform object from frame 'mur620b/camera_depth_optical_frame' to planning frame'base_footprint' (Could not find a connection between 'base_footprint' and 'mur620b/camera_depth_optical_frame' because they are not part of the same tree.Tf has two or more unconnected trees.)
[WARN] [1779365684.273692263] [mur620a.moveit.moveit.ros.planning_scene_monitor]: Unable to transform object from frame 'mur620b/camera_infra1_frame' to planning frame'base_footprint' (Could not find a connection between 'base_footprint' and 'mur620b/camera_infra1_frame' because they are not part of the same tree.Tf has two or more unconnected trees.)
[WARN] [1779365684.273696698] [mur620a.moveit.moveit.ros.planning_scene_monitor]: Unable to transform object from frame 'mur620b/camera_infra1_optical_frame' to planning frame'base_footprint' (Could not find a connection between 'base_footprint' and 'mur620b/camera_infra1_optical_frame' because they are not part of the same tree.Tf has two or more unconnected trees.)
[WARN] [1779365684.273701069] [mur620a.moveit.moveit.ros.planning_scene_monitor]: Unable to transform object from frame 'mur620b/camera_infra2_frame' to planning frame'base_footprint' (Could not find a connection between 'base_footprint' and 'mur620b/camera_infra2_frame' because they are not part of the same tree.Tf has two or more unconnected trees.)
[WARN] [1779365684.273706812] [mur620a.moveit.moveit.ros.planning_scene_monitor]: Unable to transform object from frame 'mur620b/camera_infra2_optical_frame' to planning frame'base_footprint' (Could not find a connection between 'base_footprint' and 'mur620b/camera_infra2_optical_frame' because they are not part of the same tree.Tf has two or more unconnected trees.)
[WARN] [1779365684.273711620] [mur620a.moveit.moveit.ros.planning_scene_monitor]: Unable to transform object from frame 'mur620b/camera_bottom_screw_frame' to planning frame'base_footprint' (Could not find a connection between 'base_footprint' and 'mur620b/camera_bottom_screw_frame' because they are not part of the same tree.Tf has two or more unconnected trees.)
[WARN] [1779365684.273715992] [mur620a.moveit.moveit.ros.planning_scene_monitor]: Unable to transform object from frame 'mur620b/imu_frame' to planning frame'base_footprint' (Could not find a connection between 'base_footprint' and 'mur620b/imu_frame' because they are not part of the same tree.Tf has two or more unconnected trees.)
[WARN] [1779365684.273720401] [mur620a.moveit.moveit.ros.planning_scene_monitor]: Unable to transform object from frame 'mur620b/left_lift_bottom' to planning frame'base_footprint' (Could not find a connection between 'base_footprint' and 'mur620b/left_lift_bottom' because they are not part of the same tree.Tf has two or more unconnected trees.)
[WARN] [1779365684.273724711] [mur620a.moveit.moveit.ros.planning_scene_monitor]: Unable to transform object from frame 'mur620b/top_module' to planning frame'base_footprint' (Could not find a connection between 'base_footprint' and 'mur620b/top_module' because they are not part of the same tree.Tf has two or more unconnected trees.)
[WARN] [1779365684.273729212] [mur620a.moveit.moveit.ros.planning_scene_monitor]: Unable to transform object from frame 'mur620b/left_lift_top' to planning frame'base_footprint' (Could not find a connection between 'base_footprint' and 'mur620b/left_lift_top' because they are not part of the same tree.Tf has two or more unconnected trees.)
[WARN] [1779365684.273733648] [mur620a.moveit.moveit.ros.planning_scene_monitor]: Unable to transform object from frame 'mur620b/right_lift_top' to planning frame'base_footprint' (Could not find a connection between 'base_footprint' and 'mur620b/right_lift_top' because they are not part of the same tree.Tf has two or more unconnected trees.)
[WARN] [1779365684.273738161] [mur620a.moveit.moveit.ros.planning_scene_monitor]: Unable to transform object from frame 'mur620b/right_lift_bottom' to planning frame'base_footprint' (Could not find a connection between 'base_footprint' and 'mur620b/right_lift_bottom' because they are not part of the same tree.Tf has two or more unconnected trees.)
[WARN] [1779365684.273742555] [mur620a.moveit.moveit.ros.planning_scene_monitor]: Unable to transform object from frame 'mur620b/us_1_frame' to planning frame'base_footprint' (Could not find a connection between 'base_footprint' and 'mur620b/us_1_frame' because they are not part of the same tree.Tf has two or more unconnected trees.)
[WARN] [1779365684.273746942] [mur620a.moveit.moveit.ros.planning_scene_monitor]: Unable to transform object from frame 'mur620b/us_2_frame' to planning frame'base_footprint' (Could not find a connection between 'base_footprint' and 'mur620b/us_2_frame' because they are not part of the same tree.Tf has two or more unconnected trees.)
[WARN] [1779365684.273751363] [mur620a.moveit.moveit.ros.planning_scene_monitor]: Unable to transform object from frame 'mur620b/odom' to planning frame'base_footprint' (Could not find a connection between 'base_footprint' and 'mur620b/odom' because they are not part of the same tree.Tf has two or more unconnected trees.)
[WARN] [1779365684.273757377] [mur620a.moveit.moveit.ros.planning_scene_monitor]: Unable to transform object from frame 'mur620b/UR10_l/forearm_link' to planning frame'base_footprint' (Could not find a connection between 'base_footprint' and 'mur620b/UR10_l/forearm_link' because they are not part of the same tree.Tf has two or more unconnected trees.)
[WARN] [1779365684.273762395] [mur620a.moveit.moveit.ros.planning_scene_monitor]: Unable to transform object from frame 'mur620b/UR10_l/upper_arm_link' to planning frame'base_footprint' (Could not find a connection between 'base_footprint' and 'mur620b/UR10_l/upper_arm_link' because they are not part of the same tree.Tf has two or more unconnected trees.)
[WARN] [1779365684.273766998] [mur620a.moveit.moveit.ros.planning_scene_monitor]: Unable to transform object from frame 'mur620b/UR10_l/shoulder_link' to planning frame'base_footprint' (Could not find a connection between 'base_footprint' and 'mur620b/UR10_l/shoulder_link' because they are not part of the same tree.Tf has two or more unconnected trees.)
[WARN] [1779365684.273771563] [mur620a.moveit.moveit.ros.planning_scene_monitor]: Unable to transform object from frame 'mur620b/UR10_l/wrist_1_link' to planning frame'base_footprint' (Could not find a connection between 'base_footprint' and 'mur620b/UR10_l/wrist_1_link' because they are not part of the same tree.Tf has two or more unconnected trees.)
[WARN] [1779365684.273776081] [mur620a.moveit.moveit.ros.planning_scene_monitor]: Unable to transform object from frame 'mur620b/UR10_l/wrist_2_link' to planning frame'base_footprint' (Could not find a connection between 'base_footprint' and 'mur620b/UR10_l/wrist_2_link' because they are not part of the same tree.Tf has two or more unconnected trees.)
[WARN] [1779365684.273780585] [mur620a.moveit.moveit.ros.planning_scene_monitor]: Unable to transform object from frame 'mur620b/UR10_r/forearm_link' to planning frame'base_footprint' (Could not find a connection between 'base_footprint' and 'mur620b/UR10_r/forearm_link' because they are not part of the same tree.Tf has two or more unconnected trees.)
[WARN] [1779365684.273785047] [mur620a.moveit.moveit.ros.planning_scene_monitor]: Unable to transform object from frame 'mur620b/UR10_r/upper_arm_link' to planning frame'base_footprint' (Could not find a connection between 'base_footprint' and 'mur620b/UR10_r/upper_arm_link' because they are not part of the same tree.Tf has two or more unconnected trees.)
[WARN] [1779365684.273789478] [mur620a.moveit.moveit.ros.planning_scene_monitor]: Unable to transform object from frame 'mur620b/UR10_r/shoulder_link' to planning frame'base_footprint' (Could not find a connection between 'base_footprint' and 'mur620b/UR10_r/shoulder_link' because they are not part of the same tree.Tf has two or more unconnected trees.)
[WARN] [1779365684.273793895] [mur620a.moveit.moveit.ros.planning_scene_monitor]: Unable to transform object from frame 'mur620b/UR10_r/wrist_1_link' to planning frame'base_footprint' (Could not find a connection between 'base_footprint' and 'mur620b/UR10_r/wrist_1_link' because they are not part of the same tree.Tf has two or more unconnected trees.)
[WARN] [1779365684.273798401] [mur620a.moveit.moveit.ros.planning_scene_monitor]: Unable to transform object from frame 'mur620b/UR10_r/wrist_2_link' to planning frame'base_footprint' (Could not find a connection between 'base_footprint' and 'mur620b/UR10_r/wrist_2_link' because they are not part of the same tree.Tf has two or more unconnected trees.)
[WARN] [1779365684.273802777] [mur620a.moveit.moveit.ros.planning_scene_monitor]: Unable to transform object from frame 'mur620b/bl_caster_rotation_link' to planning frame'base_footprint' (Could not find a connection between 'base_footprint' and 'mur620b/bl_caster_rotation_link' because they are not part of the same tree.Tf has two or more unconnected trees.)
[WARN] [1779365684.273807176] [mur620a.moveit.moveit.ros.planning_scene_monitor]: Unable to transform object from frame 'mur620b/bl_caster_wheel_link' to planning frame'base_footprint' (Could not find a connection between 'base_footprint' and 'mur620b/bl_caster_wheel_link' because they are not part of the same tree.Tf has two or more unconnected trees.)
[WARN] [1779365684.273812675] [mur620a.moveit.moveit.ros.planning_scene_monitor]: Unable to transform object from frame 'mur620b/br_caster_rotation_link' to planning frame'base_footprint' (Could not find a connection between 'base_footprint' and 'mur620b/br_caster_rotation_link' because they are not part of the same tree.Tf has two or more unconnected trees.)
[WARN] [1779365684.273817322] [mur620a.moveit.moveit.ros.planning_scene_monitor]: Unable to transform object from frame 'mur620b/br_caster_wheel_link' to planning frame'base_footprint' (Could not find a connection between 'base_footprint' and 'mur620b/br_caster_wheel_link' because they are not part of the same tree.Tf has two or more unconnected trees.)
[WARN] [1779365684.273821593] [mur620a.moveit.moveit.ros.planning_scene_monitor]: Unable to transform object from frame 'mur620b/fl_caster_rotation_link' to planning frame'base_footprint' (Could not find a connection between 'base_footprint' and 'mur620b/fl_caster_rotation_link' because they are not part of the same tree.Tf has two or more unconnected trees.)
[WARN] [1779365684.273825874] [mur620a.moveit.moveit.ros.planning_scene_monitor]: Unable to transform object from frame 'mur620b/fl_caster_wheel_link' to planning frame'base_footprint' (Could not find a connection between 'base_footprint' and 'mur620b/fl_caster_wheel_link' because they are not part of the same tree.Tf has two or more unconnected trees.)
[WARN] [1779365684.273830176] [mur620a.moveit.moveit.ros.planning_scene_monitor]: Unable to transform object from frame 'mur620b/fr_caster_rotation_link' to planning frame'base_footprint' (Could not find a connection between 'base_footprint' and 'mur620b/fr_caster_rotation_link' because they are not part of the same tree.Tf has two or more unconnected trees.)
[WARN] [1779365684.273834422] [mur620a.moveit.moveit.ros.planning_scene_monitor]: Unable to transform object from frame 'mur620b/fr_caster_wheel_link' to planning frame'base_footprint' (Could not find a connection between 'base_footprint' and 'mur620b/fr_caster_wheel_link' because they are not part of the same tree.Tf has two or more unconnected trees.)
[WARN] [1779365684.273838734] [mur620a.moveit.moveit.ros.planning_scene_monitor]: Unable to transform object from frame 'mur620b/left_wheel_link' to planning frame'base_footprint' (Could not find a connection between 'base_footprint' and 'mur620b/left_wheel_link' because they are not part of the same tree.Tf has two or more unconnected trees.)
[WARN] [1779365684.273843004] [mur620a.moveit.moveit.ros.planning_scene_monitor]: Unable to transform object from frame 'mur620b/right_wheel_link' to planning frame'base_footprint' (Could not find a connection between 'base_footprint' and 'mur620b/right_wheel_link' because they are not part of the same tree.Tf has two or more unconnected trees.)
[WARN] [1779365684.307808088] [mur620a.moveit.moveit.ros.planning_scene_monitor]: Unable to transform object from frame 'mur620a/UR10_l/base_link' to planning frame'base_footprint' (Could not find a connection between 'base_footprint' and 'mur620a/UR10_l/base_link' because they are not part of the same tree.Tf has two or more unconnected trees.)
[WARN] [1779365684.307838084] [mur620a.moveit.moveit.ros.planning_scene_monitor]: Unable to transform object from frame 'mur620a/UR10_l/base_ideal' to planning frame'base_footprint' (Could not find a connection between 'base_footprint' and 'mur620a/UR10_l/base_ideal' because they are not part of the same tree.Tf has two or more unconnected trees.)
[WARN] [1779365684.307844240] [mur620a.moveit.moveit.ros.planning_scene_monitor]: Unable to transform object from frame 'mur620a/UR10_l/base' to planning frame'base_footprint' (Could not find a connection between 'base_footprint' and 'mur620a/UR10_l/base' because they are not part of the same tree.Tf has two or more unconnected trees.)
[WARN] [1779365684.307849209] [mur620a.moveit.moveit.ros.planning_scene_monitor]: Unable to transform object from frame 'mur620a/UR10_l/base_link_inertia' to planning frame'base_footprint' (Could not find a connection between 'base_footprint' and 'mur620a/UR10_l/base_link_inertia' because they are not part of the same tree.Tf has two or more unconnected trees.)
[WARN] [1779365684.307869881] [mur620a.moveit.moveit.ros.planning_scene_monitor]: Unable to transform object from frame 'mur620a/UR10_l/tool0' to planning frame'base_footprint' (Could not find a connection between 'base_footprint' and 'mur620a/UR10_l/tool0' because they are not part of the same tree.Tf has two or more unconnected trees.)
[WARN] [1779365684.307874647] [mur620a.moveit.moveit.ros.planning_scene_monitor]: Unable to transform object from frame 'mur620a/UR10_l/flange' to planning frame'base_footprint' (Could not find a connection between 'base_footprint' and 'mur620a/UR10_l/flange' because they are not part of the same tree.Tf has two or more unconnected trees.)
[WARN] [1779365684.307879359] [mur620a.moveit.moveit.ros.planning_scene_monitor]: Unable to transform object from frame 'mur620a/UR10_l/wrist_3_link' to planning frame'base_footprint' (Could not find a connection between 'base_footprint' and 'mur620a/UR10_l/wrist_3_link' because they are not part of the same tree.Tf has two or more unconnected trees.)
[WARN] [1779365684.307883862] [mur620a.moveit.moveit.ros.planning_scene_monitor]: Unable to transform object from frame 'mur620a/UR10_l/ft_frame' to planning frame'base_footprint' (Could not find a connection between 'base_footprint' and 'mur620a/UR10_l/ft_frame' because they are not part of the same tree.Tf has two or more unconnected trees.)
[WARN] [1779365684.307888418] [mur620a.moveit.moveit.ros.planning_scene_monitor]: Unable to transform object from frame 'mur620a/UR10_r/base_link' to planning frame'base_footprint' (Could not find a connection between 'base_footprint' and 'mur620a/UR10_r/base_link' because they are not part of the same tree.Tf has two or more unconnected trees.)
[WARN] [1779365684.307893054] [mur620a.moveit.moveit.ros.planning_scene_monitor]: Unable to transform object from frame 'mur620a/UR10_r/base_ideal' to planning frame'base_footprint' (Could not find a connection between 'base_footprint' and 'mur620a/UR10_r/base_ideal' because they are not part of the same tree.Tf has two or more unconnected trees.)
[WARN] [1779365684.307897920] [mur620a.moveit.moveit.ros.planning_scene_monitor]: Unable to transform object from frame 'mur620a/UR10_r/base' to planning frame'base_footprint' (Could not find a connection between 'base_footprint' and 'mur620a/UR10_r/base' because they are not part of the same tree.Tf has two or more unconnected trees.)
[WARN] [1779365684.307902568] [mur620a.moveit.moveit.ros.planning_scene_monitor]: Unable to transform object from frame 'mur620a/UR10_r/base_link_inertia' to planning frame'base_footprint' (Could not find a connection between 'base_footprint' and 'mur620a/UR10_r/base_link_inertia' because they are not part of the same tree.Tf has two or more unconnected trees.)
[WARN] [1779365684.307907512] [mur620a.moveit.moveit.ros.planning_scene_monitor]: Unable to transform object from frame 'mur620a/UR10_r/tool0' to planning frame'base_footprint' (Could not find a connection between 'base_footprint' and 'mur620a/UR10_r/tool0' because they are not part of the same tree.Tf has two or more unconnected trees.)
[WARN] [1779365684.307912237] [mur620a.moveit.moveit.ros.planning_scene_monitor]: Unable to transform object from frame 'mur620a/UR10_r/flange' to planning frame'base_footprint' (Could not find a connection between 'base_footprint' and 'mur620a/UR10_r/flange' because they are not part of the same tree.Tf has two or more unconnected trees.)
[WARN] [1779365684.307916622] [mur620a.moveit.moveit.ros.planning_scene_monitor]: Unable to transform object from frame 'mur620a/UR10_r/wrist_3_link' to planning frame'base_footprint' (Could not find a connection between 'base_footprint' and 'mur620a/UR10_r/wrist_3_link' because they are not part of the same tree.Tf has two or more unconnected trees.)
[WARN] [1779365684.307922473] [mur620a.moveit.moveit.ros.planning_scene_monitor]: Unable to transform object from frame 'mur620a/UR10_r/ft_frame' to planning frame'base_footprint' (Could not find a connection between 'base_footprint' and 'mur620a/UR10_r/ft_frame' because they are not part of the same tree.Tf has two or more unconnected trees.)
[WARN] [1779365684.307938556] [mur620a.moveit.moveit.ros.planning_scene_monitor]: Unable to transform object from frame 'mur620a/left_lift_top' to planning frame'base_footprint' (Could not find a connection between 'base_footprint' and 'mur620a/left_lift_top' because they are not part of the same tree.Tf has two or more unconnected trees.)
[WARN] [1779365684.307942988] [mur620a.moveit.moveit.ros.planning_scene_monitor]: Unable to transform object from frame 'mur620a/right_lift_top' to planning frame'base_footprint' (Could not find a connection between 'base_footprint' and 'mur620a/right_lift_top' because they are not part of the same tree.Tf has two or more unconnected trees.)
[WARN] [1779365684.307949523] [mur620a.moveit.moveit.ros.planning_scene_monitor]: Unable to transform object from frame 'mur620b/UR10_l/base_link' to planning frame'base_footprint' (Could not find a connection between 'base_footprint' and 'mur620b/UR10_l/base_link' because they are not part of the same tree.Tf has two or more unconnected trees.)
[WARN] [1779365684.307954174] [mur620a.moveit.moveit.ros.planning_scene_monitor]: Unable to transform object from frame 'mur620b/UR10_l/base_ideal' to planning frame'base_footprint' (Could not find a connection between 'base_footprint' and 'mur620b/UR10_l/base_ideal' because they are not part of the same tree.Tf has two or more unconnected trees.)
[WARN] [1779365684.307958720] [mur620a.moveit.moveit.ros.planning_scene_monitor]: Unable to transform object from frame 'mur620b/UR10_l/base' to planning frame'base_footprint' (Could not find a connection between 'base_footprint' and 'mur620b/UR10_l/base' because they are not part of the same tree.Tf has two or more unconnected trees.)
[WARN] [1779365684.307963243] [mur620a.moveit.moveit.ros.planning_scene_monitor]: Unable to transform object from frame 'mur620b/UR10_l/base_link_inertia' to planning frame'base_footprint' (Could not find a connection between 'base_footprint' and 'mur620b/UR10_l/base_link_inertia' because they are not part of the same tree.Tf has two or more unconnected trees.)
[WARN] [1779365684.307968628] [mur620a.moveit.moveit.ros.planning_scene_monitor]: Unable to transform object from frame 'mur620b/UR10_l/tool0' to planning frame'base_footprint' (Could not find a connection between 'base_footprint' and 'mur620b/UR10_l/tool0' because they are not part of the same tree.Tf has two or more unconnected trees.)
[WARN] [1779365684.307974991] [mur620a.moveit.moveit.ros.planning_scene_monitor]: Unable to transform object from frame 'mur620b/UR10_l/flange' to planning frame'base_footprint' (Could not find a connection between 'base_footprint' and 'mur620b/UR10_l/flange' because they are not part of the same tree.Tf has two or more unconnected trees.)
[WARN] [1779365684.307979605] [mur620a.moveit.moveit.ros.planning_scene_monitor]: Unable to transform object from frame 'mur620b/UR10_l/wrist_3_link' to planning frame'base_footprint' (Could not find a connection between 'base_footprint' and 'mur620b/UR10_l/wrist_3_link' because they are not part of the same tree.Tf has two or more unconnected trees.)
[WARN] [1779365684.307984203] [mur620a.moveit.moveit.ros.planning_scene_monitor]: Unable to transform object from frame 'mur620b/UR10_l/ft_frame' to planning frame'base_footprint' (Could not find a connection between 'base_footprint' and 'mur620b/UR10_l/ft_frame' because they are not part of the same tree.Tf has two or more unconnected trees.)
[WARN] [1779365684.307988697] [mur620a.moveit.moveit.ros.planning_scene_monitor]: Unable to transform object from frame 'mur620b/UR10_r/base_link' to planning frame'base_footprint' (Could not find a connection between 'base_footprint' and 'mur620b/UR10_r/base_link' because they are not part of the same tree.Tf has two or more unconnected trees.)
[WARN] [1779365684.307994742] [mur620a.moveit.moveit.ros.planning_scene_monitor]: Unable to transform object from frame 'mur620b/UR10_r/base_ideal' to planning frame'base_footprint' (Could not find a connection between 'base_footprint' and 'mur620b/UR10_r/base_ideal' because they are not part of the same tree.Tf has two or more unconnected trees.)
[WARN] [1779365684.307999305] [mur620a.moveit.moveit.ros.planning_scene_monitor]: Unable to transform object from frame 'mur620b/UR10_r/base' to planning frame'base_footprint' (Could not find a connection between 'base_footprint' and 'mur620b/UR10_r/base' because they are not part of the same tree.Tf has two or more unconnected trees.)
[WARN] [1779365684.308003758] [mur620a.moveit.moveit.ros.planning_scene_monitor]: Unable to transform object from frame 'mur620b/UR10_r/base_link_inertia' to planning frame'base_footprint' (Could not find a connection between 'base_footprint' and 'mur620b/UR10_r/base_link_inertia' because they are not part of the same tree.Tf has two or more unconnected trees.)
[WARN] [1779365684.308008700] [mur620a.moveit.moveit.ros.planning_scene_monitor]: Unable to transform object from frame 'mur620b/UR10_r/tool0' to planning frame'base_footprint' (Could not find a connection between 'base_footprint' and 'mur620b/UR10_r/tool0' because they are not part of the same tree.Tf has two or more unconnected trees.)
[WARN] [1779365684.308013856] [mur620a.moveit.moveit.ros.planning_scene_monitor]: Unable to transform object from frame 'mur620b/UR10_r/flange' to planning frame'base_footprint' (Could not find a connection between 'base_footprint' and 'mur620b/UR10_r/flange' because they are not part of the same tree.Tf has two or more unconnected trees.)
[WARN] [1779365684.308018402] [mur620a.moveit.moveit.ros.planning_scene_monitor]: Unable to transform object from frame 'mur620b/UR10_r/wrist_3_link' to planning frame'base_footprint' (Could not find a connection between 'base_footprint' and 'mur620b/UR10_r/wrist_3_link' because they are not part of the same tree.Tf has two or more unconnected trees.)
[WARN] [1779365684.308022981] [mur620a.moveit.moveit.ros.planning_scene_monitor]: Unable to transform object from frame 'mur620b/UR10_r/ft_frame' to planning frame'base_footprint' (Could not find a connection between 'base_footprint' and 'mur620b/UR10_r/ft_frame' because they are not part of the same tree.Tf has two or more unconnected trees.)
[WARN] [1779365684.308027338] [mur620a.moveit.moveit.ros.planning_scene_monitor]: Unable to transform object from frame 'mur620b/base_link' to planning frame'base_footprint' (Could not find a connection between 'base_footprint' and 'mur620b/base_link' because they are not part of the same tree.Tf has two or more unconnected trees.)
[WARN] [1779365684.308031795] [mur620a.moveit.moveit.ros.planning_scene_monitor]: Unable to transform object from frame 'mur620b/base_footprint' to planning frame'base_footprint' (Could not find a connection between 'base_footprint' and 'mur620b/base_footprint' because they are not part of the same tree.Tf has two or more unconnected trees.)
[WARN] [1779365684.308036241] [mur620a.moveit.moveit.ros.planning_scene_monitor]: Unable to transform object from frame 'mur620b/surface' to planning frame'base_footprint' (Could not find a connection between 'base_footprint' and 'mur620b/surface' because they are not part of the same tree.Tf has two or more unconnected trees.)
[WARN] [1779365684.308040756] [mur620a.moveit.moveit.ros.planning_scene_monitor]: Unable to transform object from frame 'mur620b/back_laser_link' to planning frame'base_footprint' (Could not find a connection between 'base_footprint' and 'mur620b/back_laser_link' because they are not part of the same tree.Tf has two or more unconnected trees.)
[WARN] [1779365684.308045107] [mur620a.moveit.moveit.ros.planning_scene_monitor]: Unable to transform object from frame 'mur620b/front_laser_link' to planning frame'base_footprint' (Could not find a connection between 'base_footprint' and 'mur620b/front_laser_link' because they are not part of the same tree.Tf has two or more unconnected trees.)
[WARN] [1779365684.308050708] [mur620a.moveit.moveit.ros.planning_scene_monitor]: Unable to transform object from frame 'mur620b/imu_link' to planning frame'base_footprint' (Could not find a connection between 'base_footprint' and 'mur620b/imu_link' because they are not part of the same tree.Tf has two or more unconnected trees.)
[WARN] [1779365684.308055280] [mur620a.moveit.moveit.ros.planning_scene_monitor]: Unable to transform object from frame 'mur620b/camera_color_frame' to planning frame'base_footprint' (Could not find a connection between 'base_footprint' and 'mur620b/camera_color_frame' because they are not part of the same tree.Tf has two or more unconnected trees.)
[WARN] [1779365684.308059649] [mur620a.moveit.moveit.ros.planning_scene_monitor]: Unable to transform object from frame 'mur620b/camera_link' to planning frame'base_footprint' (Could not find a connection between 'base_footprint' and 'mur620b/camera_link' because they are not part of the same tree.Tf has two or more unconnected trees.)
[WARN] [1779365684.308064117] [mur620a.moveit.moveit.ros.planning_scene_monitor]: Unable to transform object from frame 'mur620b/camera_color_optical_frame' to planning frame'base_footprint' (Could not find a connection between 'base_footprint' and 'mur620b/camera_color_optical_frame' because they are not part of the same tree.Tf has two or more unconnected trees.)
[WARN] [1779365684.308069001] [mur620a.moveit.moveit.ros.planning_scene_monitor]: Unable to transform object from frame 'mur620b/camera_depth_frame' to planning frame'base_footprint' (Could not find a connection between 'base_footprint' and 'mur620b/camera_depth_frame' because they are not part of the same tree.Tf has two or more unconnected trees.)
[WARN] [1779365684.308074261] [mur620a.moveit.moveit.ros.planning_scene_monitor]: Unable to transform object from frame 'mur620b/camera_depth_optical_frame' to planning frame'base_footprint' (Could not find a connection between 'base_footprint' and 'mur620b/camera_depth_optical_frame' because they are not part of the same tree.Tf has two or more unconnected trees.)
[WARN] [1779365684.308078631] [mur620a.moveit.moveit.ros.planning_scene_monitor]: Unable to transform object from frame 'mur620b/camera_infra1_frame' to planning frame'base_footprint' (Could not find a connection between 'base_footprint' and 'mur620b/camera_infra1_frame' because they are not part of the same tree.Tf has two or more unconnected trees.)
[WARN] [1779365684.308083000] [mur620a.moveit.moveit.ros.planning_scene_monitor]: Unable to transform object from frame 'mur620b/camera_infra1_optical_frame' to planning frame'base_footprint' (Could not find a connection between 'base_footprint' and 'mur620b/camera_infra1_optical_frame' because they are not part of the same tree.Tf has two or more unconnected trees.)
[WARN] [1779365684.308087371] [mur620a.moveit.moveit.ros.planning_scene_monitor]: Unable to transform object from frame 'mur620b/camera_infra2_frame' to planning frame'base_footprint' (Could not find a connection between 'base_footprint' and 'mur620b/camera_infra2_frame' because they are not part of the same tree.Tf has two or more unconnected trees.)
[WARN] [1779365684.308091908] [mur620a.moveit.moveit.ros.planning_scene_monitor]: Unable to transform object from frame 'mur620b/camera_infra2_optical_frame' to planning frame'base_footprint' (Could not find a connection between 'base_footprint' and 'mur620b/camera_infra2_optical_frame' because they are not part of the same tree.Tf has two or more unconnected trees.)
[WARN] [1779365684.308096280] [mur620a.moveit.moveit.ros.planning_scene_monitor]: Unable to transform object from frame 'mur620b/camera_bottom_screw_frame' to planning frame'base_footprint' (Could not find a connection between 'base_footprint' and 'mur620b/camera_bottom_screw_frame' because they are not part of the same tree.Tf has two or more unconnected trees.)
[WARN] [1779365684.308100769] [mur620a.moveit.moveit.ros.planning_scene_monitor]: Unable to transform object from frame 'mur620b/imu_frame' to planning frame'base_footprint' (Could not find a connection between 'base_footprint' and 'mur620b/imu_frame' because they are not part of the same tree.Tf has two or more unconnected trees.)
[WARN] [1779365684.308106319] [mur620a.moveit.moveit.ros.planning_scene_monitor]: Unable to transform object from frame 'mur620b/left_lift_bottom' to planning frame'base_footprint' (Could not find a connection between 'base_footprint' and 'mur620b/left_lift_bottom' because they are not part of the same tree.Tf has two or more unconnected trees.)
[WARN] [1779365684.308110686] [mur620a.moveit.moveit.ros.planning_scene_monitor]: Unable to transform object from frame 'mur620b/top_module' to planning frame'base_footprint' (Could not find a connection between 'base_footprint' and 'mur620b/top_module' because they are not part of the same tree.Tf has two or more unconnected trees.)
[WARN] [1779365684.308115258] [mur620a.moveit.moveit.ros.planning_scene_monitor]: Unable to transform object from frame 'mur620b/left_lift_top' to planning frame'base_footprint' (Could not find a connection between 'base_footprint' and 'mur620b/left_lift_top' because they are not part of the same tree.Tf has two or more unconnected trees.)
[WARN] [1779365684.308120259] [mur620a.moveit.moveit.ros.planning_scene_monitor]: Unable to transform object from frame 'mur620b/right_lift_top' to planning frame'base_footprint' (Could not find a connection between 'base_footprint' and 'mur620b/right_lift_top' because they are not part of the same tree.Tf has two or more unconnected trees.)
[WARN] [1779365684.308124690] [mur620a.moveit.moveit.ros.planning_scene_monitor]: Unable to transform object from frame 'mur620b/right_lift_bottom' to planning frame'base_footprint' (Could not find a connection between 'base_footprint' and 'mur620b/right_lift_bottom' because they are not part of the same tree.Tf has two or more unconnected trees.)
[WARN] [1779365684.308129130] [mur620a.moveit.moveit.ros.planning_scene_monitor]: Unable to transform object from frame 'mur620b/us_1_frame' to planning frame'base_footprint' (Could not find a connection between 'base_footprint' and 'mur620b/us_1_frame' because they are not part of the same tree.Tf has two or more unconnected trees.)
[WARN] [1779365684.308133647] [mur620a.moveit.moveit.ros.planning_scene_monitor]: Unable to transform object from frame 'mur620b/us_2_frame' to planning frame'base_footprint' (Could not find a connection between 'base_footprint' and 'mur620b/us_2_frame' because they are not part of the same tree.Tf has two or more unconnected trees.)
[WARN] [1779365684.308138003] [mur620a.moveit.moveit.ros.planning_scene_monitor]: Unable to transform object from frame 'mur620b/odom' to planning frame'base_footprint' (Could not find a connection between 'base_footprint' and 'mur620b/odom' because they are not part of the same tree.Tf has two or more unconnected trees.)
[WARN] [1779365684.308142653] [mur620a.moveit.moveit.ros.planning_scene_monitor]: Unable to transform object from frame 'mur620b/UR10_l/forearm_link' to planning frame'base_footprint' (Could not find a connection between 'base_footprint' and 'mur620b/UR10_l/forearm_link' because they are not part of the same tree.Tf has two or more unconnected trees.)
[WARN] [1779365684.308147185] [mur620a.moveit.moveit.ros.planning_scene_monitor]: Unable to transform object from frame 'mur620b/UR10_l/upper_arm_link' to planning frame'base_footprint' (Could not find a connection between 'base_footprint' and 'mur620b/UR10_l/upper_arm_link' because they are not part of the same tree.Tf has two or more unconnected trees.)
[WARN] [1779365684.308151725] [mur620a.moveit.moveit.ros.planning_scene_monitor]: Unable to transform object from frame 'mur620b/UR10_l/shoulder_link' to planning frame'base_footprint' (Could not find a connection between 'base_footprint' and 'mur620b/UR10_l/shoulder_link' because they are not part of the same tree.Tf has two or more unconnected trees.)
[WARN] [1779365684.308157638] [mur620a.moveit.moveit.ros.planning_scene_monitor]: Unable to transform object from frame 'mur620b/UR10_l/wrist_1_link' to planning frame'base_footprint' (Could not find a connection between 'base_footprint' and 'mur620b/UR10_l/wrist_1_link' because they are not part of the same tree.Tf has two or more unconnected trees.)
[WARN] [1779365684.308162226] [mur620a.moveit.moveit.ros.planning_scene_monitor]: Unable to transform object from frame 'mur620b/UR10_l/wrist_2_link' to planning frame'base_footprint' (Could not find a connection between 'base_footprint' and 'mur620b/UR10_l/wrist_2_link' because they are not part of the same tree.Tf has two or more unconnected trees.)
[WARN] [1779365684.308166677] [mur620a.moveit.moveit.ros.planning_scene_monitor]: Unable to transform object from frame 'mur620b/UR10_r/forearm_link' to planning frame'base_footprint' (Could not find a connection between 'base_footprint' and 'mur620b/UR10_r/forearm_link' because they are not part of the same tree.Tf has two or more unconnected trees.)
[WARN] [1779365684.308171097] [mur620a.moveit.moveit.ros.planning_scene_monitor]: Unable to transform object from frame 'mur620b/UR10_r/upper_arm_link' to planning frame'base_footprint' (Could not find a connection between 'base_footprint' and 'mur620b/UR10_r/upper_arm_link' because they are not part of the same tree.Tf has two or more unconnected trees.)
[WARN] [1779365684.308175893] [mur620a.moveit.moveit.ros.planning_scene_monitor]: Unable to transform object from frame 'mur620b/UR10_r/shoulder_link' to planning frame'base_footprint' (Could not find a connection between 'base_footprint' and 'mur620b/UR10_r/shoulder_link' because they are not part of the same tree.Tf has two or more unconnected trees.)
[WARN] [1779365684.308181369] [mur620a.moveit.moveit.ros.planning_scene_monitor]: Unable to transform object from frame 'mur620b/UR10_r/wrist_1_link' to planning frame'base_footprint' (Could not find a connection between 'base_footprint' and 'mur620b/UR10_r/wrist_1_link' because they are not part of the same tree.Tf has two or more unconnected trees.)
[WARN] [1779365684.308186023] [mur620a.moveit.moveit.ros.planning_scene_monitor]: Unable to transform object from frame 'mur620b/UR10_r/wrist_2_link' to planning frame'base_footprint' (Could not find a connection between 'base_footprint' and 'mur620b/UR10_r/wrist_2_link' because they are not part of the same tree.Tf has two or more unconnected trees.)
[WARN] [1779365684.308190461] [mur620a.moveit.moveit.ros.planning_scene_monitor]: Unable to transform object from frame 'mur620b/bl_caster_rotation_link' to planning frame'base_footprint' (Could not find a connection between 'base_footprint' and 'mur620b/bl_caster_rotation_link' because they are not part of the same tree.Tf has two or more unconnected trees.)
[WARN] [1779365684.308194863] [mur620a.moveit.moveit.ros.planning_scene_monitor]: Unable to transform object from frame 'mur620b/bl_caster_wheel_link' to planning frame'base_footprint' (Could not find a connection between 'base_footprint' and 'mur620b/bl_caster_wheel_link' because they are not part of the same tree.Tf has two or more unconnected trees.)
[WARN] [1779365684.308199235] [mur620a.moveit.moveit.ros.planning_scene_monitor]: Unable to transform object from frame 'mur620b/br_caster_rotation_link' to planning frame'base_footprint' (Could not find a connection between 'base_footprint' and 'mur620b/br_caster_rotation_link' because they are not part of the same tree.Tf has two or more unconnected trees.)
[WARN] [1779365684.308203502] [mur620a.moveit.moveit.ros.planning_scene_monitor]: Unable to transform object from frame 'mur620b/br_caster_wheel_link' to planning frame'base_footprint' (Could not find a connection between 'base_footprint' and 'mur620b/br_caster_wheel_link' because they are not part of the same tree.Tf has two or more unconnected trees.)
[WARN] [1779365684.308207883] [mur620a.moveit.moveit.ros.planning_scene_monitor]: Unable to transform object from frame 'mur620b/fl_caster_rotation_link' to planning frame'base_footprint' (Could not find a connection between 'base_footprint' and 'mur620b/fl_caster_rotation_link' because they are not part of the same tree.Tf has two or more unconnected trees.)
[WARN] [1779365684.308213464] [mur620a.moveit.moveit.ros.planning_scene_monitor]: Unable to transform object from frame 'mur620b/fl_caster_wheel_link' to planning frame'base_footprint' (Could not find a connection between 'base_footprint' and 'mur620b/fl_caster_wheel_link' because they are not part of the same tree.Tf has two or more unconnected trees.)
[WARN] [1779365684.308217987] [mur620a.moveit.moveit.ros.planning_scene_monitor]: Unable to transform object from frame 'mur620b/fr_caster_rotation_link' to planning frame'base_footprint' (Could not find a connection between 'base_footprint' and 'mur620b/fr_caster_rotation_link' because they are not part of the same tree.Tf has two or more unconnected trees.)
[WARN] [1779365684.308222450] [mur620a.moveit.moveit.ros.planning_scene_monitor]: Unable to transform object from frame 'mur620b/fr_caster_wheel_link' to planning frame'base_footprint' (Could not find a connection between 'base_footprint' and 'mur620b/fr_caster_wheel_link' because they are not part of the same tree.Tf has two or more unconnected trees.)
[WARN] [1779365684.308226749] [mur620a.moveit.moveit.ros.planning_scene_monitor]: Unable to transform object from frame 'mur620b/left_wheel_link' to planning frame'base_footprint' (Could not find a connection between 'base_footprint' and 'mur620b/left_wheel_link' because they are not part of the same tree.Tf has two or more unconnected trees.)
[WARN] [1779365684.308231268] [mur620a.moveit.moveit.ros.planning_scene_monitor]: Unable to transform object from frame 'mur620b/right_wheel_link' to planning frame'base_footprint' (Could not find a connection between 'base_footprint' and 'mur620b/right_wheel_link' because they are not part of the same tree.Tf has two or more unconnected trees.)
---- /home/rosmatch/.ros/log/rviz2_979393_1779365677949.log
[WARN] [1779365678.787816963] [rcl.logging_rosout]: Publisher already registered for node name: 'rviz2_mur620a_moveit'. If this is due to multiple nodes with the same name then all logs for the logger named 'rviz2_mur620a_moveit' will go out over the existing publisher. As soon as any node with that name is destructed it will unregister the publisher, preventing any further logs for that name from being published on the rosout topic.
[ERROR] [1779365681.819856264] [rviz2_mur620a_moveit.moveit.ros.motion_planning_frame]: Action server: /recognize_objects not available
[WARN] [1779365683.157878388] [interactive_marker_display_96796467175632]: Server not available during initialization, resetting
[ERROR] [1779365684.327183357] [interactive_marker_display_96796467175632]: Resetting due to transform error: [tf2::LookupException]: "map" passed to lookupTransform argument target_frame does not exist. 
---- /home/rosmatch/.ros/log/gz_ground_truth_publisher_979040_1779365675860.log
[INFO] [1779365675.985028164] [mur620b_ground_truth]: Publishing ground truth from Gazebo topic '/world/scale/pose/info' for model 'mur620b'
---- /home/rosmatch/.ros/log/gz_ground_truth_publisher_977168_1779365663769.log
[INFO] [1779365663.785291115] [mur620a_ground_truth]: Publishing ground truth from Gazebo topic '/world/scale/pose/info' for model 'mur620a'
---- /home/rosmatch/.ros/log/map_server_977018_1779365663258.log
[INFO] [1779365663.268337074] [map_server]: 
	map_server lifecycle node launched. 
	Waiting on external lifecycle transitions to activate
	See https://design.ros2.org/articles/node_lifecycle.html for more information.
[INFO] [1779365663.268386991] [map_server]: Creating
[INFO] [1779365663.452526835] [map_server]: Configuring
[INFO] [1779365663.452565179] [map_io]: Loading yaml file: /home/rosmatch/colcon_ws/install/mir_gazebo/share/mir_gazebo/maps/scale.yaml
[INFO] [1779365663.452700390] [map_io]: resolution: 0.05
[INFO] [1779365663.452704171] [map_io]: origin[0]: 0
[INFO] [1779365663.452706111] [map_io]: origin[1]: 0
[INFO] [1779365663.452707428] [map_io]: origin[2]: 0
[INFO] [1779365663.452709043] [map_io]: free_thresh: 0.196
[INFO] [1779365663.452710486] [map_io]: occupied_thresh: 0.65
[INFO] [1779365663.452712352] [map_io]: mode: trinary
[INFO] [1779365663.452714059] [map_io]: negate: 0
[INFO] [1779365663.452799842] [map_io]: Loading image_file: /home/rosmatch/colcon_ws/install/mir_gazebo/share/mir_gazebo/maps/scale.pgm
[INFO] [1779365663.481294537] [map_io]: Read map /home/rosmatch/colcon_ws/install/mir_gazebo/share/mir_gazebo/maps/scale.pgm: 1626 X 2140 map @ 0.05 m/cell
[INFO] [1779365663.487744342] [map_server]: Activating
[INFO] [1779365663.489924550] [map_server]: Creating bond (map_server) to lifecycle manager.
---- /home/rosmatch/.ros/log/move_group_958958_1779365486232.log
[INFO] [1779365491.071302127] [mur620a.move_group]: Try loading adapter 'default_planning_request_adapters/CheckStartStateCollision'
[INFO] [1779365491.071308431] [mur620a.move_group]: Loaded adapter 'default_planning_request_adapters/CheckStartStateCollision'
[INFO] [1779365491.071856348] [mur620a.move_group]: Try loading adapter 'default_planning_response_adapters/AddTimeOptimalParameterization'
[INFO] [1779365491.073136108] [mur620a.move_group]: Loaded adapter 'default_planning_response_adapters/AddTimeOptimalParameterization'
[INFO] [1779365491.073148592] [mur620a.move_group]: Try loading adapter 'default_planning_response_adapters/ValidateSolution'
[INFO] [1779365491.074666090] [mur620a.move_group]: Loaded adapter 'default_planning_response_adapters/ValidateSolution'
[INFO] [1779365491.074683908] [mur620a.move_group]: Try loading adapter 'default_planning_response_adapters/DisplayMotionPath'
[INFO] [1779365491.075381915] [mur620a.move_group]: Loaded adapter 'default_planning_response_adapters/DisplayMotionPath'
[INFO] [1779365491.126574368] [mur620a.moveit.moveit.plugins.simple_controller_manager]: Added FollowJointTrajectory controller for /mur620a/moveit_joint_trajectory_controller_l
[INFO] [1779365491.129432904] [mur620a.moveit.moveit.plugins.simple_controller_manager]: Added FollowJointTrajectory controller for /mur620a/moveit_joint_trajectory_controller_r
[INFO] [1779365491.131669282] [mur620a.moveit.moveit.plugins.simple_controller_manager]: Added FollowJointTrajectory controller for /mur620a/moveit_joint_trajectory_controller_lift_l
[INFO] [1779365491.134545191] [mur620a.moveit.moveit.plugins.simple_controller_manager]: Added FollowJointTrajectory controller for /mur620a/moveit_joint_trajectory_controller_lift_r
[INFO] [1779365491.134742609] [mur620a.moveit.moveit.plugins.simple_controller_manager]: Returned 4 controllers in list
[INFO] [1779365491.134776938] [mur620a.moveit.moveit.plugins.simple_controller_manager]: Returned 4 controllers in list
[INFO] [1779365491.135742278] [mur620a.moveit.moveit.ros.trajectory_execution_manager]: Trajectory execution is managing controllers
[INFO] [1779365491.135768372] [mur620a.move_group]: MoveGroup debug mode is ON
[INFO] [1779365491.154646035] [mur620a.moveit.moveit.ros.move_group.executable]: 

********************************************************
* MoveGroup using: 
*     - apply_planning_scene_service
*     - clear_octomap_service
*     - get_group_urdf
*     - load_geometry_from_file
*     - CartesianPathService
*     - execute_trajectory_action
*     - get_planning_scene_service
*     - kinematics_service
*     - move_action
*     - motion_plan_service
*     - query_planners_service
*     - state_validation_service
*     - save_geometry_to_file
********************************************************

[INFO] [1779365491.154685779] [mur620a.moveit.moveit.ros.move_group.context]: MoveGroup context using pipeline ompl
[INFO] [1779365491.154691986] [mur620a.moveit.moveit.ros.move_group.context]: MoveGroup context initialization complete
[WARN] [1779365505.367532228] [mur620a.moveit.moveit.ros.planning_scene_monitor]: Unable to transform object from frame 'mur620b/base_footprint' to planning frame'base_footprint' (Could not find a connection between 'base_footprint' and 'mur620b/base_footprint' because they are not part of the same tree.Tf has two or more unconnected trees.)
[WARN] [1779365505.367575442] [mur620a.moveit.moveit.ros.planning_scene_monitor]: Unable to transform object from frame 'mur620b/odom' to planning frame'base_footprint' (Could not find a connection between 'base_footprint' and 'mur620b/odom' because they are not part of the same tree.Tf has two or more unconnected trees.)
[WARN] [1779365505.367581853] [mur620a.moveit.moveit.ros.planning_scene_monitor]: Unable to transform object from frame 'mur620b/UR10_l/base_link' to planning frame'base_footprint' (Could not find a connection between 'base_footprint' and 'mur620b/UR10_l/base_link' because they are not part of the same tree.Tf has two or more unconnected trees.)
[WARN] [1779365505.367587027] [mur620a.moveit.moveit.ros.planning_scene_monitor]: Unable to transform object from frame 'mur620b/UR10_l/base_ideal' to planning frame'base_footprint' (Could not find a connection between 'base_footprint' and 'mur620b/UR10_l/base_ideal' because they are not part of the same tree.Tf has two or more unconnected trees.)
[WARN] [1779365505.367595381] [mur620a.moveit.moveit.ros.planning_scene_monitor]: Unable to transform object from frame 'mur620b/UR10_l/base' to planning frame'base_footprint' (Could not find a connection between 'base_footprint' and 'mur620b/UR10_l/base' because they are not part of the same tree.Tf has two or more unconnected trees.)
[WARN] [1779365505.367602530] [mur620a.moveit.moveit.ros.planning_scene_monitor]: Unable to transform object from frame 'mur620b/UR10_l/base_link_inertia' to planning frame'base_footprint' (Could not find a connection between 'base_footprint' and 'mur620b/UR10_l/base_link_inertia' because they are not part of the same tree.Tf has two or more unconnected trees.)
[WARN] [1779365505.367607776] [mur620a.moveit.moveit.ros.planning_scene_monitor]: Unable to transform object from frame 'mur620b/UR10_l/tool0' to planning frame'base_footprint' (Could not find a connection between 'base_footprint' and 'mur620b/UR10_l/tool0' because they are not part of the same tree.Tf has two or more unconnected trees.)
[WARN] [1779365505.367612667] [mur620a.moveit.moveit.ros.planning_scene_monitor]: Unable to transform object from frame 'mur620b/UR10_l/flange' to planning frame'base_footprint' (Could not find a connection between 'base_footprint' and 'mur620b/UR10_l/flange' because they are not part of the same tree.Tf has two or more unconnected trees.)
[WARN] [1779365505.367618377] [mur620a.moveit.moveit.ros.planning_scene_monitor]: Unable to transform object from frame 'mur620b/UR10_l/wrist_3_link' to planning frame'base_footprint' (Could not find a connection between 'base_footprint' and 'mur620b/UR10_l/wrist_3_link' because they are not part of the same tree.Tf has two or more unconnected trees.)
[WARN] [1779365505.367625986] [mur620a.moveit.moveit.ros.planning_scene_monitor]: Unable to transform object from frame 'mur620b/UR10_l/ft_frame' to planning frame'base_footprint' (Could not find a connection between 'base_footprint' and 'mur620b/UR10_l/ft_frame' because they are not part of the same tree.Tf has two or more unconnected trees.)
[WARN] [1779365505.367632330] [mur620a.moveit.moveit.ros.planning_scene_monitor]: Unable to transform object from frame 'mur620b/UR10_r/base_link' to planning frame'base_footprint' (Could not find a connection between 'base_footprint' and 'mur620b/UR10_r/base_link' because they are not part of the same tree.Tf has two or more unconnected trees.)
[WARN] [1779365505.367639381] [mur620a.moveit.moveit.ros.planning_scene_monitor]: Unable to transform object from frame 'mur620b/UR10_r/base_ideal' to planning frame'base_footprint' (Could not find a connection between 'base_footprint' and 'mur620b/UR10_r/base_ideal' because they are not part of the same tree.Tf has two or more unconnected trees.)
[WARN] [1779365505.367677178] [mur620a.moveit.moveit.ros.planning_scene_monitor]: Unable to transform object from frame 'mur620b/UR10_r/base' to planning frame'base_footprint' (Could not find a connection between 'base_footprint' and 'mur620b/UR10_r/base' because they are not part of the same tree.Tf has two or more unconnected trees.)
[WARN] [1779365505.367684682] [mur620a.moveit.moveit.ros.planning_scene_monitor]: Unable to transform object from frame 'mur620b/UR10_r/base_link_inertia' to planning frame'base_footprint' (Could not find a connection between 'base_footprint' and 'mur620b/UR10_r/base_link_inertia' because they are not part of the same tree.Tf has two or more unconnected trees.)
[WARN] [1779365505.367691277] [mur620a.moveit.moveit.ros.planning_scene_monitor]: Unable to transform object from frame 'mur620b/UR10_r/tool0' to planning frame'base_footprint' (Could not find a connection between 'base_footprint' and 'mur620b/UR10_r/tool0' because they are not part of the same tree.Tf has two or more unconnected trees.)
[WARN] [1779365505.367699128] [mur620a.moveit.moveit.ros.planning_scene_monitor]: Unable to transform object from frame 'mur620b/UR10_r/flange' to planning frame'base_footprint' (Could not find a connection between 'base_footprint' and 'mur620b/UR10_r/flange' because they are not part of the same tree.Tf has two or more unconnected trees.)
[WARN] [1779365505.367706176] [mur620a.moveit.moveit.ros.planning_scene_monitor]: Unable to transform object from frame 'mur620b/UR10_r/wrist_3_link' to planning frame'base_footprint' (Could not find a connection between 'base_footprint' and 'mur620b/UR10_r/wrist_3_link' because they are not part of the same tree.Tf has two or more unconnected trees.)
[WARN] [1779365505.367714232] [mur620a.moveit.moveit.ros.planning_scene_monitor]: Unable to transform object from frame 'mur620b/UR10_r/ft_frame' to planning frame'base_footprint' (Could not find a connection between 'base_footprint' and 'mur620b/UR10_r/ft_frame' because they are not part of the same tree.Tf has two or more unconnected trees.)
[WARN] [1779365505.367721210] [mur620a.moveit.moveit.ros.planning_scene_monitor]: Unable to transform object from frame 'mur620b/base_link' to planning frame'base_footprint' (Could not find a connection between 'base_footprint' and 'mur620b/base_link' because they are not part of the same tree.Tf has two or more unconnected trees.)
[WARN] [1779365505.367728181] [mur620a.moveit.moveit.ros.planning_scene_monitor]: Unable to transform object from frame 'mur620b/surface' to planning frame'base_footprint' (Could not find a connection between 'base_footprint' and 'mur620b/surface' because they are not part of the same tree.Tf has two or more unconnected trees.)
[WARN] [1779365505.367735101] [mur620a.moveit.moveit.ros.planning_scene_monitor]: Unable to transform object from frame 'mur620b/back_laser_link' to planning frame'base_footprint' (Could not find a connection between 'base_footprint' and 'mur620b/back_laser_link' because they are not part of the same tree.Tf has two or more unconnected trees.)
[WARN] [1779365505.367742456] [mur620a.moveit.moveit.ros.planning_scene_monitor]: Unable to transform object from frame 'mur620b/front_laser_link' to planning frame'base_footprint' (Could not find a connection between 'base_footprint' and 'mur620b/front_laser_link' because they are not part of the same tree.Tf has two or more unconnected trees.)
[WARN] [1779365505.367749332] [mur620a.moveit.moveit.ros.planning_scene_monitor]: Unable to transform object from frame 'mur620b/imu_link' to planning frame'base_footprint' (Could not find a connection between 'base_footprint' and 'mur620b/imu_link' because they are not part of the same tree.Tf has two or more unconnected trees.)
[WARN] [1779365505.367757127] [mur620a.moveit.moveit.ros.planning_scene_monitor]: Unable to transform object from frame 'mur620b/camera_color_frame' to planning frame'base_footprint' (Could not find a connection between 'base_footprint' and 'mur620b/camera_color_frame' because they are not part of the same tree.Tf has two or more unconnected trees.)
[WARN] [1779365505.367768756] [mur620a.moveit.moveit.ros.planning_scene_monitor]: Unable to transform object from frame 'mur620b/camera_link' to planning frame'base_footprint' (Could not find a connection between 'base_footprint' and 'mur620b/camera_link' because they are not part of the same tree.Tf has two or more unconnected trees.)
[WARN] [1779365505.367775630] [mur620a.moveit.moveit.ros.planning_scene_monitor]: Unable to transform object from frame 'mur620b/camera_color_optical_frame' to planning frame'base_footprint' (Could not find a connection between 'base_footprint' and 'mur620b/camera_color_optical_frame' because they are not part of the same tree.Tf has two or more unconnected trees.)
[WARN] [1779365505.367782878] [mur620a.moveit.moveit.ros.planning_scene_monitor]: Unable to transform object from frame 'mur620b/camera_depth_frame' to planning frame'base_footprint' (Could not find a connection between 'base_footprint' and 'mur620b/camera_depth_frame' because they are not part of the same tree.Tf has two or more unconnected trees.)
[WARN] [1779365505.367789498] [mur620a.moveit.moveit.ros.planning_scene_monitor]: Unable to transform object from frame 'mur620b/camera_depth_optical_frame' to planning frame'base_footprint' (Could not find a connection between 'base_footprint' and 'mur620b/camera_depth_optical_frame' because they are not part of the same tree.Tf has two or more unconnected trees.)
[WARN] [1779365505.367796271] [mur620a.moveit.moveit.ros.planning_scene_monitor]: Unable to transform object from frame 'mur620b/camera_infra1_frame' to planning frame'base_footprint' (Could not find a connection between 'base_footprint' and 'mur620b/camera_infra1_frame' because they are not part of the same tree.Tf has two or more unconnected trees.)
[WARN] [1779365505.367802783] [mur620a.moveit.moveit.ros.planning_scene_monitor]: Unable to transform object from frame 'mur620b/camera_infra1_optical_frame' to planning frame'base_footprint' (Could not find a connection between 'base_footprint' and 'mur620b/camera_infra1_optical_frame' because they are not part of the same tree.Tf has two or more unconnected trees.)
[WARN] [1779365505.367809629] [mur620a.moveit.moveit.ros.planning_scene_monitor]: Unable to transform object from frame 'mur620b/camera_infra2_frame' to planning frame'base_footprint' (Could not find a connection between 'base_footprint' and 'mur620b/camera_infra2_frame' because they are not part of the same tree.Tf has two or more unconnected trees.)
[WARN] [1779365505.367816162] [mur620a.moveit.moveit.ros.planning_scene_monitor]: Unable to transform object from frame 'mur620b/camera_infra2_optical_frame' to planning frame'base_footprint' (Could not find a connection between 'base_footprint' and 'mur620b/camera_infra2_optical_frame' because they are not part of the same tree.Tf has two or more unconnected trees.)
[WARN] [1779365505.367822695] [mur620a.moveit.moveit.ros.planning_scene_monitor]: Unable to transform object from frame 'mur620b/camera_bottom_screw_frame' to planning frame'base_footprint' (Could not find a connection between 'base_footprint' and 'mur620b/camera_bottom_screw_frame' because they are not part of the same tree.Tf has two or more unconnected trees.)
[WARN] [1779365505.367830613] [mur620a.moveit.moveit.ros.planning_scene_monitor]: Unable to transform object from frame 'mur620b/imu_frame' to planning frame'base_footprint' (Could not find a connection between 'base_footprint' and 'mur620b/imu_frame' because they are not part of the same tree.Tf has two or more unconnected trees.)
[WARN] [1779365505.367836182] [mur620a.moveit.moveit.ros.planning_scene_monitor]: Unable to transform object from frame 'mur620b/left_lift_bottom' to planning frame'base_footprint' (Could not find a connection between 'base_footprint' and 'mur620b/left_lift_bottom' because they are not part of the same tree.Tf has two or more unconnected trees.)
[WARN] [1779365505.367840893] [mur620a.moveit.moveit.ros.planning_scene_monitor]: Unable to transform object from frame 'mur620b/top_module' to planning frame'base_footprint' (Could not find a connection between 'base_footprint' and 'mur620b/top_module' because they are not part of the same tree.Tf has two or more unconnected trees.)
[WARN] [1779365505.367848271] [mur620a.moveit.moveit.ros.planning_scene_monitor]: Unable to transform object from frame 'mur620b/left_lift_top' to planning frame'base_footprint' (Could not find a connection between 'base_footprint' and 'mur620b/left_lift_top' because they are not part of the same tree.Tf has two or more unconnected trees.)
[WARN] [1779365505.367854486] [mur620a.moveit.moveit.ros.planning_scene_monitor]: Unable to transform object from frame 'mur620b/right_lift_top' to planning frame'base_footprint' (Could not find a connection between 'base_footprint' and 'mur620b/right_lift_top' because they are not part of the same tree.Tf has two or more unconnected trees.)
[WARN] [1779365505.367861544] [mur620a.moveit.moveit.ros.planning_scene_monitor]: Unable to transform object from frame 'mur620b/right_lift_bottom' to planning frame'base_footprint' (Could not find a connection between 'base_footprint' and 'mur620b/right_lift_bottom' because they are not part of the same tree.Tf has two or more unconnected trees.)
[WARN] [1779365505.367868693] [mur620a.moveit.moveit.ros.planning_scene_monitor]: Unable to transform object from frame 'mur620b/us_1_frame' to planning frame'base_footprint' (Could not find a connection between 'base_footprint' and 'mur620b/us_1_frame' because they are not part of the same tree.Tf has two or more unconnected trees.)
[WARN] [1779365505.367875845] [mur620a.moveit.moveit.ros.planning_scene_monitor]: Unable to transform object from frame 'mur620b/us_2_frame' to planning frame'base_footprint' (Could not find a connection between 'base_footprint' and 'mur620b/us_2_frame' because they are not part of the same tree.Tf has two or more unconnected trees.)
[WARN] [1779365505.400423691] [mur620a.moveit.moveit.ros.planning_scene_monitor]: Unable to transform object from frame 'mur620b/base_footprint' to planning frame'base_footprint' (Could not find a connection between 'base_footprint' and 'mur620b/base_footprint' because they are not part of the same tree.Tf has two or more unconnected trees.)
[WARN] [1779365505.400461110] [mur620a.moveit.moveit.ros.planning_scene_monitor]: Unable to transform object from frame 'mur620b/odom' to planning frame'base_footprint' (Could not find a connection between 'base_footprint' and 'mur620b/odom' because they are not part of the same tree.Tf has two or more unconnected trees.)
[WARN] [1779365505.400467114] [mur620a.moveit.moveit.ros.planning_scene_monitor]: Unable to transform object from frame 'mur620b/UR10_l/base_link' to planning frame'base_footprint' (Could not find a connection between 'base_footprint' and 'mur620b/UR10_l/base_link' because they are not part of the same tree.Tf has two or more unconnected trees.)
[WARN] [1779365505.400472291] [mur620a.moveit.moveit.ros.planning_scene_monitor]: Unable to transform object from frame 'mur620b/UR10_l/base_ideal' to planning frame'base_footprint' (Could not find a connection between 'base_footprint' and 'mur620b/UR10_l/base_ideal' because they are not part of the same tree.Tf has two or more unconnected trees.)
[WARN] [1779365505.400477268] [mur620a.moveit.moveit.ros.planning_scene_monitor]: Unable to transform object from frame 'mur620b/UR10_l/base' to planning frame'base_footprint' (Could not find a connection between 'base_footprint' and 'mur620b/UR10_l/base' because they are not part of the same tree.Tf has two or more unconnected trees.)
[WARN] [1779365505.400484046] [mur620a.moveit.moveit.ros.planning_scene_monitor]: Unable to transform object from frame 'mur620b/UR10_l/base_link_inertia' to planning frame'base_footprint' (Could not find a connection between 'base_footprint' and 'mur620b/UR10_l/base_link_inertia' because they are not part of the same tree.Tf has two or more unconnected trees.)
[WARN] [1779365505.400491246] [mur620a.moveit.moveit.ros.planning_scene_monitor]: Unable to transform object from frame 'mur620b/UR10_l/tool0' to planning frame'base_footprint' (Could not find a connection between 'base_footprint' and 'mur620b/UR10_l/tool0' because they are not part of the same tree.Tf has two or more unconnected trees.)
[WARN] [1779365505.400525922] [mur620a.moveit.moveit.ros.planning_scene_monitor]: Unable to transform object from frame 'mur620b/UR10_l/flange' to planning frame'base_footprint' (Could not find a connection between 'base_footprint' and 'mur620b/UR10_l/flange' because they are not part of the same tree.Tf has two or more unconnected trees.)
[WARN] [1779365505.400533670] [mur620a.moveit.moveit.ros.planning_scene_monitor]: Unable to transform object from frame 'mur620b/UR10_l/wrist_3_link' to planning frame'base_footprint' (Could not find a connection between 'base_footprint' and 'mur620b/UR10_l/wrist_3_link' because they are not part of the same tree.Tf has two or more unconnected trees.)
[WARN] [1779365505.400540738] [mur620a.moveit.moveit.ros.planning_scene_monitor]: Unable to transform object from frame 'mur620b/UR10_l/ft_frame' to planning frame'base_footprint' (Could not find a connection between 'base_footprint' and 'mur620b/UR10_l/ft_frame' because they are not part of the same tree.Tf has two or more unconnected trees.)
[WARN] [1779365505.400547600] [mur620a.moveit.moveit.ros.planning_scene_monitor]: Unable to transform object from frame 'mur620b/UR10_r/base_link' to planning frame'base_footprint' (Could not find a connection between 'base_footprint' and 'mur620b/UR10_r/base_link' because they are not part of the same tree.Tf has two or more unconnected trees.)
[WARN] [1779365505.400554313] [mur620a.moveit.moveit.ros.planning_scene_monitor]: Unable to transform object from frame 'mur620b/UR10_r/base_ideal' to planning frame'base_footprint' (Could not find a connection between 'base_footprint' and 'mur620b/UR10_r/base_ideal' because they are not part of the same tree.Tf has two or more unconnected trees.)
[WARN] [1779365505.400559063] [mur620a.moveit.moveit.ros.planning_scene_monitor]: Unable to transform object from frame 'mur620b/UR10_r/base' to planning frame'base_footprint' (Could not find a connection between 'base_footprint' and 'mur620b/UR10_r/base' because they are not part of the same tree.Tf has two or more unconnected trees.)
[WARN] [1779365505.400563649] [mur620a.moveit.moveit.ros.planning_scene_monitor]: Unable to transform object from frame 'mur620b/UR10_r/base_link_inertia' to planning frame'base_footprint' (Could not find a connection between 'base_footprint' and 'mur620b/UR10_r/base_link_inertia' because they are not part of the same tree.Tf has two or more unconnected trees.)
[WARN] [1779365505.400570434] [mur620a.moveit.moveit.ros.planning_scene_monitor]: Unable to transform object from frame 'mur620b/UR10_r/tool0' to planning frame'base_footprint' (Could not find a connection between 'base_footprint' and 'mur620b/UR10_r/tool0' because they are not part of the same tree.Tf has two or more unconnected trees.)
[WARN] [1779365505.400577321] [mur620a.moveit.moveit.ros.planning_scene_monitor]: Unable to transform object from frame 'mur620b/UR10_r/flange' to planning frame'base_footprint' (Could not find a connection between 'base_footprint' and 'mur620b/UR10_r/flange' because they are not part of the same tree.Tf has two or more unconnected trees.)
[WARN] [1779365505.400581884] [mur620a.moveit.moveit.ros.planning_scene_monitor]: Unable to transform object from frame 'mur620b/UR10_r/wrist_3_link' to planning frame'base_footprint' (Could not find a connection between 'base_footprint' and 'mur620b/UR10_r/wrist_3_link' because they are not part of the same tree.Tf has two or more unconnected trees.)
[WARN] [1779365505.400586367] [mur620a.moveit.moveit.ros.planning_scene_monitor]: Unable to transform object from frame 'mur620b/UR10_r/ft_frame' to planning frame'base_footprint' (Could not find a connection between 'base_footprint' and 'mur620b/UR10_r/ft_frame' because they are not part of the same tree.Tf has two or more unconnected trees.)
[WARN] [1779365505.400590576] [mur620a.moveit.moveit.ros.planning_scene_monitor]: Unable to transform object from frame 'mur620b/base_link' to planning frame'base_footprint' (Could not find a connection between 'base_footprint' and 'mur620b/base_link' because they are not part of the same tree.Tf has two or more unconnected trees.)
[WARN] [1779365505.400597369] [mur620a.moveit.moveit.ros.planning_scene_monitor]: Unable to transform object from frame 'mur620b/surface' to planning frame'base_footprint' (Could not find a connection between 'base_footprint' and 'mur620b/surface' because they are not part of the same tree.Tf has two or more unconnected trees.)
[WARN] [1779365505.400601899] [mur620a.moveit.moveit.ros.planning_scene_monitor]: Unable to transform object from frame 'mur620b/back_laser_link' to planning frame'base_footprint' (Could not find a connection between 'base_footprint' and 'mur620b/back_laser_link' because they are not part of the same tree.Tf has two or more unconnected trees.)
[WARN] [1779365505.400606469] [mur620a.moveit.moveit.ros.planning_scene_monitor]: Unable to transform object from frame 'mur620b/front_laser_link' to planning frame'base_footprint' (Could not find a connection between 'base_footprint' and 'mur620b/front_laser_link' because they are not part of the same tree.Tf has two or more unconnected trees.)
[WARN] [1779365505.400610814] [mur620a.moveit.moveit.ros.planning_scene_monitor]: Unable to transform object from frame 'mur620b/imu_link' to planning frame'base_footprint' (Could not find a connection between 'base_footprint' and 'mur620b/imu_link' because they are not part of the same tree.Tf has two or more unconnected trees.)
[WARN] [1779365505.400615495] [mur620a.moveit.moveit.ros.planning_scene_monitor]: Unable to transform object from frame 'mur620b/camera_color_frame' to planning frame'base_footprint' (Could not find a connection between 'base_footprint' and 'mur620b/camera_color_frame' because they are not part of the same tree.Tf has two or more unconnected trees.)
[WARN] [1779365505.400619833] [mur620a.moveit.moveit.ros.planning_scene_monitor]: Unable to transform object from frame 'mur620b/camera_link' to planning frame'base_footprint' (Could not find a connection between 'base_footprint' and 'mur620b/camera_link' because they are not part of the same tree.Tf has two or more unconnected trees.)
[WARN] [1779365505.400624353] [mur620a.moveit.moveit.ros.planning_scene_monitor]: Unable to transform object from frame 'mur620b/camera_color_optical_frame' to planning frame'base_footprint' (Could not find a connection between 'base_footprint' and 'mur620b/camera_color_optical_frame' because they are not part of the same tree.Tf has two or more unconnected trees.)
[WARN] [1779365505.400628970] [mur620a.moveit.moveit.ros.planning_scene_monitor]: Unable to transform object from frame 'mur620b/camera_depth_frame' to planning frame'base_footprint' (Could not find a connection between 'base_footprint' and 'mur620b/camera_depth_frame' because they are not part of the same tree.Tf has two or more unconnected trees.)
[WARN] [1779365505.400633564] [mur620a.moveit.moveit.ros.planning_scene_monitor]: Unable to transform object from frame 'mur620b/camera_depth_optical_frame' to planning frame'base_footprint' (Could not find a connection between 'base_footprint' and 'mur620b/camera_depth_optical_frame' because they are not part of the same tree.Tf has two or more unconnected trees.)
[WARN] [1779365505.400637977] [mur620a.moveit.moveit.ros.planning_scene_monitor]: Unable to transform object from frame 'mur620b/camera_infra1_frame' to planning frame'base_footprint' (Could not find a connection between 'base_footprint' and 'mur620b/camera_infra1_frame' because they are not part of the same tree.Tf has two or more unconnected trees.)
[WARN] [1779365505.400642367] [mur620a.moveit.moveit.ros.planning_scene_monitor]: Unable to transform object from frame 'mur620b/camera_infra1_optical_frame' to planning frame'base_footprint' (Could not find a connection between 'base_footprint' and 'mur620b/camera_infra1_optical_frame' because they are not part of the same tree.Tf has two or more unconnected trees.)
[WARN] [1779365505.400648692] [mur620a.moveit.moveit.ros.planning_scene_monitor]: Unable to transform object from frame 'mur620b/camera_infra2_frame' to planning frame'base_footprint' (Could not find a connection between 'base_footprint' and 'mur620b/camera_infra2_frame' because they are not part of the same tree.Tf has two or more unconnected trees.)
[WARN] [1779365505.400654114] [mur620a.moveit.moveit.ros.planning_scene_monitor]: Unable to transform object from frame 'mur620b/camera_infra2_optical_frame' to planning frame'base_footprint' (Could not find a connection between 'base_footprint' and 'mur620b/camera_infra2_optical_frame' because they are not part of the same tree.Tf has two or more unconnected trees.)
[WARN] [1779365505.400658481] [mur620a.moveit.moveit.ros.planning_scene_monitor]: Unable to transform object from frame 'mur620b/camera_bottom_screw_frame' to planning frame'base_footprint' (Could not find a connection between 'base_footprint' and 'mur620b/camera_bottom_screw_frame' because they are not part of the same tree.Tf has two or more unconnected trees.)
[WARN] [1779365505.400663070] [mur620a.moveit.moveit.ros.planning_scene_monitor]: Unable to transform object from frame 'mur620b/imu_frame' to planning frame'base_footprint' (Could not find a connection between 'base_footprint' and 'mur620b/imu_frame' because they are not part of the same tree.Tf has two or more unconnected trees.)
[WARN] [1779365505.400667658] [mur620a.moveit.moveit.ros.planning_scene_monitor]: Unable to transform object from frame 'mur620b/left_lift_bottom' to planning frame'base_footprint' (Could not find a connection between 'base_footprint' and 'mur620b/left_lift_bottom' because they are not part of the same tree.Tf has two or more unconnected trees.)
[WARN] [1779365505.400672039] [mur620a.moveit.moveit.ros.planning_scene_monitor]: Unable to transform object from frame 'mur620b/top_module' to planning frame'base_footprint' (Could not find a connection between 'base_footprint' and 'mur620b/top_module' because they are not part of the same tree.Tf has two or more unconnected trees.)
[WARN] [1779365505.400676351] [mur620a.moveit.moveit.ros.planning_scene_monitor]: Unable to transform object from frame 'mur620b/left_lift_top' to planning frame'base_footprint' (Could not find a connection between 'base_footprint' and 'mur620b/left_lift_top' because they are not part of the same tree.Tf has two or more unconnected trees.)
[WARN] [1779365505.400680533] [mur620a.moveit.moveit.ros.planning_scene_monitor]: Unable to transform object from frame 'mur620b/right_lift_top' to planning frame'base_footprint' (Could not find a connection between 'base_footprint' and 'mur620b/right_lift_top' because they are not part of the same tree.Tf has two or more unconnected trees.)
[WARN] [1779365505.400684945] [mur620a.moveit.moveit.ros.planning_scene_monitor]: Unable to transform object from frame 'mur620b/right_lift_bottom' to planning frame'base_footprint' (Could not find a connection between 'base_footprint' and 'mur620b/right_lift_bottom' because they are not part of the same tree.Tf has two or more unconnected trees.)
[WARN] [1779365505.400689307] [mur620a.moveit.moveit.ros.planning_scene_monitor]: Unable to transform object from frame 'mur620b/us_1_frame' to planning frame'base_footprint' (Could not find a connection between 'base_footprint' and 'mur620b/us_1_frame' because they are not part of the same tree.Tf has two or more unconnected trees.)
[WARN] [1779365505.400693612] [mur620a.moveit.moveit.ros.planning_scene_monitor]: Unable to transform object from frame 'mur620b/us_2_frame' to planning frame'base_footprint' (Could not find a connection between 'base_footprint' and 'mur620b/us_2_frame' because they are not part of the same tree.Tf has two or more unconnected trees.)
[INFO] [1779365591.321163865] [rclcpp]: signal_handler(SIGINT/SIGTERM)
---- /home/rosmatch/.ros/log/move_group_960687_1779365498316.log
[INFO] [1779365498.713787810] [mur620b.moveit.moveit.ros.rdf_loader]: Loaded robot model in 0.005 seconds
[INFO] [1779365498.713918114] [mur620b.moveit.moveit.core.robot_model]: Loading robot model 'mur620'...
[INFO] [1779365498.961669498] [mur620b.moveit.moveit.kinematics.kdl_kinematics_plugin]: Joint weights for group 'UR_arm_l': 1 1 1 1 1 1
[INFO] [1779365498.961884293] [mur620b.moveit.moveit.kinematics.kdl_kinematics_plugin]: Joint weights for group 'UR_arm_r': 1 1 1 1 1 1
[INFO] [1779365498.962091083] [mur620b.moveit.moveit.kinematics.kdl_kinematics_plugin]: Joint weights for group 'UR_arm_lift_l': 1 1 1 1 1 1 1
[INFO] [1779365498.962335823] [mur620b.moveit.moveit.kinematics.kdl_kinematics_plugin]: Joint weights for group 'UR_arm_lift_r': 1 1 1 1 1 1 1
[INFO] [1779365499.879823744] [mur620b.moveit.moveit.ros.planning_scene_monitor]: Publishing maintained planning scene on 'monitored_planning_scene'
[INFO] [1779365499.880047614] [mur620b.moveit.moveit.ros.moveit_cpp]: Listening to 'joint_states' for joint states
[INFO] [1779365499.881127949] [mur620b.moveit.moveit.ros.current_state_monitor]: Listening to joint states on topic 'joint_states'
[INFO] [1779365499.882352700] [mur620b.moveit.moveit.ros.planning_scene_monitor]: Listening to '/mur620b/attached_collision_object' for attached collision objects
[INFO] [1779365499.882400507] [mur620b.moveit.moveit.ros.planning_scene_monitor]: Stopping existing planning scene publisher.
[INFO] [1779365499.882868475] [mur620b.moveit.moveit.ros.planning_scene_monitor]: Stopped publishing maintained planning scene.
[INFO] [1779365499.883762054] [mur620b.moveit.moveit.ros.planning_scene_monitor]: Publishing maintained planning scene on 'monitored_planning_scene'
[INFO] [1779365499.883899657] [mur620b.moveit.moveit.ros.planning_scene_monitor]: Starting planning scene monitor
[INFO] [1779365499.885193479] [mur620b.moveit.moveit.ros.planning_scene_monitor]: Listening to '/mur620b/planning_scene'
[INFO] [1779365499.885222554] [mur620b.moveit.moveit.ros.planning_scene_monitor]: Starting world geometry update monitor for collision objects, attached objects, octomap updates.
[INFO] [1779365499.885899646] [mur620b.moveit.moveit.ros.planning_scene_monitor]: Listening to 'collision_object'
[INFO] [1779365499.887011939] [mur620b.moveit.moveit.ros.planning_scene_monitor]: Listening to 'planning_scene_world' for planning scene world geometry
[WARN] [1779365499.887228537] [mur620b.moveit.moveit.ros.occupancy_map_monitor]: Resolution not specified for Octomap. Assuming resolution = 0.1 instead
[ERROR] [1779365499.887248815] [mur620b.moveit.moveit.ros.occupancy_map_monitor]: No 3D sensor plugin(s) defined for octomap updates
[INFO] [1779365503.844298013] [mur620b.moveit.moveit.ros.planning_pipeline]: Successfully loaded planner 'OMPL'
[INFO] [1779365503.845393618] [mur620b.move_group]: Try loading adapter 'default_planning_request_adapters/ResolveConstraintFrames'
[INFO] [1779365503.846308850] [mur620b.move_group]: Loaded adapter 'default_planning_request_adapters/ResolveConstraintFrames'
[INFO] [1779365503.846335203] [mur620b.move_group]: Try loading adapter 'default_planning_request_adapters/ValidateWorkspaceBounds'
[INFO] [1779365503.846699621] [mur620b.move_group]: Loaded adapter 'default_planning_request_adapters/ValidateWorkspaceBounds'
[INFO] [1779365503.846709958] [mur620b.move_group]: Try loading adapter 'default_planning_request_adapters/CheckStartStateBounds'
[INFO] [1779365503.846739693] [mur620b.move_group]: Loaded adapter 'default_planning_request_adapters/CheckStartStateBounds'
[INFO] [1779365503.846743088] [mur620b.move_group]: Try loading adapter 'default_planning_request_adapters/CheckStartStateCollision'
[INFO] [1779365503.846752609] [mur620b.move_group]: Loaded adapter 'default_planning_request_adapters/CheckStartStateCollision'
[INFO] [1779365503.847619142] [mur620b.move_group]: Try loading adapter 'default_planning_response_adapters/AddTimeOptimalParameterization'
[INFO] [1779365503.849686762] [mur620b.move_group]: Loaded adapter 'default_planning_response_adapters/AddTimeOptimalParameterization'
[INFO] [1779365503.849722009] [mur620b.move_group]: Try loading adapter 'default_planning_response_adapters/ValidateSolution'
[INFO] [1779365503.852961693] [mur620b.move_group]: Loaded adapter 'default_planning_response_adapters/ValidateSolution'
[INFO] [1779365503.853009012] [mur620b.move_group]: Try loading adapter 'default_planning_response_adapters/DisplayMotionPath'
[INFO] [1779365503.854878597] [mur620b.move_group]: Loaded adapter 'default_planning_response_adapters/DisplayMotionPath'
[INFO] [1779365503.958280538] [mur620b.moveit.moveit.plugins.simple_controller_manager]: Added FollowJointTrajectory controller for /mur620b/moveit_joint_trajectory_controller_l
[INFO] [1779365503.963666174] [mur620b.moveit.moveit.plugins.simple_controller_manager]: Added FollowJointTrajectory controller for /mur620b/moveit_joint_trajectory_controller_r
[INFO] [1779365503.970067025] [mur620b.moveit.moveit.plugins.simple_controller_manager]: Added FollowJointTrajectory controller for /mur620b/moveit_joint_trajectory_controller_lift_l
[INFO] [1779365503.976185584] [mur620b.moveit.moveit.plugins.simple_controller_manager]: Added FollowJointTrajectory controller for /mur620b/moveit_joint_trajectory_controller_lift_r
[INFO] [1779365503.976380644] [mur620b.moveit.moveit.plugins.simple_controller_manager]: Returned 4 controllers in list
[INFO] [1779365503.976414985] [mur620b.moveit.moveit.plugins.simple_controller_manager]: Returned 4 controllers in list
[INFO] [1779365503.977499481] [mur620b.moveit.moveit.ros.trajectory_execution_manager]: Trajectory execution is managing controllers
[INFO] [1779365503.977525524] [mur620b.move_group]: MoveGroup debug mode is ON
[INFO] [1779365504.021902962] [mur620b.moveit.moveit.ros.move_group.executable]: 

********************************************************
* MoveGroup using: 
*     - apply_planning_scene_service
*     - clear_octomap_service
*     - get_group_urdf
*     - load_geometry_from_file
*     - CartesianPathService
*     - execute_trajectory_action
*     - get_planning_scene_service
*     - kinematics_service
*     - move_action
*     - motion_plan_service
*     - query_planners_service
*     - state_validation_service
*     - save_geometry_to_file
********************************************************

[INFO] [1779365504.021979081] [mur620b.moveit.moveit.ros.move_group.context]: MoveGroup context using pipeline ompl
[INFO] [1779365504.021988911] [mur620b.moveit.moveit.ros.move_group.context]: MoveGroup context initialization complete
[INFO] [1779365591.319890827] [rclcpp]: signal_handler(SIGINT/SIGTERM)
---- /home/rosmatch/.ros/log/map_server_958264_1779365483630.log
[INFO] [1779365483.639413588] [map_server]: 
	map_server lifecycle node launched. 
	Waiting on external lifecycle transitions to activate
	See https://design.ros2.org/articles/node_lifecycle.html for more information.
[INFO] [1779365483.639461007] [map_server]: Creating
[INFO] [1779365483.824167423] [map_server]: Configuring
[INFO] [1779365483.824206789] [map_io]: Loading yaml file: /home/rosmatch/colcon_ws/install/mir_gazebo/share/mir_gazebo/maps/scale.yaml
[INFO] [1779365483.824348103] [map_io]: resolution: 0.05
[INFO] [1779365483.824351491] [map_io]: origin[0]: 0
[INFO] [1779365483.824353692] [map_io]: origin[1]: 0
[INFO] [1779365483.824354977] [map_io]: origin[2]: 0
[INFO] [1779365483.824356565] [map_io]: free_thresh: 0.196
[INFO] [1779365483.824357984] [map_io]: occupied_thresh: 0.65
[INFO] [1779365483.824359888] [map_io]: mode: trinary
[INFO] [1779365483.824361606] [map_io]: negate: 0
[INFO] [1779365483.824456628] [map_io]: Loading image_file: /home/rosmatch/colcon_ws/install/mir_gazebo/share/mir_gazebo/maps/scale.pgm
[INFO] [1779365483.851208093] [map_io]: Read map /home/rosmatch/colcon_ws/install/mir_gazebo/share/mir_gazebo/maps/scale.pgm: 1626 X 2140 map @ 0.05 m/cell
[INFO] [1779365483.856701941] [map_server]: Activating
[INFO] [1779365483.858722914] [map_server]: Creating bond (map_server) to lifecycle manager.
[INFO] [1779365591.320669155] [rclcpp]: signal_handler(SIGINT/SIGTERM)
[INFO] [1779365591.320758133] [map_server]: Running Nav2 LifecycleNode rcl preshutdown (map_server)
[INFO] [1779365591.320828529] [map_server]: Deactivating
[INFO] [1779365591.320846054] [map_server]: Destroying bond (map_server) to lifecycle manager.
[INFO] [1779365591.341130715] [map_server]: Cleaning up
[INFO] [1779365591.341178574] [map_server]: Destroying bond (map_server) to lifecycle manager.
---- /home/rosmatch/.ros/log/gz_ground_truth_publisher_960304_1779365496224.log
[INFO] [1779365496.259664709] [mur620b_ground_truth]: Publishing ground truth from Gazebo topic '/world/scale/pose/info' for model 'mur620b'
[INFO] [1779365591.322250735] [rclcpp]: signal_handler(SIGINT/SIGTERM)
---- /home/rosmatch/.ros/log/gz_ground_truth_publisher_958416_1779365484146.log
[INFO] [1779365484.160132513] [mur620a_ground_truth]: Publishing ground truth from Gazebo topic '/world/scale/pose/info' for model 'mur620a'
[INFO] [1779365591.322387761] [rclcpp]: signal_handler(SIGINT/SIGTERM)
---- /home/rosmatch/.ros/log/rviz2_960671_1779365498300.log
[WARN] [1779365499.858471724] [rcl.logging_rosout]: Publisher already registered for node name: 'rviz2_mur620a_moveit'. If this is due to multiple nodes with the same name then all logs for the logger named 'rviz2_mur620a_moveit' will go out over the existing publisher. As soon as any node with that name is destructed it will unregister the publisher, preventing any further logs for that name from being published on the rosout topic.
[ERROR] [1779365502.912822958] [rviz2_mur620a_moveit.moveit.ros.motion_planning_frame]: Action server: /recognize_objects not available
[WARN] [1779365504.281344417] [interactive_marker_display_109283663633872]: Server not available during initialization, resetting
[ERROR] [1779365505.423443286] [interactive_marker_display_109283663633872]: Resetting due to transform error: [tf2::LookupException]: "map" passed to lookupTransform argument target_frame does not exist. 
---- /home/rosmatch/.ros/log/move_group_926030_1779365140973.log
[WARN] [1779365159.407524504] [mur620a.moveit.moveit.ros.planning_scene_monitor]: Unable to transform object from frame 'mur620b/UR10_l/base' to planning frame'base_footprint' (Could not find a connection between 'base_footprint' and 'mur620b/UR10_l/base' because they are not part of the same tree.Tf has two or more unconnected trees.)
[WARN] [1779365159.407529516] [mur620a.moveit.moveit.ros.planning_scene_monitor]: Unable to transform object from frame 'mur620b/UR10_l/base_link_inertia' to planning frame'base_footprint' (Could not find a connection between 'base_footprint' and 'mur620b/UR10_l/base_link_inertia' because they are not part of the same tree.Tf has two or more unconnected trees.)
[WARN] [1779365159.407534502] [mur620a.moveit.moveit.ros.planning_scene_monitor]: Unable to transform object from frame 'mur620b/UR10_l/tool0' to planning frame'base_footprint' (Could not find a connection between 'base_footprint' and 'mur620b/UR10_l/tool0' because they are not part of the same tree.Tf has two or more unconnected trees.)
[WARN] [1779365159.407539248] [mur620a.moveit.moveit.ros.planning_scene_monitor]: Unable to transform object from frame 'mur620b/UR10_l/flange' to planning frame'base_footprint' (Could not find a connection between 'base_footprint' and 'mur620b/UR10_l/flange' because they are not part of the same tree.Tf has two or more unconnected trees.)
[WARN] [1779365159.407543721] [mur620a.moveit.moveit.ros.planning_scene_monitor]: Unable to transform object from frame 'mur620b/UR10_l/wrist_3_link' to planning frame'base_footprint' (Could not find a connection between 'base_footprint' and 'mur620b/UR10_l/wrist_3_link' because they are not part of the same tree.Tf has two or more unconnected trees.)
[WARN] [1779365159.407548393] [mur620a.moveit.moveit.ros.planning_scene_monitor]: Unable to transform object from frame 'mur620b/UR10_l/ft_frame' to planning frame'base_footprint' (Could not find a connection between 'base_footprint' and 'mur620b/UR10_l/ft_frame' because they are not part of the same tree.Tf has two or more unconnected trees.)
[WARN] [1779365159.407553219] [mur620a.moveit.moveit.ros.planning_scene_monitor]: Unable to transform object from frame 'mur620b/UR10_r/base_link' to planning frame'base_footprint' (Could not find a connection between 'base_footprint' and 'mur620b/UR10_r/base_link' because they are not part of the same tree.Tf has two or more unconnected trees.)
[WARN] [1779365159.407557540] [mur620a.moveit.moveit.ros.planning_scene_monitor]: Unable to transform object from frame 'mur620b/UR10_r/base_ideal' to planning frame'base_footprint' (Could not find a connection between 'base_footprint' and 'mur620b/UR10_r/base_ideal' because they are not part of the same tree.Tf has two or more unconnected trees.)
[WARN] [1779365159.407561967] [mur620a.moveit.moveit.ros.planning_scene_monitor]: Unable to transform object from frame 'mur620b/UR10_r/base' to planning frame'base_footprint' (Could not find a connection between 'base_footprint' and 'mur620b/UR10_r/base' because they are not part of the same tree.Tf has two or more unconnected trees.)
[WARN] [1779365159.407566691] [mur620a.moveit.moveit.ros.planning_scene_monitor]: Unable to transform object from frame 'mur620b/UR10_r/base_link_inertia' to planning frame'base_footprint' (Could not find a connection between 'base_footprint' and 'mur620b/UR10_r/base_link_inertia' because they are not part of the same tree.Tf has two or more unconnected trees.)
[WARN] [1779365159.407593457] [mur620a.moveit.moveit.ros.planning_scene_monitor]: Unable to transform object from frame 'mur620b/UR10_r/tool0' to planning frame'base_footprint' (Could not find a connection between 'base_footprint' and 'mur620b/UR10_r/tool0' because they are not part of the same tree.Tf has two or more unconnected trees.)
[WARN] [1779365159.407599253] [mur620a.moveit.moveit.ros.planning_scene_monitor]: Unable to transform object from frame 'mur620b/UR10_r/flange' to planning frame'base_footprint' (Could not find a connection between 'base_footprint' and 'mur620b/UR10_r/flange' because they are not part of the same tree.Tf has two or more unconnected trees.)
[WARN] [1779365159.407604873] [mur620a.moveit.moveit.ros.planning_scene_monitor]: Unable to transform object from frame 'mur620b/UR10_r/wrist_3_link' to planning frame'base_footprint' (Could not find a connection between 'base_footprint' and 'mur620b/UR10_r/wrist_3_link' because they are not part of the same tree.Tf has two or more unconnected trees.)
[WARN] [1779365159.407612521] [mur620a.moveit.moveit.ros.planning_scene_monitor]: Unable to transform object from frame 'mur620b/UR10_r/ft_frame' to planning frame'base_footprint' (Could not find a connection between 'base_footprint' and 'mur620b/UR10_r/ft_frame' because they are not part of the same tree.Tf has two or more unconnected trees.)
[WARN] [1779365159.407620386] [mur620a.moveit.moveit.ros.planning_scene_monitor]: Unable to transform object from frame 'mur620b/base_link' to planning frame'base_footprint' (Could not find a connection between 'base_footprint' and 'mur620b/base_link' because they are not part of the same tree.Tf has two or more unconnected trees.)
[WARN] [1779365159.407626794] [mur620a.moveit.moveit.ros.planning_scene_monitor]: Unable to transform object from frame 'mur620b/base_footprint' to planning frame'base_footprint' (Could not find a connection between 'base_footprint' and 'mur620b/base_footprint' because they are not part of the same tree.Tf has two or more unconnected trees.)
[WARN] [1779365159.407633814] [mur620a.moveit.moveit.ros.planning_scene_monitor]: Unable to transform object from frame 'mur620b/surface' to planning frame'base_footprint' (Could not find a connection between 'base_footprint' and 'mur620b/surface' because they are not part of the same tree.Tf has two or more unconnected trees.)
[WARN] [1779365159.407640480] [mur620a.moveit.moveit.ros.planning_scene_monitor]: Unable to transform object from frame 'mur620b/back_laser_link' to planning frame'base_footprint' (Could not find a connection between 'base_footprint' and 'mur620b/back_laser_link' because they are not part of the same tree.Tf has two or more unconnected trees.)
[WARN] [1779365159.407648525] [mur620a.moveit.moveit.ros.planning_scene_monitor]: Unable to transform object from frame 'mur620b/front_laser_link' to planning frame'base_footprint' (Could not find a connection between 'base_footprint' and 'mur620b/front_laser_link' because they are not part of the same tree.Tf has two or more unconnected trees.)
[WARN] [1779365159.407663959] [mur620a.moveit.moveit.ros.planning_scene_monitor]: Unable to transform object from frame 'mur620b/imu_link' to planning frame'base_footprint' (Could not find a connection between 'base_footprint' and 'mur620b/imu_link' because they are not part of the same tree.Tf has two or more unconnected trees.)
[WARN] [1779365159.407671794] [mur620a.moveit.moveit.ros.planning_scene_monitor]: Unable to transform object from frame 'mur620b/camera_color_frame' to planning frame'base_footprint' (Could not find a connection between 'base_footprint' and 'mur620b/camera_color_frame' because they are not part of the same tree.Tf has two or more unconnected trees.)
[WARN] [1779365159.407678627] [mur620a.moveit.moveit.ros.planning_scene_monitor]: Unable to transform object from frame 'mur620b/camera_link' to planning frame'base_footprint' (Could not find a connection between 'base_footprint' and 'mur620b/camera_link' because they are not part of the same tree.Tf has two or more unconnected trees.)
[WARN] [1779365159.407686667] [mur620a.moveit.moveit.ros.planning_scene_monitor]: Unable to transform object from frame 'mur620b/camera_color_optical_frame' to planning frame'base_footprint' (Could not find a connection between 'base_footprint' and 'mur620b/camera_color_optical_frame' because they are not part of the same tree.Tf has two or more unconnected trees.)
[WARN] [1779365159.407691418] [mur620a.moveit.moveit.ros.planning_scene_monitor]: Unable to transform object from frame 'mur620b/camera_depth_frame' to planning frame'base_footprint' (Could not find a connection between 'base_footprint' and 'mur620b/camera_depth_frame' because they are not part of the same tree.Tf has two or more unconnected trees.)
[WARN] [1779365159.407696240] [mur620a.moveit.moveit.ros.planning_scene_monitor]: Unable to transform object from frame 'mur620b/camera_depth_optical_frame' to planning frame'base_footprint' (Could not find a connection between 'base_footprint' and 'mur620b/camera_depth_optical_frame' because they are not part of the same tree.Tf has two or more unconnected trees.)
[WARN] [1779365159.407701294] [mur620a.moveit.moveit.ros.planning_scene_monitor]: Unable to transform object from frame 'mur620b/camera_infra1_frame' to planning frame'base_footprint' (Could not find a connection between 'base_footprint' and 'mur620b/camera_infra1_frame' because they are not part of the same tree.Tf has two or more unconnected trees.)
[WARN] [1779365159.407706222] [mur620a.moveit.moveit.ros.planning_scene_monitor]: Unable to transform object from frame 'mur620b/camera_infra1_optical_frame' to planning frame'base_footprint' (Could not find a connection between 'base_footprint' and 'mur620b/camera_infra1_optical_frame' because they are not part of the same tree.Tf has two or more unconnected trees.)
[WARN] [1779365159.407710863] [mur620a.moveit.moveit.ros.planning_scene_monitor]: Unable to transform object from frame 'mur620b/camera_infra2_frame' to planning frame'base_footprint' (Could not find a connection between 'base_footprint' and 'mur620b/camera_infra2_frame' because they are not part of the same tree.Tf has two or more unconnected trees.)
[WARN] [1779365159.407715906] [mur620a.moveit.moveit.ros.planning_scene_monitor]: Unable to transform object from frame 'mur620b/camera_infra2_optical_frame' to planning frame'base_footprint' (Could not find a connection between 'base_footprint' and 'mur620b/camera_infra2_optical_frame' because they are not part of the same tree.Tf has two or more unconnected trees.)
[WARN] [1779365159.407720777] [mur620a.moveit.moveit.ros.planning_scene_monitor]: Unable to transform object from frame 'mur620b/camera_bottom_screw_frame' to planning frame'base_footprint' (Could not find a connection between 'base_footprint' and 'mur620b/camera_bottom_screw_frame' because they are not part of the same tree.Tf has two or more unconnected trees.)
[WARN] [1779365159.407725165] [mur620a.moveit.moveit.ros.planning_scene_monitor]: Unable to transform object from frame 'mur620b/imu_frame' to planning frame'base_footprint' (Could not find a connection between 'base_footprint' and 'mur620b/imu_frame' because they are not part of the same tree.Tf has two or more unconnected trees.)
[WARN] [1779365159.407730036] [mur620a.moveit.moveit.ros.planning_scene_monitor]: Unable to transform object from frame 'mur620b/left_lift_bottom' to planning frame'base_footprint' (Could not find a connection between 'base_footprint' and 'mur620b/left_lift_bottom' because they are not part of the same tree.Tf has two or more unconnected trees.)
[WARN] [1779365159.407735074] [mur620a.moveit.moveit.ros.planning_scene_monitor]: Unable to transform object from frame 'mur620b/top_module' to planning frame'base_footprint' (Could not find a connection between 'base_footprint' and 'mur620b/top_module' because they are not part of the same tree.Tf has two or more unconnected trees.)
[WARN] [1779365159.407739582] [mur620a.moveit.moveit.ros.planning_scene_monitor]: Unable to transform object from frame 'mur620b/left_lift_top' to planning frame'base_footprint' (Could not find a connection between 'base_footprint' and 'mur620b/left_lift_top' because they are not part of the same tree.Tf has two or more unconnected trees.)
[WARN] [1779365159.407745508] [mur620a.moveit.moveit.ros.planning_scene_monitor]: Unable to transform object from frame 'mur620b/right_lift_top' to planning frame'base_footprint' (Could not find a connection between 'base_footprint' and 'mur620b/right_lift_top' because they are not part of the same tree.Tf has two or more unconnected trees.)
[WARN] [1779365159.407750001] [mur620a.moveit.moveit.ros.planning_scene_monitor]: Unable to transform object from frame 'mur620b/right_lift_bottom' to planning frame'base_footprint' (Could not find a connection between 'base_footprint' and 'mur620b/right_lift_bottom' because they are not part of the same tree.Tf has two or more unconnected trees.)
[WARN] [1779365159.407754498] [mur620a.moveit.moveit.ros.planning_scene_monitor]: Unable to transform object from frame 'mur620b/us_1_frame' to planning frame'base_footprint' (Could not find a connection between 'base_footprint' and 'mur620b/us_1_frame' because they are not part of the same tree.Tf has two or more unconnected trees.)
[WARN] [1779365159.407758944] [mur620a.moveit.moveit.ros.planning_scene_monitor]: Unable to transform object from frame 'mur620b/us_2_frame' to planning frame'base_footprint' (Could not find a connection between 'base_footprint' and 'mur620b/us_2_frame' because they are not part of the same tree.Tf has two or more unconnected trees.)
[WARN] [1779365159.440215892] [mur620a.moveit.moveit.ros.planning_scene_monitor]: Unable to transform object from frame 'mur620b/UR10_l/base_link' to planning frame'base_footprint' (Could not find a connection between 'base_footprint' and 'mur620b/UR10_l/base_link' because they are not part of the same tree.Tf has two or more unconnected trees.)
[WARN] [1779365159.440247728] [mur620a.moveit.moveit.ros.planning_scene_monitor]: Unable to transform object from frame 'mur620b/UR10_l/base_ideal' to planning frame'base_footprint' (Could not find a connection between 'base_footprint' and 'mur620b/UR10_l/base_ideal' because they are not part of the same tree.Tf has two or more unconnected trees.)
[WARN] [1779365159.440253488] [mur620a.moveit.moveit.ros.planning_scene_monitor]: Unable to transform object from frame 'mur620b/UR10_l/base' to planning frame'base_footprint' (Could not find a connection between 'base_footprint' and 'mur620b/UR10_l/base' because they are not part of the same tree.Tf has two or more unconnected trees.)
[WARN] [1779365159.440258476] [mur620a.moveit.moveit.ros.planning_scene_monitor]: Unable to transform object from frame 'mur620b/UR10_l/base_link_inertia' to planning frame'base_footprint' (Could not find a connection between 'base_footprint' and 'mur620b/UR10_l/base_link_inertia' because they are not part of the same tree.Tf has two or more unconnected trees.)
[WARN] [1779365159.440263312] [mur620a.moveit.moveit.ros.planning_scene_monitor]: Unable to transform object from frame 'mur620b/UR10_l/tool0' to planning frame'base_footprint' (Could not find a connection between 'base_footprint' and 'mur620b/UR10_l/tool0' because they are not part of the same tree.Tf has two or more unconnected trees.)
[WARN] [1779365159.440268125] [mur620a.moveit.moveit.ros.planning_scene_monitor]: Unable to transform object from frame 'mur620b/UR10_l/flange' to planning frame'base_footprint' (Could not find a connection between 'base_footprint' and 'mur620b/UR10_l/flange' because they are not part of the same tree.Tf has two or more unconnected trees.)
[WARN] [1779365159.440272544] [mur620a.moveit.moveit.ros.planning_scene_monitor]: Unable to transform object from frame 'mur620b/UR10_l/wrist_3_link' to planning frame'base_footprint' (Could not find a connection between 'base_footprint' and 'mur620b/UR10_l/wrist_3_link' because they are not part of the same tree.Tf has two or more unconnected trees.)
[WARN] [1779365159.440277152] [mur620a.moveit.moveit.ros.planning_scene_monitor]: Unable to transform object from frame 'mur620b/UR10_l/ft_frame' to planning frame'base_footprint' (Could not find a connection between 'base_footprint' and 'mur620b/UR10_l/ft_frame' because they are not part of the same tree.Tf has two or more unconnected trees.)
[WARN] [1779365159.440295128] [mur620a.moveit.moveit.ros.planning_scene_monitor]: Unable to transform object from frame 'mur620b/UR10_r/base_link' to planning frame'base_footprint' (Could not find a connection between 'base_footprint' and 'mur620b/UR10_r/base_link' because they are not part of the same tree.Tf has two or more unconnected trees.)
[WARN] [1779365159.440299556] [mur620a.moveit.moveit.ros.planning_scene_monitor]: Unable to transform object from frame 'mur620b/UR10_r/base_ideal' to planning frame'base_footprint' (Could not find a connection between 'base_footprint' and 'mur620b/UR10_r/base_ideal' because they are not part of the same tree.Tf has two or more unconnected trees.)
[WARN] [1779365159.440304089] [mur620a.moveit.moveit.ros.planning_scene_monitor]: Unable to transform object from frame 'mur620b/UR10_r/base' to planning frame'base_footprint' (Could not find a connection between 'base_footprint' and 'mur620b/UR10_r/base' because they are not part of the same tree.Tf has two or more unconnected trees.)
[WARN] [1779365159.440308642] [mur620a.moveit.moveit.ros.planning_scene_monitor]: Unable to transform object from frame 'mur620b/UR10_r/base_link_inertia' to planning frame'base_footprint' (Could not find a connection between 'base_footprint' and 'mur620b/UR10_r/base_link_inertia' because they are not part of the same tree.Tf has two or more unconnected trees.)
[WARN] [1779365159.440313230] [mur620a.moveit.moveit.ros.planning_scene_monitor]: Unable to transform object from frame 'mur620b/UR10_r/tool0' to planning frame'base_footprint' (Could not find a connection between 'base_footprint' and 'mur620b/UR10_r/tool0' because they are not part of the same tree.Tf has two or more unconnected trees.)
[WARN] [1779365159.440317720] [mur620a.moveit.moveit.ros.planning_scene_monitor]: Unable to transform object from frame 'mur620b/UR10_r/flange' to planning frame'base_footprint' (Could not find a connection between 'base_footprint' and 'mur620b/UR10_r/flange' because they are not part of the same tree.Tf has two or more unconnected trees.)
[WARN] [1779365159.440322311] [mur620a.moveit.moveit.ros.planning_scene_monitor]: Unable to transform object from frame 'mur620b/UR10_r/wrist_3_link' to planning frame'base_footprint' (Could not find a connection between 'base_footprint' and 'mur620b/UR10_r/wrist_3_link' because they are not part of the same tree.Tf has two or more unconnected trees.)
[WARN] [1779365159.440326727] [mur620a.moveit.moveit.ros.planning_scene_monitor]: Unable to transform object from frame 'mur620b/UR10_r/ft_frame' to planning frame'base_footprint' (Could not find a connection between 'base_footprint' and 'mur620b/UR10_r/ft_frame' because they are not part of the same tree.Tf has two or more unconnected trees.)
[WARN] [1779365159.440331013] [mur620a.moveit.moveit.ros.planning_scene_monitor]: Unable to transform object from frame 'mur620b/base_link' to planning frame'base_footprint' (Could not find a connection between 'base_footprint' and 'mur620b/base_link' because they are not part of the same tree.Tf has two or more unconnected trees.)
[WARN] [1779365159.440335322] [mur620a.moveit.moveit.ros.planning_scene_monitor]: Unable to transform object from frame 'mur620b/base_footprint' to planning frame'base_footprint' (Could not find a connection between 'base_footprint' and 'mur620b/base_footprint' because they are not part of the same tree.Tf has two or more unconnected trees.)
[WARN] [1779365159.440339777] [mur620a.moveit.moveit.ros.planning_scene_monitor]: Unable to transform object from frame 'mur620b/surface' to planning frame'base_footprint' (Could not find a connection between 'base_footprint' and 'mur620b/surface' because they are not part of the same tree.Tf has two or more unconnected trees.)
[WARN] [1779365159.440346039] [mur620a.moveit.moveit.ros.planning_scene_monitor]: Unable to transform object from frame 'mur620b/back_laser_link' to planning frame'base_footprint' (Could not find a connection between 'base_footprint' and 'mur620b/back_laser_link' because they are not part of the same tree.Tf has two or more unconnected trees.)
[WARN] [1779365159.440350719] [mur620a.moveit.moveit.ros.planning_scene_monitor]: Unable to transform object from frame 'mur620b/front_laser_link' to planning frame'base_footprint' (Could not find a connection between 'base_footprint' and 'mur620b/front_laser_link' because they are not part of the same tree.Tf has two or more unconnected trees.)
[WARN] [1779365159.440355191] [mur620a.moveit.moveit.ros.planning_scene_monitor]: Unable to transform object from frame 'mur620b/imu_link' to planning frame'base_footprint' (Could not find a connection between 'base_footprint' and 'mur620b/imu_link' because they are not part of the same tree.Tf has two or more unconnected trees.)
[WARN] [1779365159.440359690] [mur620a.moveit.moveit.ros.planning_scene_monitor]: Unable to transform object from frame 'mur620b/camera_color_frame' to planning frame'base_footprint' (Could not find a connection between 'base_footprint' and 'mur620b/camera_color_frame' because they are not part of the same tree.Tf has two or more unconnected trees.)
[WARN] [1779365159.440364097] [mur620a.moveit.moveit.ros.planning_scene_monitor]: Unable to transform object from frame 'mur620b/camera_link' to planning frame'base_footprint' (Could not find a connection between 'base_footprint' and 'mur620b/camera_link' because they are not part of the same tree.Tf has two or more unconnected trees.)
[WARN] [1779365159.440373750] [mur620a.moveit.moveit.ros.planning_scene_monitor]: Unable to transform object from frame 'mur620b/camera_color_optical_frame' to planning frame'base_footprint' (Could not find a connection between 'base_footprint' and 'mur620b/camera_color_optical_frame' because they are not part of the same tree.Tf has two or more unconnected trees.)
[WARN] [1779365159.440379030] [mur620a.moveit.moveit.ros.planning_scene_monitor]: Unable to transform object from frame 'mur620b/camera_depth_frame' to planning frame'base_footprint' (Could not find a connection between 'base_footprint' and 'mur620b/camera_depth_frame' because they are not part of the same tree.Tf has two or more unconnected trees.)
[WARN] [1779365159.440383449] [mur620a.moveit.moveit.ros.planning_scene_monitor]: Unable to transform object from frame 'mur620b/camera_depth_optical_frame' to planning frame'base_footprint' (Could not find a connection between 'base_footprint' and 'mur620b/camera_depth_optical_frame' because they are not part of the same tree.Tf has two or more unconnected trees.)
[WARN] [1779365159.440387951] [mur620a.moveit.moveit.ros.planning_scene_monitor]: Unable to transform object from frame 'mur620b/camera_infra1_frame' to planning frame'base_footprint' (Could not find a connection between 'base_footprint' and 'mur620b/camera_infra1_frame' because they are not part of the same tree.Tf has two or more unconnected trees.)
[WARN] [1779365159.440392387] [mur620a.moveit.moveit.ros.planning_scene_monitor]: Unable to transform object from frame 'mur620b/camera_infra1_optical_frame' to planning frame'base_footprint' (Could not find a connection between 'base_footprint' and 'mur620b/camera_infra1_optical_frame' because they are not part of the same tree.Tf has two or more unconnected trees.)
[WARN] [1779365159.440396892] [mur620a.moveit.moveit.ros.planning_scene_monitor]: Unable to transform object from frame 'mur620b/camera_infra2_frame' to planning frame'base_footprint' (Could not find a connection between 'base_footprint' and 'mur620b/camera_infra2_frame' because they are not part of the same tree.Tf has two or more unconnected trees.)
[WARN] [1779365159.440401272] [mur620a.moveit.moveit.ros.planning_scene_monitor]: Unable to transform object from frame 'mur620b/camera_infra2_optical_frame' to planning frame'base_footprint' (Could not find a connection between 'base_footprint' and 'mur620b/camera_infra2_optical_frame' because they are not part of the same tree.Tf has two or more unconnected trees.)
[WARN] [1779365159.440407559] [mur620a.moveit.moveit.ros.planning_scene_monitor]: Unable to transform object from frame 'mur620b/camera_bottom_screw_frame' to planning frame'base_footprint' (Could not find a connection between 'base_footprint' and 'mur620b/camera_bottom_screw_frame' because they are not part of the same tree.Tf has two or more unconnected trees.)
[WARN] [1779365159.440411941] [mur620a.moveit.moveit.ros.planning_scene_monitor]: Unable to transform object from frame 'mur620b/imu_frame' to planning frame'base_footprint' (Could not find a connection between 'base_footprint' and 'mur620b/imu_frame' because they are not part of the same tree.Tf has two or more unconnected trees.)
[WARN] [1779365159.440417130] [mur620a.moveit.moveit.ros.planning_scene_monitor]: Unable to transform object from frame 'mur620b/left_lift_bottom' to planning frame'base_footprint' (Could not find a connection between 'base_footprint' and 'mur620b/left_lift_bottom' because they are not part of the same tree.Tf has two or more unconnected trees.)
[WARN] [1779365159.440421466] [mur620a.moveit.moveit.ros.planning_scene_monitor]: Unable to transform object from frame 'mur620b/top_module' to planning frame'base_footprint' (Could not find a connection between 'base_footprint' and 'mur620b/top_module' because they are not part of the same tree.Tf has two or more unconnected trees.)
[WARN] [1779365159.440425723] [mur620a.moveit.moveit.ros.planning_scene_monitor]: Unable to transform object from frame 'mur620b/left_lift_top' to planning frame'base_footprint' (Could not find a connection between 'base_footprint' and 'mur620b/left_lift_top' because they are not part of the same tree.Tf has two or more unconnected trees.)
[WARN] [1779365159.440429885] [mur620a.moveit.moveit.ros.planning_scene_monitor]: Unable to transform object from frame 'mur620b/right_lift_top' to planning frame'base_footprint' (Could not find a connection between 'base_footprint' and 'mur620b/right_lift_top' because they are not part of the same tree.Tf has two or more unconnected trees.)
[WARN] [1779365159.440434199] [mur620a.moveit.moveit.ros.planning_scene_monitor]: Unable to transform object from frame 'mur620b/right_lift_bottom' to planning frame'base_footprint' (Could not find a connection between 'base_footprint' and 'mur620b/right_lift_bottom' because they are not part of the same tree.Tf has two or more unconnected trees.)
[WARN] [1779365159.440438528] [mur620a.moveit.moveit.ros.planning_scene_monitor]: Unable to transform object from frame 'mur620b/us_1_frame' to planning frame'base_footprint' (Could not find a connection between 'base_footprint' and 'mur620b/us_1_frame' because they are not part of the same tree.Tf has two or more unconnected trees.)
[WARN] [1779365159.440442853] [mur620a.moveit.moveit.ros.planning_scene_monitor]: Unable to transform object from frame 'mur620b/us_2_frame' to planning frame'base_footprint' (Could not find a connection between 'base_footprint' and 'mur620b/us_2_frame' because they are not part of the same tree.Tf has two or more unconnected trees.)
[WARN] [1779365181.489431798] [mur620a.moveit.moveit.ros.planning_scene_monitor]: Unable to transform object from frame 'mur620b/UR10_l/base_link' to planning frame'base_footprint' (Could not find a connection between 'base_footprint' and 'mur620b/UR10_l/base_link' because they are not part of the same tree.Tf has two or more unconnected trees.)
[WARN] [1779365181.489489995] [mur620a.moveit.moveit.ros.planning_scene_monitor]: Unable to transform object from frame 'mur620b/UR10_l/base_ideal' to planning frame'base_footprint' (Could not find a connection between 'base_footprint' and 'mur620b/UR10_l/base_ideal' because they are not part of the same tree.Tf has two or more unconnected trees.)
[WARN] [1779365181.489498392] [mur620a.moveit.moveit.ros.planning_scene_monitor]: Unable to transform object from frame 'mur620b/UR10_l/base' to planning frame'base_footprint' (Could not find a connection between 'base_footprint' and 'mur620b/UR10_l/base' because they are not part of the same tree.Tf has two or more unconnected trees.)
[WARN] [1779365181.489504588] [mur620a.moveit.moveit.ros.planning_scene_monitor]: Unable to transform object from frame 'mur620b/UR10_l/base_link_inertia' to planning frame'base_footprint' (Could not find a connection between 'base_footprint' and 'mur620b/UR10_l/base_link_inertia' because they are not part of the same tree.Tf has two or more unconnected trees.)
[WARN] [1779365181.489511420] [mur620a.moveit.moveit.ros.planning_scene_monitor]: Unable to transform object from frame 'mur620b/UR10_l/tool0' to planning frame'base_footprint' (Could not find a connection between 'base_footprint' and 'mur620b/UR10_l/tool0' because they are not part of the same tree.Tf has two or more unconnected trees.)
[WARN] [1779365181.489517769] [mur620a.moveit.moveit.ros.planning_scene_monitor]: Unable to transform object from frame 'mur620b/UR10_l/flange' to planning frame'base_footprint' (Could not find a connection between 'base_footprint' and 'mur620b/UR10_l/flange' because they are not part of the same tree.Tf has two or more unconnected trees.)
[WARN] [1779365181.489525077] [mur620a.moveit.moveit.ros.planning_scene_monitor]: Unable to transform object from frame 'mur620b/UR10_l/wrist_3_link' to planning frame'base_footprint' (Could not find a connection between 'base_footprint' and 'mur620b/UR10_l/wrist_3_link' because they are not part of the same tree.Tf has two or more unconnected trees.)
[WARN] [1779365181.489531728] [mur620a.moveit.moveit.ros.planning_scene_monitor]: Unable to transform object from frame 'mur620b/UR10_l/ft_frame' to planning frame'base_footprint' (Could not find a connection between 'base_footprint' and 'mur620b/UR10_l/ft_frame' because they are not part of the same tree.Tf has two or more unconnected trees.)
[WARN] [1779365181.489537766] [mur620a.moveit.moveit.ros.planning_scene_monitor]: Unable to transform object from frame 'mur620b/UR10_r/base_link' to planning frame'base_footprint' (Could not find a connection between 'base_footprint' and 'mur620b/UR10_r/base_link' because they are not part of the same tree.Tf has two or more unconnected trees.)
[WARN] [1779365181.489544151] [mur620a.moveit.moveit.ros.planning_scene_monitor]: Unable to transform object from frame 'mur620b/UR10_r/base_ideal' to planning frame'base_footprint' (Could not find a connection between 'base_footprint' and 'mur620b/UR10_r/base_ideal' because they are not part of the same tree.Tf has two or more unconnected trees.)
[WARN] [1779365181.489550043] [mur620a.moveit.moveit.ros.planning_scene_monitor]: Unable to transform object from frame 'mur620b/UR10_r/base' to planning frame'base_footprint' (Could not find a connection between 'base_footprint' and 'mur620b/UR10_r/base' because they are not part of the same tree.Tf has two or more unconnected trees.)
[WARN] [1779365181.489557017] [mur620a.moveit.moveit.ros.planning_scene_monitor]: Unable to transform object from frame 'mur620b/UR10_r/base_link_inertia' to planning frame'base_footprint' (Could not find a connection between 'base_footprint' and 'mur620b/UR10_r/base_link_inertia' because they are not part of the same tree.Tf has two or more unconnected trees.)
[WARN] [1779365181.490217397] [mur620a.moveit.moveit.ros.planning_scene_monitor]: Unable to transform object from frame 'mur620b/UR10_r/tool0' to planning frame'base_footprint' (Could not find a connection between 'base_footprint' and 'mur620b/UR10_r/tool0' because they are not part of the same tree.Tf has two or more unconnected trees.)
[WARN] [1779365181.490250511] [mur620a.moveit.moveit.ros.planning_scene_monitor]: Unable to transform object from frame 'mur620b/UR10_r/flange' to planning frame'base_footprint' (Could not find a connection between 'base_footprint' and 'mur620b/UR10_r/flange' because they are not part of the same tree.Tf has two or more unconnected trees.)
[WARN] [1779365181.490257514] [mur620a.moveit.moveit.ros.planning_scene_monitor]: Unable to transform object from frame 'mur620b/UR10_r/wrist_3_link' to planning frame'base_footprint' (Could not find a connection between 'base_footprint' and 'mur620b/UR10_r/wrist_3_link' because they are not part of the same tree.Tf has two or more unconnected trees.)
[WARN] [1779365181.490263946] [mur620a.moveit.moveit.ros.planning_scene_monitor]: Unable to transform object from frame 'mur620b/UR10_r/ft_frame' to planning frame'base_footprint' (Could not find a connection between 'base_footprint' and 'mur620b/UR10_r/ft_frame' because they are not part of the same tree.Tf has two or more unconnected trees.)
[WARN] [1779365181.490270224] [mur620a.moveit.moveit.ros.planning_scene_monitor]: Unable to transform object from frame 'mur620b/base_link' to planning frame'base_footprint' (Could not find a connection between 'base_footprint' and 'mur620b/base_link' because they are not part of the same tree.Tf has two or more unconnected trees.)
[WARN] [1779365181.490276295] [mur620a.moveit.moveit.ros.planning_scene_monitor]: Unable to transform object from frame 'mur620b/base_footprint' to planning frame'base_footprint' (Could not find a connection between 'base_footprint' and 'mur620b/base_footprint' because they are not part of the same tree.Tf has two or more unconnected trees.)
[WARN] [1779365181.490282496] [mur620a.moveit.moveit.ros.planning_scene_monitor]: Unable to transform object from frame 'mur620b/surface' to planning frame'base_footprint' (Could not find a connection between 'base_footprint' and 'mur620b/surface' because they are not part of the same tree.Tf has two or more unconnected trees.)
[WARN] [1779365181.490288661] [mur620a.moveit.moveit.ros.planning_scene_monitor]: Unable to transform object from frame 'mur620b/back_laser_link' to planning frame'base_footprint' (Could not find a connection between 'base_footprint' and 'mur620b/back_laser_link' because they are not part of the same tree.Tf has two or more unconnected trees.)
[WARN] [1779365181.490294826] [mur620a.moveit.moveit.ros.planning_scene_monitor]: Unable to transform object from frame 'mur620b/front_laser_link' to planning frame'base_footprint' (Could not find a connection between 'base_footprint' and 'mur620b/front_laser_link' because they are not part of the same tree.Tf has two or more unconnected trees.)
[WARN] [1779365181.490301349] [mur620a.moveit.moveit.ros.planning_scene_monitor]: Unable to transform object from frame 'mur620b/imu_link' to planning frame'base_footprint' (Could not find a connection between 'base_footprint' and 'mur620b/imu_link' because they are not part of the same tree.Tf has two or more unconnected trees.)
[WARN] [1779365181.490308157] [mur620a.moveit.moveit.ros.planning_scene_monitor]: Unable to transform object from frame 'mur620b/camera_color_frame' to planning frame'base_footprint' (Could not find a connection between 'base_footprint' and 'mur620b/camera_color_frame' because they are not part of the same tree.Tf has two or more unconnected trees.)
[WARN] [1779365181.490314370] [mur620a.moveit.moveit.ros.planning_scene_monitor]: Unable to transform object from frame 'mur620b/camera_link' to planning frame'base_footprint' (Could not find a connection between 'base_footprint' and 'mur620b/camera_link' because they are not part of the same tree.Tf has two or more unconnected trees.)
[WARN] [1779365181.490332395] [mur620a.moveit.moveit.ros.planning_scene_monitor]: Unable to transform object from frame 'mur620b/camera_color_optical_frame' to planning frame'base_footprint' (Could not find a connection between 'base_footprint' and 'mur620b/camera_color_optical_frame' because they are not part of the same tree.Tf has two or more unconnected trees.)
[WARN] [1779365181.490339354] [mur620a.moveit.moveit.ros.planning_scene_monitor]: Unable to transform object from frame 'mur620b/camera_depth_frame' to planning frame'base_footprint' (Could not find a connection between 'base_footprint' and 'mur620b/camera_depth_frame' because they are not part of the same tree.Tf has two or more unconnected trees.)
[WARN] [1779365181.490345996] [mur620a.moveit.moveit.ros.planning_scene_monitor]: Unable to transform object from frame 'mur620b/camera_depth_optical_frame' to planning frame'base_footprint' (Could not find a connection between 'base_footprint' and 'mur620b/camera_depth_optical_frame' because they are not part of the same tree.Tf has two or more unconnected trees.)
[WARN] [1779365181.490354677] [mur620a.moveit.moveit.ros.planning_scene_monitor]: Unable to transform object from frame 'mur620b/camera_infra1_frame' to planning frame'base_footprint' (Could not find a connection between 'base_footprint' and 'mur620b/camera_infra1_frame' because they are not part of the same tree.Tf has two or more unconnected trees.)
[WARN] [1779365181.490361290] [mur620a.moveit.moveit.ros.planning_scene_monitor]: Unable to transform object from frame 'mur620b/camera_infra1_optical_frame' to planning frame'base_footprint' (Could not find a connection between 'base_footprint' and 'mur620b/camera_infra1_optical_frame' because they are not part of the same tree.Tf has two or more unconnected trees.)
[WARN] [1779365181.490372652] [mur620a.moveit.moveit.ros.planning_scene_monitor]: Unable to transform object from frame 'mur620b/camera_infra2_frame' to planning frame'base_footprint' (Could not find a connection between 'base_footprint' and 'mur620b/camera_infra2_frame' because they are not part of the same tree.Tf has two or more unconnected trees.)
[WARN] [1779365181.490379081] [mur620a.moveit.moveit.ros.planning_scene_monitor]: Unable to transform object from frame 'mur620b/camera_infra2_optical_frame' to planning frame'base_footprint' (Could not find a connection between 'base_footprint' and 'mur620b/camera_infra2_optical_frame' because they are not part of the same tree.Tf has two or more unconnected trees.)
[WARN] [1779365181.490385416] [mur620a.moveit.moveit.ros.planning_scene_monitor]: Unable to transform object from frame 'mur620b/camera_bottom_screw_frame' to planning frame'base_footprint' (Could not find a connection between 'base_footprint' and 'mur620b/camera_bottom_screw_frame' because they are not part of the same tree.Tf has two or more unconnected trees.)
[WARN] [1779365181.490391974] [mur620a.moveit.moveit.ros.planning_scene_monitor]: Unable to transform object from frame 'mur620b/imu_frame' to planning frame'base_footprint' (Could not find a connection between 'base_footprint' and 'mur620b/imu_frame' because they are not part of the same tree.Tf has two or more unconnected trees.)
[WARN] [1779365181.490398108] [mur620a.moveit.moveit.ros.planning_scene_monitor]: Unable to transform object from frame 'mur620b/left_lift_bottom' to planning frame'base_footprint' (Could not find a connection between 'base_footprint' and 'mur620b/left_lift_bottom' because they are not part of the same tree.Tf has two or more unconnected trees.)
[WARN] [1779365181.490404423] [mur620a.moveit.moveit.ros.planning_scene_monitor]: Unable to transform object from frame 'mur620b/top_module' to planning frame'base_footprint' (Could not find a connection between 'base_footprint' and 'mur620b/top_module' because they are not part of the same tree.Tf has two or more unconnected trees.)
[WARN] [1779365181.490410615] [mur620a.moveit.moveit.ros.planning_scene_monitor]: Unable to transform object from frame 'mur620b/left_lift_top' to planning frame'base_footprint' (Could not find a connection between 'base_footprint' and 'mur620b/left_lift_top' because they are not part of the same tree.Tf has two or more unconnected trees.)
[WARN] [1779365181.490422814] [mur620a.moveit.moveit.ros.planning_scene_monitor]: Unable to transform object from frame 'mur620b/right_lift_top' to planning frame'base_footprint' (Could not find a connection between 'base_footprint' and 'mur620b/right_lift_top' because they are not part of the same tree.Tf has two or more unconnected trees.)
[WARN] [1779365181.490429005] [mur620a.moveit.moveit.ros.planning_scene_monitor]: Unable to transform object from frame 'mur620b/right_lift_bottom' to planning frame'base_footprint' (Could not find a connection between 'base_footprint' and 'mur620b/right_lift_bottom' because they are not part of the same tree.Tf has two or more unconnected trees.)
[WARN] [1779365181.490434666] [mur620a.moveit.moveit.ros.planning_scene_monitor]: Unable to transform object from frame 'mur620b/us_1_frame' to planning frame'base_footprint' (Could not find a connection between 'base_footprint' and 'mur620b/us_1_frame' because they are not part of the same tree.Tf has two or more unconnected trees.)
[WARN] [1779365181.490441096] [mur620a.moveit.moveit.ros.planning_scene_monitor]: Unable to transform object from frame 'mur620b/us_2_frame' to planning frame'base_footprint' (Could not find a connection between 'base_footprint' and 'mur620b/us_2_frame' because they are not part of the same tree.Tf has two or more unconnected trees.)
[WARN] [1779365181.490449279] [mur620a.moveit.moveit.ros.planning_scene_monitor]: Unable to transform object from frame 'mur620b/odom' to planning frame'base_footprint' (Could not find a connection between 'base_footprint' and 'mur620b/odom' because they are not part of the same tree.Tf has two or more unconnected trees.)
[INFO] [1779365355.473908036] [rclcpp]: signal_handler(SIGINT/SIGTERM)
---- /home/rosmatch/.ros/log/move_group_927787_1779365153077.log
[INFO] [1779365153.729007920] [mur620b.moveit.moveit.ros.rdf_loader]: Loaded robot model in 0 seconds
[INFO] [1779365153.729074559] [mur620b.moveit.moveit.core.robot_model]: Loading robot model 'mur620'...
[INFO] [1779365154.294118278] [mur620b.moveit.moveit.kinematics.kdl_kinematics_plugin]: Joint weights for group 'UR_arm_l': 1 1 1 1 1 1
[INFO] [1779365154.294501525] [mur620b.moveit.moveit.kinematics.kdl_kinematics_plugin]: Joint weights for group 'UR_arm_r': 1 1 1 1 1 1
[INFO] [1779365154.294863671] [mur620b.moveit.moveit.kinematics.kdl_kinematics_plugin]: Joint weights for group 'UR_arm_lift_l': 1 1 1 1 1 1 1
[INFO] [1779365154.295082200] [mur620b.moveit.moveit.kinematics.kdl_kinematics_plugin]: Joint weights for group 'UR_arm_lift_r': 1 1 1 1 1 1 1
[INFO] [1779365155.575248758] [mur620b.moveit.moveit.ros.planning_scene_monitor]: Publishing maintained planning scene on 'monitored_planning_scene'
[INFO] [1779365155.575411248] [mur620b.moveit.moveit.ros.moveit_cpp]: Listening to 'joint_states' for joint states
[INFO] [1779365155.576944893] [mur620b.moveit.moveit.ros.current_state_monitor]: Listening to joint states on topic 'joint_states'
[INFO] [1779365155.582456342] [mur620b.moveit.moveit.ros.planning_scene_monitor]: Listening to '/mur620b/attached_collision_object' for attached collision objects
[INFO] [1779365155.582488356] [mur620b.moveit.moveit.ros.planning_scene_monitor]: Stopping existing planning scene publisher.
[INFO] [1779365155.582698959] [mur620b.moveit.moveit.ros.planning_scene_monitor]: Stopped publishing maintained planning scene.
[INFO] [1779365155.583671911] [mur620b.moveit.moveit.ros.planning_scene_monitor]: Publishing maintained planning scene on 'monitored_planning_scene'
[INFO] [1779365155.583782652] [mur620b.moveit.moveit.ros.planning_scene_monitor]: Starting planning scene monitor
[INFO] [1779365155.585207965] [mur620b.moveit.moveit.ros.planning_scene_monitor]: Listening to '/mur620b/planning_scene'
[INFO] [1779365155.585233587] [mur620b.moveit.moveit.ros.planning_scene_monitor]: Starting world geometry update monitor for collision objects, attached objects, octomap updates.
[INFO] [1779365155.586569737] [mur620b.moveit.moveit.ros.planning_scene_monitor]: Listening to 'collision_object'
[INFO] [1779365155.587270225] [mur620b.moveit.moveit.ros.planning_scene_monitor]: Listening to 'planning_scene_world' for planning scene world geometry
[WARN] [1779365155.587419053] [mur620b.moveit.moveit.ros.occupancy_map_monitor]: Resolution not specified for Octomap. Assuming resolution = 0.1 instead
[ERROR] [1779365155.587429798] [mur620b.moveit.moveit.ros.occupancy_map_monitor]: No 3D sensor plugin(s) defined for octomap updates
[INFO] [1779365159.659458277] [mur620b.moveit.moveit.ros.planning_pipeline]: Successfully loaded planner 'OMPL'
[INFO] [1779365159.660215569] [mur620b.move_group]: Try loading adapter 'default_planning_request_adapters/ResolveConstraintFrames'
[INFO] [1779365159.660944597] [mur620b.move_group]: Loaded adapter 'default_planning_request_adapters/ResolveConstraintFrames'
[INFO] [1779365159.660964362] [mur620b.move_group]: Try loading adapter 'default_planning_request_adapters/ValidateWorkspaceBounds'
[INFO] [1779365159.661326864] [mur620b.move_group]: Loaded adapter 'default_planning_request_adapters/ValidateWorkspaceBounds'
[INFO] [1779365159.661340819] [mur620b.move_group]: Try loading adapter 'default_planning_request_adapters/CheckStartStateBounds'
[INFO] [1779365159.661366377] [mur620b.move_group]: Loaded adapter 'default_planning_request_adapters/CheckStartStateBounds'
[INFO] [1779365159.661374851] [mur620b.move_group]: Try loading adapter 'default_planning_request_adapters/CheckStartStateCollision'
[INFO] [1779365159.661383958] [mur620b.move_group]: Loaded adapter 'default_planning_request_adapters/CheckStartStateCollision'
[INFO] [1779365159.662103579] [mur620b.move_group]: Try loading adapter 'default_planning_response_adapters/AddTimeOptimalParameterization'
[INFO] [1779365159.663907430] [mur620b.move_group]: Loaded adapter 'default_planning_response_adapters/AddTimeOptimalParameterization'
[INFO] [1779365159.663935755] [mur620b.move_group]: Try loading adapter 'default_planning_response_adapters/ValidateSolution'
[INFO] [1779365159.667078330] [mur620b.move_group]: Loaded adapter 'default_planning_response_adapters/ValidateSolution'
[INFO] [1779365159.667115163] [mur620b.move_group]: Try loading adapter 'default_planning_response_adapters/DisplayMotionPath'
[INFO] [1779365159.668690521] [mur620b.move_group]: Loaded adapter 'default_planning_response_adapters/DisplayMotionPath'
[INFO] [1779365159.766817713] [mur620b.moveit.moveit.plugins.simple_controller_manager]: Added FollowJointTrajectory controller for /mur620b/moveit_joint_trajectory_controller_l
[INFO] [1779365159.773404648] [mur620b.moveit.moveit.plugins.simple_controller_manager]: Added FollowJointTrajectory controller for /mur620b/moveit_joint_trajectory_controller_r
[INFO] [1779365159.778805969] [mur620b.moveit.moveit.plugins.simple_controller_manager]: Added FollowJointTrajectory controller for /mur620b/moveit_joint_trajectory_controller_lift_l
[INFO] [1779365159.784644428] [mur620b.moveit.moveit.plugins.simple_controller_manager]: Added FollowJointTrajectory controller for /mur620b/moveit_joint_trajectory_controller_lift_r
[INFO] [1779365159.784901190] [mur620b.moveit.moveit.plugins.simple_controller_manager]: Returned 4 controllers in list
[INFO] [1779365159.784942970] [mur620b.moveit.moveit.plugins.simple_controller_manager]: Returned 4 controllers in list
[INFO] [1779365159.785967073] [mur620b.moveit.moveit.ros.trajectory_execution_manager]: Trajectory execution is managing controllers
[INFO] [1779365159.785998537] [mur620b.move_group]: MoveGroup debug mode is ON
[INFO] [1779365159.826825281] [mur620b.moveit.moveit.ros.move_group.executable]: 

********************************************************
* MoveGroup using: 
*     - apply_planning_scene_service
*     - clear_octomap_service
*     - get_group_urdf
*     - load_geometry_from_file
*     - CartesianPathService
*     - execute_trajectory_action
*     - get_planning_scene_service
*     - kinematics_service
*     - move_action
*     - motion_plan_service
*     - query_planners_service
*     - state_validation_service
*     - save_geometry_to_file
********************************************************

[INFO] [1779365159.826868926] [mur620b.moveit.moveit.ros.move_group.context]: MoveGroup context using pipeline ompl
[INFO] [1779365159.826875438] [mur620b.moveit.moveit.ros.move_group.context]: MoveGroup context initialization complete
[INFO] [1779365355.464296281] [rclcpp]: signal_handler(SIGINT/SIGTERM)
---- /home/rosmatch/.ros/log/map_server_925343_1779365138372.log
[INFO] [1779365138.381203197] [map_server]: 
	map_server lifecycle node launched. 
	Waiting on external lifecycle transitions to activate
	See https://design.ros2.org/articles/node_lifecycle.html for more information.
[INFO] [1779365138.381246529] [map_server]: Creating
[INFO] [1779365138.566530811] [map_server]: Configuring
[INFO] [1779365138.566567194] [map_io]: Loading yaml file: /home/rosmatch/colcon_ws/install/mir_gazebo/share/mir_gazebo/maps/scale.yaml
[INFO] [1779365138.566712977] [map_io]: resolution: 0.05
[INFO] [1779365138.566717531] [map_io]: origin[0]: 0
[INFO] [1779365138.566719476] [map_io]: origin[1]: 0
[INFO] [1779365138.566720786] [map_io]: origin[2]: 0
[INFO] [1779365138.566722366] [map_io]: free_thresh: 0.196
[INFO] [1779365138.566723794] [map_io]: occupied_thresh: 0.65
[INFO] [1779365138.566725724] [map_io]: mode: trinary
[INFO] [1779365138.566727608] [map_io]: negate: 0
[INFO] [1779365138.566814990] [map_io]: Loading image_file: /home/rosmatch/colcon_ws/install/mir_gazebo/share/mir_gazebo/maps/scale.pgm
[INFO] [1779365138.595139210] [map_io]: Read map /home/rosmatch/colcon_ws/install/mir_gazebo/share/mir_gazebo/maps/scale.pgm: 1626 X 2140 map @ 0.05 m/cell
[INFO] [1779365138.600955250] [map_server]: Activating
[INFO] [1779365138.603062258] [map_server]: Creating bond (map_server) to lifecycle manager.
[INFO] [1779365355.468477537] [rclcpp]: signal_handler(SIGINT/SIGTERM)
[INFO] [1779365355.468576834] [map_server]: Running Nav2 LifecycleNode rcl preshutdown (map_server)
[INFO] [1779365355.468648989] [map_server]: Deactivating
[INFO] [1779365355.468666183] [map_server]: Destroying bond (map_server) to lifecycle manager.
[INFO] [1779365355.488019926] [map_server]: Cleaning up
[INFO] [1779365355.488069281] [map_server]: Destroying bond (map_server) to lifecycle manager.
---- /home/rosmatch/.ros/log/gz_ground_truth_publisher_925480_1779365138891.log
[INFO] [1779365138.908981495] [mur620a_ground_truth]: Publishing ground truth from Gazebo topic '/world/scale/pose/info' for model 'mur620a'
[INFO] [1779365355.464561758] [rclcpp]: signal_handler(SIGINT/SIGTERM)

== RViz Checks ==
For namespace mur620a, MotionPlanning should use:
  Move Group Namespace: mur620a
  Planning Scene Topic: /mur620a/monitored_planning_scene
  Robot Description: robot_description
  Planned Path Trajectory Topic: /mur620a/display_planned_path
For namespace mur620b, MotionPlanning should use:
  Move Group Namespace: mur620b
  Planning Scene Topic: /mur620b/monitored_planning_scene
  Robot Description: robot_description
  Planned Path Trajectory Topic: /mur620b/display_planned_path

== Done ==
Diagnostic log written to: /home/rosmatch/colcon_ws/src/match_mobile_robotics_jazzy/logs/check_multi_mur620_moveit_20260521_141446.log
